,month,temp_avg,temp_max,temp_min,region,short_description,latitude,longitude,Services voyage (% exports de services),Accès électricité (% pop),Densité de population (hab/km²),Pop. dans grandes agglomérations (%),Accès Internet (% pop),PIB par habitant (USD),Accès eau potable (% pop),Médecins (pour 1000 habitants),Dépenses santé par habitant (USD),Pauvreté < 3$/jour (% pop),Pauvreté seuil national (% pop),Revenu 40% les plus pauvres ($/jour),Revenu moyen par habitant ($/jour),Espérance de vie (années),Population rurale (% total),Population urbaine (% total),Arrivées touristes internationaux (nb),Départs touristes internationaux (nb),Recettes tourisme (USD),Recettes tourisme (% exportations),Recettes voyages touristiques (USD),Dépenses tourisme (USD),city,nature,patrimoine,culture,restaurant,nightlife,loisirs,country
0,1,28.7,33.3,25.8,africa,"Lively streets filled with vibrant markets, rhythmic music, and the aroma of spicy street food create a captivating and energetic atmosphere.",5.5571096,-0.2012376,11.9662073422835,89.5,148.49676310689,19.0254746120166,69.9445,2383.90410483418,88.8910495956232,0.266,70.25730896,39.0,23.4,1.81,5.07,65.498,42.1925262225346,57.8074737774654,897000.0,1070000.0,191000000.0,0.865150905271818,110000000.0,946000000.0,Accra,0.04,0.88,0.15,0.36,0.99,0.69,ghana
22,10,27.3,31.1,24.4,africa,"Lively streets filled with vibrant markets, rhythmic music, and the aroma of spicy street food create a captivating and energetic atmosphere.",5.5571096,-0.2012376,11.9662073422835,89.5,148.49676310689,19.0254746120166,69.9445,2383.90410483418,88.8910495956232,0.266,70.25730896,39.0,23.4,1.81,5.07,65.498,42.1925262225346,57.8074737774654,897000.0,1070000.0,191000000.0,0.865150905271818,110000000.0,946000000.0,Accra,0.04,0.88,0.15,0.36,0.99,0.69,ghana
44,11,28.4,32.4,25.2,africa,"Lively streets filled with vibrant markets, rhythmic music, and the aroma of spicy street food create a captivating and energetic atmosphere.",5.5571096,-0.2012376,11.9662073422835,89.5,148.49676310689,19.0254746120166,69.9445,2383.90410483418,88.8910495956232,0.266,70.25730896,39.0,23.4,1.81,5.07,65.498,42.1925262225346,57.8074737774654,897000.0,1070000.0,191000000.0,0.865150905271818,110000000.0,946000000.0,Accra,0.04,0.88,0.15,0.36,0.99,0.69,ghana
66,12,28.8,33.2,25.7,africa,"Lively streets filled with vibrant markets, rhythmic music, and the aroma of spicy street food create a captivating and energetic atmosphere.",5.5571096,-0.2012376,11.9662073422835,89.5,148.49676310689,19.0254746120166,69.9445,2383.90410483418,88.8910495956232,0.266,70.25730896,39.0,23.4,1.81,5.07,65.498,42.1925262225346,57.8074737774654,897000.0,1070000.0,191000000.0,0.865150905271818,110000000.0,946000000.0,Accra,0.04,0.88,0.15,0.36,0.99,0.69,ghana
88,2,29.1,33.6,26.3,africa,"Lively streets filled with vibrant markets, rhythmic music, and the aroma of spicy street food create a captivating and energetic atmosphere.",5.5571096,-0.2012376,11.9662073422835,89.5,148.49676310689,19.0254746120166,69.9445,2383.90410483418,88.8910495956232,0.266,70.25730896,39.0,23.4,1.81,5.07,65.498,42.1925262225346,57.8074737774654,897000.0,1070000.0,191000000.0,0.865150905271818,110000000.0,946000000.0,Accra,0.04,0.88,0.15,0.36,0.99,0.69,ghana
110,3,29.2,33.3,26.2,africa,"Lively streets filled with vibrant markets, rhythmic music, and the aroma of spicy street food create a captivating and energetic atmosphere.",5.5571096,-0.2012376,11.9662073422835,89.5,148.49676310689,19.0254746120166,69.9445,2383.90410483418,88.8910495956232,0.266,70.25730896,39.0,23.4,1.81,5.07,65.498,42.1925262225346,57.8074737774654,897000.0,1070000.0,191000000.0,0.865150905271818,110000000.0,946000000.0,Accra,0.04,0.88,0.15,0.36,0.99,0.69,ghana
132,4,29.1,33.1,25.9,africa,"Lively streets filled with vibrant markets, rhythmic music, and the aroma of spicy street food create a captivating and energetic atmosphere.",5.5571096,-0.2012376,11.9662073422835,89.5,148.49676310689,19.0254746120166,69.9445,2383.90410483418,88.8910495956232,0.266,70.25730896,39.0,23.4,1.81,5.07,65.498,42.1925262225346,57.8074737774654,897000.0,1070000.0,191000000.0,0.865150905271818,110000000.0,946000000.0,Accra,0.04,0.88,0.15,0.36,0.99,0.69,ghana
154,5,28.5,32.6,25.3,africa,"Lively streets filled with vibrant markets, rhythmic music, and the aroma of spicy street food create a captivating and energetic atmosphere.",5.5571096,-0.2012376,11.9662073422835,89.5,148.49676310689,19.0254746120166,69.9445,2383.90410483418,88.8910495956232,0.266,70.25730896,39.0,23.4,1.81,5.07,65.498,42.1925262225346,57.8074737774654,897000.0,1070000.0,191000000.0,0.865150905271818,110000000.0,946000000.0,Accra,0.04,0.88,0.15,0.36,0.99,0.69,ghana
176,6,27.0,30.6,24.4,africa,"Lively streets filled with vibrant markets, rhythmic music, and the aroma of spicy street food create a captivating and energetic atmosphere.",5.5571096,-0.2012376,11.9662073422835,89.5,148.49676310689,19.0254746120166,69.9445,2383.90410483418,88.8910495956232,0.266,70.25730896,39.0,23.4,1.81,5.07,65.498,42.1925262225346,57.8074737774654,897000.0,1070000.0,191000000.0,0.865150905271818,110000000.0,946000000.0,Accra,0.04,0.88,0.15,0.36,0.99,0.69,ghana
198,7,26.1,29.3,24.2,africa,"Lively streets filled with vibrant markets, rhythmic music, and the aroma of spicy street food create a captivating and energetic atmosphere.",5.5571096,-0.2012376,11.9662073422835,89.5,148.49676310689,19.0254746120166,69.9445,2383.90410483418,88.8910495956232,0.266,70.25730896,39.0,23.4,1.81,5.07,65.498,42.1925262225346,57.8074737774654,897000.0,1070000.0,191000000.0,0.865150905271818,110000000.0,946000000.0,Accra,0.04,0.88,0.15,0.36,0.99,0.69,ghana
220,8,25.8,28.8,23.6,africa,"Lively streets filled with vibrant markets, rhythmic music, and the aroma of spicy street food create a captivating and energetic atmosphere.",5.5571096,-0.2012376,11.9662073422835,89.5,148.49676310689,19.0254746120166,69.9445,2383.90410483418,88.8910495956232,0.266,70.25730896,39.0,23.4,1.81,5.07,65.498,42.1925262225346,57.8074737774654,897000.0,1070000.0,191000000.0,0.865150905271818,110000000.0,946000000.0,Accra,0.04,0.88,0.15,0.36,0.99,0.69,ghana
242,9,26.2,29.8,24.0,africa,"Lively streets filled with vibrant markets, rhythmic music, and the aroma of spicy street food create a captivating and energetic atmosphere.",5.5571096,-0.2012376,11.9662073422835,89.5,148.49676310689,19.0254746120166,69.9445,2383.90410483418,88.8910495956232,0.266,70.25730896,39.0,23.4,1.81,5.07,65.498,42.1925262225346,57.8074737774654,897000.0,1070000.0,191000000.0,0.865150905271818,110000000.0,946000000.0,Accra,0.04,0.88,0.15,0.36,0.99,0.69,ghana
264,1,9.6,14.8,5.3,europe,"Nestled between mountains and sea, this charming coastal town offers sunlit streets, vibrant markets, and a rich tapestry of history and culture.",41.9263991,8.7376029,19.0414647963516,100.0,126.862020595603,22.927852668258,86.8364,44700.1384177544,100.0,3.281,5149.0546875,0.1,15.6,34.41,66.8,82.9292682926829,21.2195676873453,78.7804323126547,117109000.0,21287000.0,35958000000.0,4.80404188740469,32646000000.0,31193000000.0,Ajaccio,0.05,0.08,0.04,0.07,0.08,0.26,france
286,10,18.0,23.7,13.1,europe,"Nestled between mountains and sea, this charming coastal town offers sunlit streets, vibrant markets, and a rich tapestry of history and culture.",41.9263991,8.7376029,19.0414647963516,100.0,126.862020595603,22.927852668258,86.8364,44700.1384177544,100.0,3.281,5149.0546875,0.1,15.6,34.41,66.8,82.9292682926829,21.2195676873453,78.7804323126547,117109000.0,21287000.0,35958000000.0,4.80404188740469,32646000000.0,31193000000.0,Ajaccio,0.05,0.08,0.04,0.07,0.08,0.26,france
308,11,13.6,19.0,9.3,europe,"Nestled between mountains and sea, this charming coastal town offers sunlit streets, vibrant markets, and a rich tapestry of history and culture.",41.9263991,8.7376029,19.0414647963516,100.0,126.862020595603,22.927852668258,86.8364,44700.1384177544,100.0,3.281,5149.0546875,0.1,15.6,34.41,66.8,82.9292682926829,21.2195676873453,78.7804323126547,117109000.0,21287000.0,35958000000.0,4.80404188740469,32646000000.0,31193000000.0,Ajaccio,0.05,0.08,0.04,0.07,0.08,0.26,france
330,12,10.6,16.1,6.3,europe,"Nestled between mountains and sea, this charming coastal town offers sunlit streets, vibrant markets, and a rich tapestry of history and culture.",41.9263991,8.7376029,19.0414647963516,100.0,126.862020595603,22.927852668258,86.8364,44700.1384177544,100.0,3.281,5149.0546875,0.1,15.6,34.41,66.8,82.9292682926829,21.2195676873453,78.7804323126547,117109000.0,21287000.0,35958000000.0,4.80404188740469,32646000000.0,31193000000.0,Ajaccio,0.05,0.08,0.04,0.07,0.08,0.26,france
352,2,10.2,15.4,5.7,europe,"Nestled between mountains and sea, this charming coastal town offers sunlit streets, vibrant markets, and a rich tapestry of history and culture.",41.9263991,8.7376029,19.0414647963516,100.0,126.862020595603,22.927852668258,86.8364,44700.1384177544,100.0,3.281,5149.0546875,0.1,15.6,34.41,66.8,82.9292682926829,21.2195676873453,78.7804323126547,117109000.0,21287000.0,35958000000.0,4.80404188740469,32646000000.0,31193000000.0,Ajaccio,0.05,0.08,0.04,0.07,0.08,0.26,france
374,3,11.4,16.7,6.1,europe,"Nestled between mountains and sea, this charming coastal town offers sunlit streets, vibrant markets, and a rich tapestry of history and culture.",41.9263991,8.7376029,19.0414647963516,100.0,126.862020595603,22.927852668258,86.8364,44700.1384177544,100.0,3.281,5149.0546875,0.1,15.6,34.41,66.8,82.9292682926829,21.2195676873453,78.7804323126547,117109000.0,21287000.0,35958000000.0,4.80404188740469,32646000000.0,31193000000.0,Ajaccio,0.05,0.08,0.04,0.07,0.08,0.26,france
396,4,13.9,19.3,8.3,europe,"Nestled between mountains and sea, this charming coastal town offers sunlit streets, vibrant markets, and a rich tapestry of history and culture.",41.9263991,8.7376029,19.0414647963516,100.0,126.862020595603,22.927852668258,86.8364,44700.1384177544,100.0,3.281,5149.0546875,0.1,15.6,34.41,66.8,82.9292682926829,21.2195676873453,78.7804323126547,117109000.0,21287000.0,35958000000.0,4.80404188740469,32646000000.0,31193000000.0,Ajaccio,0.05,0.08,0.04,0.07,0.08,0.26,france
418,5,17.6,22.6,12.4,europe,"Nestled between mountains and sea, this charming coastal town offers sunlit streets, vibrant markets, and a rich tapestry of history and culture.",41.9263991,8.7376029,19.0414647963516,100.0,126.862020595603,22.927852668258,86.8364,44700.1384177544,100.0,3.281,5149.0546875,0.1,15.6,34.41,66.8,82.9292682926829,21.2195676873453,78.7804323126547,117109000.0,21287000.0,35958000000.0,4.80404188740469,32646000000.0,31193000000.0,Ajaccio,0.05,0.08,0.04,0.07,0.08,0.26,france
440,6,22.4,27.6,16.7,europe,"Nestled between mountains and sea, this charming coastal town offers sunlit streets, vibrant markets, and a rich tapestry of history and culture.",41.9263991,8.7376029,19.0414647963516,100.0,126.862020595603,22.927852668258,86.8364,44700.1384177544,100.0,3.281,5149.0546875,0.1,15.6,34.41,66.8,82.9292682926829,21.2195676873453,78.7804323126547,117109000.0,21287000.0,35958000000.0,4.80404188740469,32646000000.0,31193000000.0,Ajaccio,0.05,0.08,0.04,0.07,0.08,0.26,france
462,7,25.2,30.3,19.2,europe,"Nestled between mountains and sea, this charming coastal town offers sunlit streets, vibrant markets, and a rich tapestry of history and culture.",41.9263991,8.7376029,19.0414647963516,100.0,126.862020595603,22.927852668258,86.8364,44700.1384177544,100.0,3.281,5149.0546875,0.1,15.6,34.41,66.8,82.9292682926829,21.2195676873453,78.7804323126547,117109000.0,21287000.0,35958000000.0,4.80404188740469,32646000000.0,31193000000.0,Ajaccio,0.05,0.08,0.04,0.07,0.08,0.26,france
484,8,24.9,30.2,19.0,europe,"Nestled between mountains and sea, this charming coastal town offers sunlit streets, vibrant markets, and a rich tapestry of history and culture.",41.9263991,8.7376029,19.0414647963516,100.0,126.862020595603,22.927852668258,86.8364,44700.1384177544,100.0,3.281,5149.0546875,0.1,15.6,34.41,66.8,82.9292682926829,21.2195676873453,78.7804323126547,117109000.0,21287000.0,35958000000.0,4.80404188740469,32646000000.0,31193000000.0,Ajaccio,0.05,0.08,0.04,0.07,0.08,0.26,france
506,9,21.6,27.1,16.4,europe,"Nestled between mountains and sea, this charming coastal town offers sunlit streets, vibrant markets, and a rich tapestry of history and culture.",41.9263991,8.7376029,19.0414647963516,100.0,126.862020595603,22.927852668258,86.8364,44700.1384177544,100.0,3.281,5149.0546875,0.1,15.6,34.41,66.8,82.9292682926829,21.2195676873453,78.7804323126547,117109000.0,21287000.0,35958000000.0,4.80404188740469,32646000000.0,31193000000.0,Ajaccio,0.05,0.08,0.04,0.07,0.08,0.26,france
528,1,12.8,16.6,9.2,europe,"Golden cliffs and serene beaches meet charming villages, where the scent of grilled sardines and the sound of ocean waves fill the air.",37.24480855,-8.150756196275431,47.7343491046383,100.0,115.475189289738,40.887850776514,85.7901,27634.6183139773,99.2762210572337,5.851,2762.26293945,0.4,16.4,20.44,41.07,82.2804878048781,38.7951347366336,61.2048652633664,4208000.0,680000.0,10522000000.0,12.2444835483225,8835000000.0,3536000000.0,Algarve,0.0,0.0,0.0,0.0,0.0,0.0,portugal
550,10,20.0,23.4,17.0,europe,"Golden cliffs and serene beaches meet charming villages, where the scent of grilled sardines and the sound of ocean waves fill the air.",37.24480855,-8.150756196275431,47.7343491046383,100.0,115.475189289738,40.887850776514,85.7901,27634.6183139773,99.2762210572337,5.851,2762.26293945,0.4,16.4,20.44,41.07,82.2804878048781,38.7951347366336,61.2048652633664,4208000.0,680000.0,10522000000.0,12.2444835483225,8835000000.0,3536000000.0,Algarve,0.0,0.0,0.0,0.0,0.0,0.0,portugal
572,11,16.2,19.7,12.9,europe,"Golden cliffs and serene beaches meet charming villages, where the scent of grilled sardines and the sound of ocean waves fill the air.",37.24480855,-8.150756196275431,47.7343491046383,100.0,115.475189289738,40.887850776514,85.7901,27634.6183139773,99.2762210572337,5.851,2762.26293945,0.4,16.4,20.44,41.07,82.2804878048781,38.7951347366336,61.2048652633664,4208000.0,680000.0,10522000000.0,12.2444835483225,8835000000.0,3536000000.0,Algarve,0.0,0.0,0.0,0.0,0.0,0.0,portugal
594,12,14.2,17.7,11.1,europe,"Golden cliffs and serene beaches meet charming villages, where the scent of grilled sardines and the sound of ocean waves fill the air.",37.24480855,-8.150756196275431,47.7343491046383,100.0,115.475189289738,40.887850776514,85.7901,27634.6183139773,99.2762210572337,5.851,2762.26293945,0.4,16.4,20.44,41.07,82.2804878048781,38.7951347366336,61.2048652633664,4208000.0,680000.0,10522000000.0,12.2444835483225,8835000000.0,3536000000.0,Algarve,0.0,0.0,0.0,0.0,0.0,0.0,portugal
616,2,13.7,17.4,10.4,europe,"Golden cliffs and serene beaches meet charming villages, where the scent of grilled sardines and the sound of ocean waves fill the air.",37.24480855,-8.150756196275431,47.7343491046383,100.0,115.475189289738,40.887850776514,85.7901,27634.6183139773,99.2762210572337,5.851,2762.26293945,0.4,16.4,20.44,41.07,82.2804878048781,38.7951347366336,61.2048652633664,4208000.0,680000.0,10522000000.0,12.2444835483225,8835000000.0,3536000000.0,Algarve,0.0,0.0,0.0,0.0,0.0,0.0,portugal
638,3,14.6,18.3,11.2,europe,"Golden cliffs and serene beaches meet charming villages, where the scent of grilled sardines and the sound of ocean waves fill the air.",37.24480855,-8.150756196275431,47.7343491046383,100.0,115.475189289738,40.887850776514,85.7901,27634.6183139773,99.2762210572337,5.851,2762.26293945,0.4,16.4,20.44,41.07,82.2804878048781,38.7951347366336,61.2048652633664,4208000.0,680000.0,10522000000.0,12.2444835483225,8835000000.0,3536000000.0,Algarve,0.0,0.0,0.0,0.0,0.0,0.0,portugal
660,4,16.8,20.5,13.4,europe,"Golden cliffs and serene beaches meet charming villages, where the scent of grilled sardines and the sound of ocean waves fill the air.",37.24480855,-8.150756196275431,47.7343491046383,100.0,115.475189289738,40.887850776514,85.7901,27634.6183139773,99.2762210572337,5.851,2762.26293945,0.4,16.4,20.44,41.07,82.2804878048781,38.7951347366336,61.2048652633664,4208000.0,680000.0,10522000000.0,12.2444835483225,8835000000.0,3536000000.0,Algarve,0.0,0.0,0.0,0.0,0.0,0.0,portugal
682,5,19.8,24.1,16.0,europe,"Golden cliffs and serene beaches meet charming villages, where the scent of grilled sardines and the sound of ocean waves fill the air.",37.24480855,-8.150756196275431,47.7343491046383,100.0,115.475189289738,40.887850776514,85.7901,27634.6183139773,99.2762210572337,5.851,2762.26293945,0.4,16.4,20.44,41.07,82.2804878048781,38.7951347366336,61.2048652633664,4208000.0,680000.0,10522000000.0,12.2444835483225,8835000000.0,3536000000.0,Algarve,0.0,0.0,0.0,0.0,0.0,0.0,portugal
704,6,22.0,26.2,18.4,europe,"Golden cliffs and serene beaches meet charming villages, where the scent of grilled sardines and the sound of ocean waves fill the air.",37.24480855,-8.150756196275431,47.7343491046383,100.0,115.475189289738,40.887850776514,85.7901,27634.6183139773,99.2762210572337,5.851,2762.26293945,0.4,16.4,20.44,41.07,82.2804878048781,38.7951347366336,61.2048652633664,4208000.0,680000.0,10522000000.0,12.2444835483225,8835000000.0,3536000000.0,Algarve,0.0,0.0,0.0,0.0,0.0,0.0,portugal
726,7,24.4,29.0,20.5,europe,"Golden cliffs and serene beaches meet charming villages, where the scent of grilled sardines and the sound of ocean waves fill the air.",37.24480855,-8.150756196275431,47.7343491046383,100.0,115.475189289738,40.887850776514,85.7901,27634.6183139773,99.2762210572337,5.851,2762.26293945,0.4,16.4,20.44,41.07,82.2804878048781,38.7951347366336,61.2048652633664,4208000.0,680000.0,10522000000.0,12.2444835483225,8835000000.0,3536000000.0,Algarve,0.0,0.0,0.0,0.0,0.0,0.0,portugal
748,8,24.7,29.3,20.8,europe,"Golden cliffs and serene beaches meet charming villages, where the scent of grilled sardines and the sound of ocean waves fill the air.",37.24480855,-8.150756196275431,47.7343491046383,100.0,115.475189289738,40.887850776514,85.7901,27634.6183139773,99.2762210572337,5.851,2762.26293945,0.4,16.4,20.44,41.07,82.2804878048781,38.7951347366336,61.2048652633664,4208000.0,680000.0,10522000000.0,12.2444835483225,8835000000.0,3536000000.0,Algarve,0.0,0.0,0.0,0.0,0.0,0.0,portugal
770,9,22.4,26.1,19.0,europe,"Golden cliffs and serene beaches meet charming villages, where the scent of grilled sardines and the sound of ocean waves fill the air.",37.24480855,-8.150756196275431,47.7343491046383,100.0,115.475189289738,40.887850776514,85.7901,27634.6183139773,99.2762210572337,5.851,2762.26293945,0.4,16.4,20.44,41.07,82.2804878048781,38.7951347366336,61.2048652633664,4208000.0,680000.0,10522000000.0,12.2444835483225,8835000000.0,3536000000.0,Algarve,0.0,0.0,0.0,0.0,0.0,0.0,portugal
792,1,3.0,6.7,-0.1,europe,"Charming canals and cobblestone streets weave through a picturesque town, surrounded by stunning alpine views and the serene waters of a crystal-clear lake.",45.8992348,6.1288847,19.0414647963516,100.0,126.862020595603,22.927852668258,86.8364,44700.1384177544,100.0,3.281,5149.0546875,0.1,15.6,34.41,66.8,82.9292682926829,21.2195676873453,78.7804323126547,117109000.0,21287000.0,35958000000.0,4.80404188740469,32646000000.0,31193000000.0,Annecy,0.22,0.19,0.19,0.17,0.14,0.98,france
814,10,12.3,17.8,7.8,europe,"Charming canals and cobblestone streets weave through a picturesque town, surrounded by stunning alpine views and the serene waters of a crystal-clear lake.",45.8992348,6.1288847,19.0414647963516,100.0,126.862020595603,22.927852668258,86.8364,44700.1384177544,100.0,3.281,5149.0546875,0.1,15.6,34.41,66.8,82.9292682926829,21.2195676873453,78.7804323126547,117109000.0,21287000.0,35958000000.0,4.80404188740469,32646000000.0,31193000000.0,Annecy,0.22,0.19,0.19,0.17,0.14,0.98,france
836,11,6.8,10.9,3.2,europe,"Charming canals and cobblestone streets weave through a picturesque town, surrounded by stunning alpine views and the serene waters of a crystal-clear lake.",45.8992348,6.1288847,19.0414647963516,100.0,126.862020595603,22.927852668258,86.8364,44700.1384177544,100.0,3.281,5149.0546875,0.1,15.6,34.41,66.8,82.9292682926829,21.2195676873453,78.7804323126547,117109000.0,21287000.0,35958000000.0,4.80404188740469,32646000000.0,31193000000.0,Annecy,0.22,0.19,0.19,0.17,0.14,0.98,france
858,12,3.2,6.8,0.3,europe,"Charming canals and cobblestone streets weave through a picturesque town, surrounded by stunning alpine views and the serene waters of a crystal-clear lake.",45.8992348,6.1288847,19.0414647963516,100.0,126.862020595603,22.927852668258,86.8364,44700.1384177544,100.0,3.281,5149.0546875,0.1,15.6,34.41,66.8,82.9292682926829,21.2195676873453,78.7804323126547,117109000.0,21287000.0,35958000000.0,4.80404188740469,32646000000.0,31193000000.0,Annecy,0.22,0.19,0.19,0.17,0.14,0.98,france
880,2,4.7,9.7,0.7,europe,"Charming canals and cobblestone streets weave through a picturesque town, surrounded by stunning alpine views and the serene waters of a crystal-clear lake.",45.8992348,6.1288847,19.0414647963516,100.0,126.862020595603,22.927852668258,86.8364,44700.1384177544,100.0,3.281,5149.0546875,0.1,15.6,34.41,66.8,82.9292682926829,21.2195676873453,78.7804323126547,117109000.0,21287000.0,35958000000.0,4.80404188740469,32646000000.0,31193000000.0,Annecy,0.22,0.19,0.19,0.17,0.14,0.98,france
902,3,8.0,13.5,2.5,europe,"Charming canals and cobblestone streets weave through a picturesque town, surrounded by stunning alpine views and the serene waters of a crystal-clear lake.",45.8992348,6.1288847,19.0414647963516,100.0,126.862020595603,22.927852668258,86.8364,44700.1384177544,100.0,3.281,5149.0546875,0.1,15.6,34.41,66.8,82.9292682926829,21.2195676873453,78.7804323126547,117109000.0,21287000.0,35958000000.0,4.80404188740469,32646000000.0,31193000000.0,Annecy,0.22,0.19,0.19,0.17,0.14,0.98,france
924,4,10.4,16.4,4.6,europe,"Charming canals and cobblestone streets weave through a picturesque town, surrounded by stunning alpine views and the serene waters of a crystal-clear lake.",45.8992348,6.1288847,19.0414647963516,100.0,126.862020595603,22.927852668258,86.8364,44700.1384177544,100.0,3.281,5149.0546875,0.1,15.6,34.41,66.8,82.9292682926829,21.2195676873453,78.7804323126547,117109000.0,21287000.0,35958000000.0,4.80404188740469,32646000000.0,31193000000.0,Annecy,0.22,0.19,0.19,0.17,0.14,0.98,france
946,5,14.9,20.5,9.3,europe,"Charming canals and cobblestone streets weave through a picturesque town, surrounded by stunning alpine views and the serene waters of a crystal-clear lake.",45.8992348,6.1288847,19.0414647963516,100.0,126.862020595603,22.927852668258,86.8364,44700.1384177544,100.0,3.281,5149.0546875,0.1,15.6,34.41,66.8,82.9292682926829,21.2195676873453,78.7804323126547,117109000.0,21287000.0,35958000000.0,4.80404188740469,32646000000.0,31193000000.0,Annecy,0.22,0.19,0.19,0.17,0.14,0.98,france
968,6,19.6,25.7,13.1,europe,"Charming canals and cobblestone streets weave through a picturesque town, surrounded by stunning alpine views and the serene waters of a crystal-clear lake.",45.8992348,6.1288847,19.0414647963516,100.0,126.862020595603,22.927852668258,86.8364,44700.1384177544,100.0,3.281,5149.0546875,0.1,15.6,34.41,66.8,82.9292682926829,21.2195676873453,78.7804323126547,117109000.0,21287000.0,35958000000.0,4.80404188740469,32646000000.0,31193000000.0,Annecy,0.22,0.19,0.19,0.17,0.14,0.98,france
990,7,22.0,28.7,14.8,europe,"Charming canals and cobblestone streets weave through a picturesque town, surrounded by stunning alpine views and the serene waters of a crystal-clear lake.",45.8992348,6.1288847,19.0414647963516,100.0,126.862020595603,22.927852668258,86.8364,44700.1384177544,100.0,3.281,5149.0546875,0.1,15.6,34.41,66.8,82.9292682926829,21.2195676873453,78.7804323126547,117109000.0,21287000.0,35958000000.0,4.80404188740469,32646000000.0,31193000000.0,Annecy,0.22,0.19,0.19,0.17,0.14,0.98,france
1012,8,21.4,28.2,14.6,europe,"Charming canals and cobblestone streets weave through a picturesque town, surrounded by stunning alpine views and the serene waters of a crystal-clear lake.",45.8992348,6.1288847,19.0414647963516,100.0,126.862020595603,22.927852668258,86.8364,44700.1384177544,100.0,3.281,5149.0546875,0.1,15.6,34.41,66.8,82.9292682926829,21.2195676873453,78.7804323126547,117109000.0,21287000.0,35958000000.0,4.80404188740469,32646000000.0,31193000000.0,Annecy,0.22,0.19,0.19,0.17,0.14,0.98,france
1034,9,16.8,23.1,10.9,europe,"Charming canals and cobblestone streets weave through a picturesque town, surrounded by stunning alpine views and the serene waters of a crystal-clear lake.",45.8992348,6.1288847,19.0414647963516,100.0,126.862020595603,22.927852668258,86.8364,44700.1384177544,100.0,3.281,5149.0546875,0.1,15.6,34.41,66.8,82.9292682926829,21.2195676873453,78.7804323126547,117109000.0,21287000.0,35958000000.0,4.80404188740469,32646000000.0,31193000000.0,Annecy,0.22,0.19,0.19,0.17,0.14,0.98,france
1056,1,27.2,29.5,25.2,oceania,"Lush tropical gardens, vibrant markets, and the gentle sound of waves create a serene and welcoming atmosphere perfect for unwinding.",-13.8345235,-171.7630955,72.5984779440307,100.0,77.9363309352518,19.5003943309627,58.1386,4822.74084650019,98.9302348547362,0.561,292.81085205,4.5,21.9,4.635,10.84,71.698,82.4987200195398,17.5012799804602,23899.9996185303,18500.0,23059999.4659424,19.7907411795208,23000000.0,1799999.95231628,Apia,0.0,0.0,0.0,0.0,0.0,0.0,samoa
1078,10,26.9,29.4,24.8,oceania,"Lush tropical gardens, vibrant markets, and the gentle sound of waves create a serene and welcoming atmosphere perfect for unwinding.",-13.8345235,-171.7630955,72.5984779440307,100.0,77.9363309352518,19.5003943309627,58.1386,4822.74084650019,98.9302348547362,0.561,292.81085205,4.5,21.9,4.635,10.84,71.698,82.4987200195398,17.5012799804602,23899.9996185303,18500.0,23059999.4659424,19.7907411795208,23000000.0,1799999.95231628,Apia,0.0,0.0,0.0,0.0,0.0,0.0,samoa
1100,11,27.0,29.5,24.9,oceania,"Lush tropical gardens, vibrant markets, and the gentle sound of waves create a serene and welcoming atmosphere perfect for unwinding.",-13.8345235,-171.7630955,72.5984779440307,100.0,77.9363309352518,19.5003943309627,58.1386,4822.74084650019,98.9302348547362,0.561,292.81085205,4.5,21.9,4.635,10.84,71.698,82.4987200195398,17.5012799804602,23899.9996185303,18500.0,23059999.4659424,19.7907411795208,23000000.0,1799999.95231628,Apia,0.0,0.0,0.0,0.0,0.0,0.0,samoa
1122,12,27.2,29.9,24.9,oceania,"Lush tropical gardens, vibrant markets, and the gentle sound of waves create a serene and welcoming atmosphere perfect for unwinding.",-13.8345235,-171.7630955,72.5984779440307,100.0,77.9363309352518,19.5003943309627,58.1386,4822.74084650019,98.9302348547362,0.561,292.81085205,4.5,21.9,4.635,10.84,71.698,82.4987200195398,17.5012799804602,23899.9996185303,18500.0,23059999.4659424,19.7907411795208,23000000.0,1799999.95231628,Apia,0.0,0.0,0.0,0.0,0.0,0.0,samoa
1144,2,27.0,29.2,25.3,oceania,"Lush tropical gardens, vibrant markets, and the gentle sound of waves create a serene and welcoming atmosphere perfect for unwinding.",-13.8345235,-171.7630955,72.5984779440307,100.0,77.9363309352518,19.5003943309627,58.1386,4822.74084650019,98.9302348547362,0.561,292.81085205,4.5,21.9,4.635,10.84,71.698,82.4987200195398,17.5012799804602,23899.9996185303,18500.0,23059999.4659424,19.7907411795208,23000000.0,1799999.95231628,Apia,0.0,0.0,0.0,0.0,0.0,0.0,samoa
1166,3,27.5,29.6,25.6,oceania,"Lush tropical gardens, vibrant markets, and the gentle sound of waves create a serene and welcoming atmosphere perfect for unwinding.",-13.8345235,-171.7630955,72.5984779440307,100.0,77.9363309352518,19.5003943309627,58.1386,4822.74084650019,98.9302348547362,0.561,292.81085205,4.5,21.9,4.635,10.84,71.698,82.4987200195398,17.5012799804602,23899.9996185303,18500.0,23059999.4659424,19.7907411795208,23000000.0,1799999.95231628,Apia,0.0,0.0,0.0,0.0,0.0,0.0,samoa
1188,4,27.6,29.8,25.8,oceania,"Lush tropical gardens, vibrant markets, and the gentle sound of waves create a serene and welcoming atmosphere perfect for unwinding.",-13.8345235,-171.7630955,72.5984779440307,100.0,77.9363309352518,19.5003943309627,58.1386,4822.74084650019,98.9302348547362,0.561,292.81085205,4.5,21.9,4.635,10.84,71.698,82.4987200195398,17.5012799804602,23899.9996185303,18500.0,23059999.4659424,19.7907411795208,23000000.0,1799999.95231628,Apia,0.0,0.0,0.0,0.0,0.0,0.0,samoa
1210,5,27.3,30.2,25.2,oceania,"Lush tropical gardens, vibrant markets, and the gentle sound of waves create a serene and welcoming atmosphere perfect for unwinding.",-13.8345235,-171.7630955,72.5984779440307,100.0,77.9363309352518,19.5003943309627,58.1386,4822.74084650019,98.9302348547362,0.561,292.81085205,4.5,21.9,4.635,10.84,71.698,82.4987200195398,17.5012799804602,23899.9996185303,18500.0,23059999.4659424,19.7907411795208,23000000.0,1799999.95231628,Apia,0.0,0.0,0.0,0.0,0.0,0.0,samoa
1232,6,27.0,29.2,25.0,oceania,"Lush tropical gardens, vibrant markets, and the gentle sound of waves create a serene and welcoming atmosphere perfect for unwinding.",-13.8345235,-171.7630955,72.5984779440307,100.0,77.9363309352518,19.5003943309627,58.1386,4822.74084650019,98.9302348547362,0.561,292.81085205,4.5,21.9,4.635,10.84,71.698,82.4987200195398,17.5012799804602,23899.9996185303,18500.0,23059999.4659424,19.7907411795208,23000000.0,1799999.95231628,Apia,0.0,0.0,0.0,0.0,0.0,0.0,samoa
1254,7,26.6,28.9,24.6,oceania,"Lush tropical gardens, vibrant markets, and the gentle sound of waves create a serene and welcoming atmosphere perfect for unwinding.",-13.8345235,-171.7630955,72.5984779440307,100.0,77.9363309352518,19.5003943309627,58.1386,4822.74084650019,98.9302348547362,0.561,292.81085205,4.5,21.9,4.635,10.84,71.698,82.4987200195398,17.5012799804602,23899.9996185303,18500.0,23059999.4659424,19.7907411795208,23000000.0,1799999.95231628,Apia,0.0,0.0,0.0,0.0,0.0,0.0,samoa
1276,8,26.6,28.9,24.8,oceania,"Lush tropical gardens, vibrant markets, and the gentle sound of waves create a serene and welcoming atmosphere perfect for unwinding.",-13.8345235,-171.7630955,72.5984779440307,100.0,77.9363309352518,19.5003943309627,58.1386,4822.74084650019,98.9302348547362,0.561,292.81085205,4.5,21.9,4.635,10.84,71.698,82.4987200195398,17.5012799804602,23899.9996185303,18500.0,23059999.4659424,19.7907411795208,23000000.0,1799999.95231628,Apia,0.0,0.0,0.0,0.0,0.0,0.0,samoa
1298,9,26.7,29.6,24.1,oceania,"Lush tropical gardens, vibrant markets, and the gentle sound of waves create a serene and welcoming atmosphere perfect for unwinding.",-13.8345235,-171.7630955,72.5984779440307,100.0,77.9363309352518,19.5003943309627,58.1386,4822.74084650019,98.9302348547362,0.561,292.81085205,4.5,21.9,4.635,10.84,71.698,82.4987200195398,17.5012799804602,23899.9996185303,18500.0,23059999.4659424,19.7907411795208,23000000.0,1799999.95231628,Apia,0.0,0.0,0.0,0.0,0.0,0.0,samoa
1320,1,28.5,35.4,23.5,south_america,"Stroll through sun-dappled streets, where lively markets and the scent of grilled meats create a warm, inviting atmosphere.",-25.2800459,-57.6343814,25.7458831459233,99.8,17.282671943072,51.2921699800092,78.0948,6299.99026533713,99.6009612348131,3.893,526.5098877,2.4,22.7,6.93,18.2,73.844,30.6533918266306,69.3466081733694,1077000.0,214000.0,104000000.0,0.842867466880354,81000000.0,226000000.0,Asunción,0.23,0.34,0.28,0.23,0.22,0.75,paraguay
1342,10,24.5,32.0,20.0,south_america,"Stroll through sun-dappled streets, where lively markets and the scent of grilled meats create a warm, inviting atmosphere.",-25.2800459,-57.6343814,25.7458831459233,99.8,17.282671943072,51.2921699800092,78.0948,6299.99026533713,99.6009612348131,3.893,526.5098877,2.4,22.7,6.93,18.2,73.844,30.6533918266306,69.3466081733694,1077000.0,214000.0,104000000.0,0.842867466880354,81000000.0,226000000.0,Asunción,0.23,0.34,0.28,0.23,0.22,0.75,paraguay
1364,11,25.8,33.0,21.0,south_america,"Stroll through sun-dappled streets, where lively markets and the scent of grilled meats create a warm, inviting atmosphere.",-25.2800459,-57.6343814,25.7458831459233,99.8,17.282671943072,51.2921699800092,78.0948,6299.99026533713,99.6009612348131,3.893,526.5098877,2.4,22.7,6.93,18.2,73.844,30.6533918266306,69.3466081733694,1077000.0,214000.0,104000000.0,0.842867466880354,81000000.0,226000000.0,Asunción,0.23,0.34,0.28,0.23,0.22,0.75,paraguay
1386,12,27.4,34.4,22.0,south_america,"Stroll through sun-dappled streets, where lively markets and the scent of grilled meats create a warm, inviting atmosphere.",-25.2800459,-57.6343814,25.7458831459233,99.8,17.282671943072,51.2921699800092,78.0948,6299.99026533713,99.6009612348131,3.893,526.5098877,2.4,22.7,6.93,18.2,73.844,30.6533918266306,69.3466081733694,1077000.0,214000.0,104000000.0,0.842867466880354,81000000.0,226000000.0,Asunción,0.23,0.34,0.28,0.23,0.22,0.75,paraguay
1408,2,27.5,34.4,22.4,south_america,"Stroll through sun-dappled streets, where lively markets and the scent of grilled meats create a warm, inviting atmosphere.",-25.2800459,-57.6343814,25.7458831459233,99.8,17.282671943072,51.2921699800092,78.0948,6299.99026533713,99.6009612348131,3.893,526.5098877,2.4,22.7,6.93,18.2,73.844,30.6533918266306,69.3466081733694,1077000.0,214000.0,104000000.0,0.842867466880354,81000000.0,226000000.0,Asunción,0.23,0.34,0.28,0.23,0.22,0.75,paraguay
1430,3,26.3,33.3,21.9,south_america,"Stroll through sun-dappled streets, where lively markets and the scent of grilled meats create a warm, inviting atmosphere.",-25.2800459,-57.6343814,25.7458831459233,99.8,17.282671943072,51.2921699800092,78.0948,6299.99026533713,99.6009612348131,3.893,526.5098877,2.4,22.7,6.93,18.2,73.844,30.6533918266306,69.3466081733694,1077000.0,214000.0,104000000.0,0.842867466880354,81000000.0,226000000.0,Asunción,0.23,0.34,0.28,0.23,0.22,0.75,paraguay
1452,4,23.9,29.9,19.2,south_america,"Stroll through sun-dappled streets, where lively markets and the scent of grilled meats create a warm, inviting atmosphere.",-25.2800459,-57.6343814,25.7458831459233,99.8,17.282671943072,51.2921699800092,78.0948,6299.99026533713,99.6009612348131,3.893,526.5098877,2.4,22.7,6.93,18.2,73.844,30.6533918266306,69.3466081733694,1077000.0,214000.0,104000000.0,0.842867466880354,81000000.0,226000000.0,Asunción,0.23,0.34,0.28,0.23,0.22,0.75,paraguay
1474,5,19.5,25.5,15.1,south_america,"Stroll through sun-dappled streets, where lively markets and the scent of grilled meats create a warm, inviting atmosphere.",-25.2800459,-57.6343814,25.7458831459233,99.8,17.282671943072,51.2921699800092,78.0948,6299.99026533713,99.6009612348131,3.893,526.5098877,2.4,22.7,6.93,18.2,73.844,30.6533918266306,69.3466081733694,1077000.0,214000.0,104000000.0,0.842867466880354,81000000.0,226000000.0,Asunción,0.23,0.34,0.28,0.23,0.22,0.75,paraguay
1496,6,18.5,25.4,14.1,south_america,"Stroll through sun-dappled streets, where lively markets and the scent of grilled meats create a warm, inviting atmosphere.",-25.2800459,-57.6343814,25.7458831459233,99.8,17.282671943072,51.2921699800092,78.0948,6299.99026533713,99.6009612348131,3.893,526.5098877,2.4,22.7,6.93,18.2,73.844,30.6533918266306,69.3466081733694,1077000.0,214000.0,104000000.0,0.842867466880354,81000000.0,226000000.0,Asunción,0.23,0.34,0.28,0.23,0.22,0.75,paraguay
1518,7,18.4,25.5,13.2,south_america,"Stroll through sun-dappled streets, where lively markets and the scent of grilled meats create a warm, inviting atmosphere.",-25.2800459,-57.6343814,25.7458831459233,99.8,17.282671943072,51.2921699800092,78.0948,6299.99026533713,99.6009612348131,3.893,526.5098877,2.4,22.7,6.93,18.2,73.844,30.6533918266306,69.3466081733694,1077000.0,214000.0,104000000.0,0.842867466880354,81000000.0,226000000.0,Asunción,0.23,0.34,0.28,0.23,0.22,0.75,paraguay
1540,8,20.5,27.9,14.3,south_america,"Stroll through sun-dappled streets, where lively markets and the scent of grilled meats create a warm, inviting atmosphere.",-25.2800459,-57.6343814,25.7458831459233,99.8,17.282671943072,51.2921699800092,78.0948,6299.99026533713,99.6009612348131,3.893,526.5098877,2.4,22.7,6.93,18.2,73.844,30.6533918266306,69.3466081733694,1077000.0,214000.0,104000000.0,0.842867466880354,81000000.0,226000000.0,Asunción,0.23,0.34,0.28,0.23,0.22,0.75,paraguay
1562,9,22.6,30.4,17.3,south_america,"Stroll through sun-dappled streets, where lively markets and the scent of grilled meats create a warm, inviting atmosphere.",-25.2800459,-57.6343814,25.7458831459233,99.8,17.282671943072,51.2921699800092,78.0948,6299.99026533713,99.6009612348131,3.893,526.5098877,2.4,22.7,6.93,18.2,73.844,30.6533918266306,69.3466081733694,1077000.0,214000.0,104000000.0,0.842867466880354,81000000.0,226000000.0,Asunción,0.23,0.34,0.28,0.23,0.22,0.75,paraguay
1584,1,15.6,17.1,14.0,europe,"Lush volcanic landscapes, tranquil ocean vistas, and charming villages create a serene atmosphere perfect for unwinding and connecting with nature.",37.80855645,-25.47313739124529,47.7343491046383,100.0,115.475189289738,40.887850776514,85.7901,27634.6183139773,99.2762210572337,5.851,2762.26293945,0.4,16.4,20.44,41.07,82.2804878048781,38.7951347366336,61.2048652633664,4208000.0,680000.0,10522000000.0,12.2444835483225,8835000000.0,3536000000.0,Azores,1.37,1.02,0.39,0.32,0.41,2.07,portugal
1606,10,19.9,21.9,18.2,europe,"Lush volcanic landscapes, tranquil ocean vistas, and charming villages create a serene atmosphere perfect for unwinding and connecting with nature.",37.80855645,-25.47313739124529,47.7343491046383,100.0,115.475189289738,40.887850776514,85.7901,27634.6183139773,99.2762210572337,5.851,2762.26293945,0.4,16.4,20.44,41.07,82.2804878048781,38.7951347366336,61.2048652633664,4208000.0,680000.0,10522000000.0,12.2444835483225,8835000000.0,3536000000.0,Azores,1.37,1.02,0.39,0.32,0.41,2.07,portugal
1628,11,17.8,19.5,16.2,europe,"Lush volcanic landscapes, tranquil ocean vistas, and charming villages create a serene atmosphere perfect for unwinding and connecting with nature.",37.80855645,-25.47313739124529,47.7343491046383,100.0,115.475189289738,40.887850776514,85.7901,27634.6183139773,99.2762210572337,5.851,2762.26293945,0.4,16.4,20.44,41.07,82.2804878048781,38.7951347366336,61.2048652633664,4208000.0,680000.0,10522000000.0,12.2444835483225,8835000000.0,3536000000.0,Azores,1.37,1.02,0.39,0.32,0.41,2.07,portugal
1650,12,16.3,17.8,14.4,europe,"Lush volcanic landscapes, tranquil ocean vistas, and charming villages create a serene atmosphere perfect for unwinding and connecting with nature.",37.80855645,-25.47313739124529,47.7343491046383,100.0,115.475189289738,40.887850776514,85.7901,27634.6183139773,99.2762210572337,5.851,2762.26293945,0.4,16.4,20.44,41.07,82.2804878048781,38.7951347366336,61.2048652633664,4208000.0,680000.0,10522000000.0,12.2444835483225,8835000000.0,3536000000.0,Azores,1.37,1.02,0.39,0.32,0.41,2.07,portugal
1672,2,15.0,16.7,13.3,europe,"Lush volcanic landscapes, tranquil ocean vistas, and charming villages create a serene atmosphere perfect for unwinding and connecting with nature.",37.80855645,-25.47313739124529,47.7343491046383,100.0,115.475189289738,40.887850776514,85.7901,27634.6183139773,99.2762210572337,5.851,2762.26293945,0.4,16.4,20.44,41.07,82.2804878048781,38.7951347366336,61.2048652633664,4208000.0,680000.0,10522000000.0,12.2444835483225,8835000000.0,3536000000.0,Azores,1.37,1.02,0.39,0.32,0.41,2.07,portugal
1694,3,14.6,17.3,12.3,europe,"Lush volcanic landscapes, tranquil ocean vistas, and charming villages create a serene atmosphere perfect for unwinding and connecting with nature.",37.80855645,-25.47313739124529,47.7343491046383,100.0,115.475189289738,40.887850776514,85.7901,27634.6183139773,99.2762210572337,5.851,2762.26293945,0.4,16.4,20.44,41.07,82.2804878048781,38.7951347366336,61.2048652633664,4208000.0,680000.0,10522000000.0,12.2444835483225,8835000000.0,3536000000.0,Azores,1.37,1.02,0.39,0.32,0.41,2.07,portugal
1716,4,15.8,17.7,14.0,europe,"Lush volcanic landscapes, tranquil ocean vistas, and charming villages create a serene atmosphere perfect for unwinding and connecting with nature.",37.80855645,-25.47313739124529,47.7343491046383,100.0,115.475189289738,40.887850776514,85.7901,27634.6183139773,99.2762210572337,5.851,2762.26293945,0.4,16.4,20.44,41.07,82.2804878048781,38.7951347366336,61.2048652633664,4208000.0,680000.0,10522000000.0,12.2444835483225,8835000000.0,3536000000.0,Azores,1.37,1.02,0.39,0.32,0.41,2.07,portugal
1738,5,17.3,19.4,15.4,europe,"Lush volcanic landscapes, tranquil ocean vistas, and charming villages create a serene atmosphere perfect for unwinding and connecting with nature.",37.80855645,-25.47313739124529,47.7343491046383,100.0,115.475189289738,40.887850776514,85.7901,27634.6183139773,99.2762210572337,5.851,2762.26293945,0.4,16.4,20.44,41.07,82.2804878048781,38.7951347366336,61.2048652633664,4208000.0,680000.0,10522000000.0,12.2444835483225,8835000000.0,3536000000.0,Azores,1.37,1.02,0.39,0.32,0.41,2.07,portugal
1760,6,19.2,21.5,17.3,europe,"Lush volcanic landscapes, tranquil ocean vistas, and charming villages create a serene atmosphere perfect for unwinding and connecting with nature.",37.80855645,-25.47313739124529,47.7343491046383,100.0,115.475189289738,40.887850776514,85.7901,27634.6183139773,99.2762210572337,5.851,2762.26293945,0.4,16.4,20.44,41.07,82.2804878048781,38.7951347366336,61.2048652633664,4208000.0,680000.0,10522000000.0,12.2444835483225,8835000000.0,3536000000.0,Azores,1.37,1.02,0.39,0.32,0.41,2.07,portugal
1782,7,21.7,24.1,19.5,europe,"Lush volcanic landscapes, tranquil ocean vistas, and charming villages create a serene atmosphere perfect for unwinding and connecting with nature.",37.80855645,-25.47313739124529,47.7343491046383,100.0,115.475189289738,40.887850776514,85.7901,27634.6183139773,99.2762210572337,5.851,2762.26293945,0.4,16.4,20.44,41.07,82.2804878048781,38.7951347366336,61.2048652633664,4208000.0,680000.0,10522000000.0,12.2444835483225,8835000000.0,3536000000.0,Azores,1.37,1.02,0.39,0.32,0.41,2.07,portugal
1804,8,23.0,25.5,20.9,europe,"Lush volcanic landscapes, tranquil ocean vistas, and charming villages create a serene atmosphere perfect for unwinding and connecting with nature.",37.80855645,-25.47313739124529,47.7343491046383,100.0,115.475189289738,40.887850776514,85.7901,27634.6183139773,99.2762210572337,5.851,2762.26293945,0.4,16.4,20.44,41.07,82.2804878048781,38.7951347366336,61.2048652633664,4208000.0,680000.0,10522000000.0,12.2444835483225,8835000000.0,3536000000.0,Azores,1.37,1.02,0.39,0.32,0.41,2.07,portugal
1826,9,22.1,24.4,20.2,europe,"Lush volcanic landscapes, tranquil ocean vistas, and charming villages create a serene atmosphere perfect for unwinding and connecting with nature.",37.80855645,-25.47313739124529,47.7343491046383,100.0,115.475189289738,40.887850776514,85.7901,27634.6183139773,99.2762210572337,5.851,2762.26293945,0.4,16.4,20.44,41.07,82.2804878048781,38.7951347366336,61.2048652633664,4208000.0,680000.0,10522000000.0,12.2444835483225,8835000000.0,3536000000.0,Azores,1.37,1.02,0.39,0.32,0.41,2.07,portugal
1848,1,-7.6,-2.8,-12.3,north_america,"Majestic mountains, crystal-clear lakes, and fresh alpine air create a breathtakingly serene atmosphere, perfect for nature lovers and adventure seekers alike.",51.175076,-115.5720773,29.408234935715,100.0,4.56079784268436,44.8021259828612,93.9564,54220.3285039875,98.2905039744417,2.819,6186.65234375,0.2,22.95,40.8,77.73,81.6465853658537,17.4749435591654,82.5250564408346,32430000.0,37845898.4375,19994000000.0,3.65670128143171,11256000000.0,41247000000.0,Banff,0.04,0.02,0.03,0.04,0.04,0.1,canada
1870,10,3.5,9.4,-2.2,north_america,"Majestic mountains, crystal-clear lakes, and fresh alpine air create a breathtakingly serene atmosphere, perfect for nature lovers and adventure seekers alike.",51.175076,-115.5720773,29.408234935715,100.0,4.56079784268436,44.8021259828612,93.9564,54220.3285039875,98.2905039744417,2.819,6186.65234375,0.2,22.95,40.8,77.73,81.6465853658537,17.4749435591654,82.5250564408346,32430000.0,37845898.4375,19994000000.0,3.65670128143171,11256000000.0,41247000000.0,Banff,0.04,0.02,0.03,0.04,0.04,0.1,canada
1892,11,-3.9,0.4,-7.6,north_america,"Majestic mountains, crystal-clear lakes, and fresh alpine air create a breathtakingly serene atmosphere, perfect for nature lovers and adventure seekers alike.",51.175076,-115.5720773,29.408234935715,100.0,4.56079784268436,44.8021259828612,93.9564,54220.3285039875,98.2905039744417,2.819,6186.65234375,0.2,22.95,40.8,77.73,81.6465853658537,17.4749435591654,82.5250564408346,32430000.0,37845898.4375,19994000000.0,3.65670128143171,11256000000.0,41247000000.0,Banff,0.04,0.02,0.03,0.04,0.04,0.1,canada
1914,12,-8.6,-4.5,-12.7,north_america,"Majestic mountains, crystal-clear lakes, and fresh alpine air create a breathtakingly serene atmosphere, perfect for nature lovers and adventure seekers alike.",51.175076,-115.5720773,29.408234935715,100.0,4.56079784268436,44.8021259828612,93.9564,54220.3285039875,98.2905039744417,2.819,6186.65234375,0.2,22.95,40.8,77.73,81.6465853658537,17.4749435591654,82.5250564408346,32430000.0,37845898.4375,19994000000.0,3.65670128143171,11256000000.0,41247000000.0,Banff,0.04,0.02,0.03,0.04,0.04,0.1,canada
1936,2,-6.9,-1.9,-12.4,north_america,"Majestic mountains, crystal-clear lakes, and fresh alpine air create a breathtakingly serene atmosphere, perfect for nature lovers and adventure seekers alike.",51.175076,-115.5720773,29.408234935715,100.0,4.56079784268436,44.8021259828612,93.9564,54220.3285039875,98.2905039744417,2.819,6186.65234375,0.2,22.95,40.8,77.73,81.6465853658537,17.4749435591654,82.5250564408346,32430000.0,37845898.4375,19994000000.0,3.65670128143171,11256000000.0,41247000000.0,Banff,0.04,0.02,0.03,0.04,0.04,0.1,canada
1958,3,-2.5,3.7,-8.3,north_america,"Majestic mountains, crystal-clear lakes, and fresh alpine air create a breathtakingly serene atmosphere, perfect for nature lovers and adventure seekers alike.",51.175076,-115.5720773,29.408234935715,100.0,4.56079784268436,44.8021259828612,93.9564,54220.3285039875,98.2905039744417,2.819,6186.65234375,0.2,22.95,40.8,77.73,81.6465853658537,17.4749435591654,82.5250564408346,32430000.0,37845898.4375,19994000000.0,3.65670128143171,11256000000.0,41247000000.0,Banff,0.04,0.02,0.03,0.04,0.04,0.1,canada
1980,4,2.8,9.0,-3.6,north_america,"Majestic mountains, crystal-clear lakes, and fresh alpine air create a breathtakingly serene atmosphere, perfect for nature lovers and adventure seekers alike.",51.175076,-115.5720773,29.408234935715,100.0,4.56079784268436,44.8021259828612,93.9564,54220.3285039875,98.2905039744417,2.819,6186.65234375,0.2,22.95,40.8,77.73,81.6465853658537,17.4749435591654,82.5250564408346,32430000.0,37845898.4375,19994000000.0,3.65670128143171,11256000000.0,41247000000.0,Banff,0.04,0.02,0.03,0.04,0.04,0.1,canada
2002,5,8.1,15.4,0.7,north_america,"Majestic mountains, crystal-clear lakes, and fresh alpine air create a breathtakingly serene atmosphere, perfect for nature lovers and adventure seekers alike.",51.175076,-115.5720773,29.408234935715,100.0,4.56079784268436,44.8021259828612,93.9564,54220.3285039875,98.2905039744417,2.819,6186.65234375,0.2,22.95,40.8,77.73,81.6465853658537,17.4749435591654,82.5250564408346,32430000.0,37845898.4375,19994000000.0,3.65670128143171,11256000000.0,41247000000.0,Banff,0.04,0.02,0.03,0.04,0.04,0.1,canada
2024,6,12.3,19.4,5.1,north_america,"Majestic mountains, crystal-clear lakes, and fresh alpine air create a breathtakingly serene atmosphere, perfect for nature lovers and adventure seekers alike.",51.175076,-115.5720773,29.408234935715,100.0,4.56079784268436,44.8021259828612,93.9564,54220.3285039875,98.2905039744417,2.819,6186.65234375,0.2,22.95,40.8,77.73,81.6465853658537,17.4749435591654,82.5250564408346,32430000.0,37845898.4375,19994000000.0,3.65670128143171,11256000000.0,41247000000.0,Banff,0.04,0.02,0.03,0.04,0.04,0.1,canada
2046,7,15.8,23.9,7.3,north_america,"Majestic mountains, crystal-clear lakes, and fresh alpine air create a breathtakingly serene atmosphere, perfect for nature lovers and adventure seekers alike.",51.175076,-115.5720773,29.408234935715,100.0,4.56079784268436,44.8021259828612,93.9564,54220.3285039875,98.2905039744417,2.819,6186.65234375,0.2,22.95,40.8,77.73,81.6465853658537,17.4749435591654,82.5250564408346,32430000.0,37845898.4375,19994000000.0,3.65670128143171,11256000000.0,41247000000.0,Banff,0.04,0.02,0.03,0.04,0.04,0.1,canada
2068,8,14.7,22.8,6.7,north_america,"Majestic mountains, crystal-clear lakes, and fresh alpine air create a breathtakingly serene atmosphere, perfect for nature lovers and adventure seekers alike.",51.175076,-115.5720773,29.408234935715,100.0,4.56079784268436,44.8021259828612,93.9564,54220.3285039875,98.2905039744417,2.819,6186.65234375,0.2,22.95,40.8,77.73,81.6465853658537,17.4749435591654,82.5250564408346,32430000.0,37845898.4375,19994000000.0,3.65670128143171,11256000000.0,41247000000.0,Banff,0.04,0.02,0.03,0.04,0.04,0.1,canada
2090,9,9.8,16.8,3.0,north_america,"Majestic mountains, crystal-clear lakes, and fresh alpine air create a breathtakingly serene atmosphere, perfect for nature lovers and adventure seekers alike.",51.175076,-115.5720773,29.408234935715,100.0,4.56079784268436,44.8021259828612,93.9564,54220.3285039875,98.2905039744417,2.819,6186.65234375,0.2,22.95,40.8,77.73,81.6465853658537,17.4749435591654,82.5250564408346,32430000.0,37845898.4375,19994000000.0,3.65670128143171,11256000000.0,41247000000.0,Banff,0.04,0.02,0.03,0.04,0.04,0.1,canada
2112,1,8.6,11.8,4.5,europe,"Ocean breezes mix with the scent of fresh pastries, while sunlit beaches and elegant architecture create a laid-back yet sophisticated vibe.",43.4832523,-1.5592776,19.0414647963516,100.0,126.862020595603,22.927852668258,86.8364,44700.1384177544,100.0,3.281,5149.0546875,0.1,15.6,34.41,66.8,82.9292682926829,21.2195676873453,78.7804323126547,117109000.0,21287000.0,35958000000.0,4.80404188740469,32646000000.0,31193000000.0,Biarritz,0.07,0.02,0.08,0.07,0.07,0.66,france
2134,10,16.5,21.1,12.2,europe,"Ocean breezes mix with the scent of fresh pastries, while sunlit beaches and elegant architecture create a laid-back yet sophisticated vibe.",43.4832523,-1.5592776,19.0414647963516,100.0,126.862020595603,22.927852668258,86.8364,44700.1384177544,100.0,3.281,5149.0546875,0.1,15.6,34.41,66.8,82.9292682926829,21.2195676873453,78.7804323126547,117109000.0,21287000.0,35958000000.0,4.80404188740469,32646000000.0,31193000000.0,Biarritz,0.07,0.02,0.08,0.07,0.07,0.66,france
2156,11,12.3,16.0,8.3,europe,"Ocean breezes mix with the scent of fresh pastries, while sunlit beaches and elegant architecture create a laid-back yet sophisticated vibe.",43.4832523,-1.5592776,19.0414647963516,100.0,126.862020595603,22.927852668258,86.8364,44700.1384177544,100.0,3.281,5149.0546875,0.1,15.6,34.41,66.8,82.9292682926829,21.2195676873453,78.7804323126547,117109000.0,21287000.0,35958000000.0,4.80404188740469,32646000000.0,31193000000.0,Biarritz,0.07,0.02,0.08,0.07,0.07,0.66,france
2178,12,10.7,13.9,6.6,europe,"Ocean breezes mix with the scent of fresh pastries, while sunlit beaches and elegant architecture create a laid-back yet sophisticated vibe.",43.4832523,-1.5592776,19.0414647963516,100.0,126.862020595603,22.927852668258,86.8364,44700.1384177544,100.0,3.281,5149.0546875,0.1,15.6,34.41,66.8,82.9292682926829,21.2195676873453,78.7804323126547,117109000.0,21287000.0,35958000000.0,4.80404188740469,32646000000.0,31193000000.0,Biarritz,0.07,0.02,0.08,0.07,0.07,0.66,france
2200,2,10.1,14.0,6.0,europe,"Ocean breezes mix with the scent of fresh pastries, while sunlit beaches and elegant architecture create a laid-back yet sophisticated vibe.",43.4832523,-1.5592776,19.0414647963516,100.0,126.862020595603,22.927852668258,86.8364,44700.1384177544,100.0,3.281,5149.0546875,0.1,15.6,34.41,66.8,82.9292682926829,21.2195676873453,78.7804323126547,117109000.0,21287000.0,35958000000.0,4.80404188740469,32646000000.0,31193000000.0,Biarritz,0.07,0.02,0.08,0.07,0.07,0.66,france
2222,3,12.0,16.8,8.1,europe,"Ocean breezes mix with the scent of fresh pastries, while sunlit beaches and elegant architecture create a laid-back yet sophisticated vibe.",43.4832523,-1.5592776,19.0414647963516,100.0,126.862020595603,22.927852668258,86.8364,44700.1384177544,100.0,3.281,5149.0546875,0.1,15.6,34.41,66.8,82.9292682926829,21.2195676873453,78.7804323126547,117109000.0,21287000.0,35958000000.0,4.80404188740469,32646000000.0,31193000000.0,Biarritz,0.07,0.02,0.08,0.07,0.07,0.66,france
2244,4,13.7,17.4,9.2,europe,"Ocean breezes mix with the scent of fresh pastries, while sunlit beaches and elegant architecture create a laid-back yet sophisticated vibe.",43.4832523,-1.5592776,19.0414647963516,100.0,126.862020595603,22.927852668258,86.8364,44700.1384177544,100.0,3.281,5149.0546875,0.1,15.6,34.41,66.8,82.9292682926829,21.2195676873453,78.7804323126547,117109000.0,21287000.0,35958000000.0,4.80404188740469,32646000000.0,31193000000.0,Biarritz,0.07,0.02,0.08,0.07,0.07,0.66,france
2266,5,16.0,19.8,12.2,europe,"Ocean breezes mix with the scent of fresh pastries, while sunlit beaches and elegant architecture create a laid-back yet sophisticated vibe.",43.4832523,-1.5592776,19.0414647963516,100.0,126.862020595603,22.927852668258,86.8364,44700.1384177544,100.0,3.281,5149.0546875,0.1,15.6,34.41,66.8,82.9292682926829,21.2195676873453,78.7804323126547,117109000.0,21287000.0,35958000000.0,4.80404188740469,32646000000.0,31193000000.0,Biarritz,0.07,0.02,0.08,0.07,0.07,0.66,france
2288,6,19.0,22.9,15.4,europe,"Ocean breezes mix with the scent of fresh pastries, while sunlit beaches and elegant architecture create a laid-back yet sophisticated vibe.",43.4832523,-1.5592776,19.0414647963516,100.0,126.862020595603,22.927852668258,86.8364,44700.1384177544,100.0,3.281,5149.0546875,0.1,15.6,34.41,66.8,82.9292682926829,21.2195676873453,78.7804323126547,117109000.0,21287000.0,35958000000.0,4.80404188740469,32646000000.0,31193000000.0,Biarritz,0.07,0.02,0.08,0.07,0.07,0.66,france
2310,7,21.2,24.5,17.4,europe,"Ocean breezes mix with the scent of fresh pastries, while sunlit beaches and elegant architecture create a laid-back yet sophisticated vibe.",43.4832523,-1.5592776,19.0414647963516,100.0,126.862020595603,22.927852668258,86.8364,44700.1384177544,100.0,3.281,5149.0546875,0.1,15.6,34.41,66.8,82.9292682926829,21.2195676873453,78.7804323126547,117109000.0,21287000.0,35958000000.0,4.80404188740469,32646000000.0,31193000000.0,Biarritz,0.07,0.02,0.08,0.07,0.07,0.66,france
2332,8,21.4,25.3,17.5,europe,"Ocean breezes mix with the scent of fresh pastries, while sunlit beaches and elegant architecture create a laid-back yet sophisticated vibe.",43.4832523,-1.5592776,19.0414647963516,100.0,126.862020595603,22.927852668258,86.8364,44700.1384177544,100.0,3.281,5149.0546875,0.1,15.6,34.41,66.8,82.9292682926829,21.2195676873453,78.7804323126547,117109000.0,21287000.0,35958000000.0,4.80404188740469,32646000000.0,31193000000.0,Biarritz,0.07,0.02,0.08,0.07,0.07,0.66,france
2354,9,19.1,23.8,14.7,europe,"Ocean breezes mix with the scent of fresh pastries, while sunlit beaches and elegant architecture create a laid-back yet sophisticated vibe.",43.4832523,-1.5592776,19.0414647963516,100.0,126.862020595603,22.927852668258,86.8364,44700.1384177544,100.0,3.281,5149.0546875,0.1,15.6,34.41,66.8,82.9292682926829,21.2195676873453,78.7804323126547,117109000.0,21287000.0,35958000000.0,4.80404188740469,32646000000.0,31193000000.0,Biarritz,0.07,0.02,0.08,0.07,0.07,0.66,france
2376,1,-1.5,4.5,-6.0,asia,Wide boulevards lined with Soviet-era architecture and bustling bazaars create a unique blend of history and vibrant local life.,42.8777895,74.6066926,54.9649380173491,100.0,37.0164233576642,19.5003943309627,88.4701,2138.22210211478,94.3000416733557,1.568,96.65081787,2.7,29.8,4.35,7.39,72.2487804878049,65.293560824638,34.706439175362,8508000.0,5314000.0,195000000.0,8.00683978454576,151000000.0,185000000.0,Bishkek,0.1,0.36,0.43,0.41,0.25,0.62,kyrgyzstan
2398,10,11.2,17.4,5.2,asia,Wide boulevards lined with Soviet-era architecture and bustling bazaars create a unique blend of history and vibrant local life.,42.8777895,74.6066926,54.9649380173491,100.0,37.0164233576642,19.5003943309627,88.4701,2138.22210211478,94.3000416733557,1.568,96.65081787,2.7,29.8,4.35,7.39,72.2487804878049,65.293560824638,34.706439175362,8508000.0,5314000.0,195000000.0,8.00683978454576,151000000.0,185000000.0,Bishkek,0.1,0.36,0.43,0.41,0.25,0.62,kyrgyzstan
2420,11,3.8,9.8,-0.6,asia,Wide boulevards lined with Soviet-era architecture and bustling bazaars create a unique blend of history and vibrant local life.,42.8777895,74.6066926,54.9649380173491,100.0,37.0164233576642,19.5003943309627,88.4701,2138.22210211478,94.3000416733557,1.568,96.65081787,2.7,29.8,4.35,7.39,72.2487804878049,65.293560824638,34.706439175362,8508000.0,5314000.0,195000000.0,8.00683978454576,151000000.0,185000000.0,Bishkek,0.1,0.36,0.43,0.41,0.25,0.62,kyrgyzstan
2442,12,-0.5,4.6,-5.3,asia,Wide boulevards lined with Soviet-era architecture and bustling bazaars create a unique blend of history and vibrant local life.,42.8777895,74.6066926,54.9649380173491,100.0,37.0164233576642,19.5003943309627,88.4701,2138.22210211478,94.3000416733557,1.568,96.65081787,2.7,29.8,4.35,7.39,72.2487804878049,65.293560824638,34.706439175362,8508000.0,5314000.0,195000000.0,8.00683978454576,151000000.0,185000000.0,Bishkek,0.1,0.36,0.43,0.41,0.25,0.62,kyrgyzstan
2464,2,1.5,8.0,-2.9,asia,Wide boulevards lined with Soviet-era architecture and bustling bazaars create a unique blend of history and vibrant local life.,42.8777895,74.6066926,54.9649380173491,100.0,37.0164233576642,19.5003943309627,88.4701,2138.22210211478,94.3000416733557,1.568,96.65081787,2.7,29.8,4.35,7.39,72.2487804878049,65.293560824638,34.706439175362,8508000.0,5314000.0,195000000.0,8.00683978454576,151000000.0,185000000.0,Bishkek,0.1,0.36,0.43,0.41,0.25,0.62,kyrgyzstan
2486,3,7.8,13.5,2.6,asia,Wide boulevards lined with Soviet-era architecture and bustling bazaars create a unique blend of history and vibrant local life.,42.8777895,74.6066926,54.9649380173491,100.0,37.0164233576642,19.5003943309627,88.4701,2138.22210211478,94.3000416733557,1.568,96.65081787,2.7,29.8,4.35,7.39,72.2487804878049,65.293560824638,34.706439175362,8508000.0,5314000.0,195000000.0,8.00683978454576,151000000.0,185000000.0,Bishkek,0.1,0.36,0.43,0.41,0.25,0.62,kyrgyzstan
2508,4,13.8,20.1,8.1,asia,Wide boulevards lined with Soviet-era architecture and bustling bazaars create a unique blend of history and vibrant local life.,42.8777895,74.6066926,54.9649380173491,100.0,37.0164233576642,19.5003943309627,88.4701,2138.22210211478,94.3000416733557,1.568,96.65081787,2.7,29.8,4.35,7.39,72.2487804878049,65.293560824638,34.706439175362,8508000.0,5314000.0,195000000.0,8.00683978454576,151000000.0,185000000.0,Bishkek,0.1,0.36,0.43,0.41,0.25,0.62,kyrgyzstan
2530,5,18.8,25.1,12.3,asia,Wide boulevards lined with Soviet-era architecture and bustling bazaars create a unique blend of history and vibrant local life.,42.8777895,74.6066926,54.9649380173491,100.0,37.0164233576642,19.5003943309627,88.4701,2138.22210211478,94.3000416733557,1.568,96.65081787,2.7,29.8,4.35,7.39,72.2487804878049,65.293560824638,34.706439175362,8508000.0,5314000.0,195000000.0,8.00683978454576,151000000.0,185000000.0,Bishkek,0.1,0.36,0.43,0.41,0.25,0.62,kyrgyzstan
2552,6,24.2,31.2,17.2,asia,Wide boulevards lined with Soviet-era architecture and bustling bazaars create a unique blend of history and vibrant local life.,42.8777895,74.6066926,54.9649380173491,100.0,37.0164233576642,19.5003943309627,88.4701,2138.22210211478,94.3000416733557,1.568,96.65081787,2.7,29.8,4.35,7.39,72.2487804878049,65.293560824638,34.706439175362,8508000.0,5314000.0,195000000.0,8.00683978454576,151000000.0,185000000.0,Bishkek,0.1,0.36,0.43,0.41,0.25,0.62,kyrgyzstan
2574,7,27.0,34.3,20.1,asia,Wide boulevards lined with Soviet-era architecture and bustling bazaars create a unique blend of history and vibrant local life.,42.8777895,74.6066926,54.9649380173491,100.0,37.0164233576642,19.5003943309627,88.4701,2138.22210211478,94.3000416733557,1.568,96.65081787,2.7,29.8,4.35,7.39,72.2487804878049,65.293560824638,34.706439175362,8508000.0,5314000.0,195000000.0,8.00683978454576,151000000.0,185000000.0,Bishkek,0.1,0.36,0.43,0.41,0.25,0.62,kyrgyzstan
2596,8,24.5,31.5,17.7,asia,Wide boulevards lined with Soviet-era architecture and bustling bazaars create a unique blend of history and vibrant local life.,42.8777895,74.6066926,54.9649380173491,100.0,37.0164233576642,19.5003943309627,88.4701,2138.22210211478,94.3000416733557,1.568,96.65081787,2.7,29.8,4.35,7.39,72.2487804878049,65.293560824638,34.706439175362,8508000.0,5314000.0,195000000.0,8.00683978454576,151000000.0,185000000.0,Bishkek,0.1,0.36,0.43,0.41,0.25,0.62,kyrgyzstan
2618,9,19.0,26.2,11.8,asia,Wide boulevards lined with Soviet-era architecture and bustling bazaars create a unique blend of history and vibrant local life.,42.8777895,74.6066926,54.9649380173491,100.0,37.0164233576642,19.5003943309627,88.4701,2138.22210211478,94.3000416733557,1.568,96.65081787,2.7,29.8,4.35,7.39,72.2487804878049,65.293560824638,34.706439175362,8508000.0,5314000.0,195000000.0,8.00683978454576,151000000.0,185000000.0,Bishkek,0.1,0.36,0.43,0.41,0.25,0.62,kyrgyzstan
2640,1,23.9,27.1,20.2,africa,"A city where bustling markets, friendly locals, and the aroma of street food create a vibrant and welcoming atmosphere.",-15.7862543,35.0035694,10.4247929804357,15.6,223.84898175647,6.04760638048354,17.9881,633.214767978695,72.2285522528925,0.054,41.26664734,75.4,50.7,1.16,2.59,67.353,83.0251253334644,16.9748746665356,871000.0,1070000.0,35000000.0,2.67516341667285,30000000.0,119000000.0,Blantyre,0.11,0.17,0.03,0.03,0.08,0.16,malawi
2662,10,26.5,31.2,19.5,africa,"A city where bustling markets, friendly locals, and the aroma of street food create a vibrant and welcoming atmosphere.",-15.7862543,35.0035694,10.4247929804357,15.6,223.84898175647,6.04760638048354,17.9881,633.214767978695,72.2285522528925,0.054,41.26664734,75.4,50.7,1.16,2.59,67.353,83.0251253334644,16.9748746665356,871000.0,1070000.0,35000000.0,2.67516341667285,30000000.0,119000000.0,Blantyre,0.11,0.17,0.03,0.03,0.08,0.16,malawi
2684,11,26.9,31.0,20.5,africa,"A city where bustling markets, friendly locals, and the aroma of street food create a vibrant and welcoming atmosphere.",-15.7862543,35.0035694,10.4247929804357,15.6,223.84898175647,6.04760638048354,17.9881,633.214767978695,72.2285522528925,0.054,41.26664734,75.4,50.7,1.16,2.59,67.353,83.0251253334644,16.9748746665356,871000.0,1070000.0,35000000.0,2.67516341667285,30000000.0,119000000.0,Blantyre,0.11,0.17,0.03,0.03,0.08,0.16,malawi
2706,12,26.4,30.2,21.3,africa,"A city where bustling markets, friendly locals, and the aroma of street food create a vibrant and welcoming atmosphere.",-15.7862543,35.0035694,10.4247929804357,15.6,223.84898175647,6.04760638048354,17.9881,633.214767978695,72.2285522528925,0.054,41.26664734,75.4,50.7,1.16,2.59,67.353,83.0251253334644,16.9748746665356,871000.0,1070000.0,35000000.0,2.67516341667285,30000000.0,119000000.0,Blantyre,0.11,0.17,0.03,0.03,0.08,0.16,malawi
2728,2,24.7,27.5,20.0,africa,"A city where bustling markets, friendly locals, and the aroma of street food create a vibrant and welcoming atmosphere.",-15.7862543,35.0035694,10.4247929804357,15.6,223.84898175647,6.04760638048354,17.9881,633.214767978695,72.2285522528925,0.054,41.26664734,75.4,50.7,1.16,2.59,67.353,83.0251253334644,16.9748746665356,871000.0,1070000.0,35000000.0,2.67516341667285,30000000.0,119000000.0,Blantyre,0.11,0.17,0.03,0.03,0.08,0.16,malawi
2750,3,24.2,26.7,19.2,africa,"A city where bustling markets, friendly locals, and the aroma of street food create a vibrant and welcoming atmosphere.",-15.7862543,35.0035694,10.4247929804357,15.6,223.84898175647,6.04760638048354,17.9881,633.214767978695,72.2285522528925,0.054,41.26664734,75.4,50.7,1.16,2.59,67.353,83.0251253334644,16.9748746665356,871000.0,1070000.0,35000000.0,2.67516341667285,30000000.0,119000000.0,Blantyre,0.11,0.17,0.03,0.03,0.08,0.16,malawi
2772,4,22.7,26.2,18.0,africa,"A city where bustling markets, friendly locals, and the aroma of street food create a vibrant and welcoming atmosphere.",-15.7862543,35.0035694,10.4247929804357,15.6,223.84898175647,6.04760638048354,17.9881,633.214767978695,72.2285522528925,0.054,41.26664734,75.4,50.7,1.16,2.59,67.353,83.0251253334644,16.9748746665356,871000.0,1070000.0,35000000.0,2.67516341667285,30000000.0,119000000.0,Blantyre,0.11,0.17,0.03,0.03,0.08,0.16,malawi
2794,5,21.7,24.9,15.6,africa,"A city where bustling markets, friendly locals, and the aroma of street food create a vibrant and welcoming atmosphere.",-15.7862543,35.0035694,10.4247929804357,15.6,223.84898175647,6.04760638048354,17.9881,633.214767978695,72.2285522528925,0.054,41.26664734,75.4,50.7,1.16,2.59,67.353,83.0251253334644,16.9748746665356,871000.0,1070000.0,35000000.0,2.67516341667285,30000000.0,119000000.0,Blantyre,0.11,0.17,0.03,0.03,0.08,0.16,malawi
2816,6,19.4,23.3,14.2,africa,"A city where bustling markets, friendly locals, and the aroma of street food create a vibrant and welcoming atmosphere.",-15.7862543,35.0035694,10.4247929804357,15.6,223.84898175647,6.04760638048354,17.9881,633.214767978695,72.2285522528925,0.054,41.26664734,75.4,50.7,1.16,2.59,67.353,83.0251253334644,16.9748746665356,871000.0,1070000.0,35000000.0,2.67516341667285,30000000.0,119000000.0,Blantyre,0.11,0.17,0.03,0.03,0.08,0.16,malawi
2838,7,19.3,23.7,13.5,africa,"A city where bustling markets, friendly locals, and the aroma of street food create a vibrant and welcoming atmosphere.",-15.7862543,35.0035694,10.4247929804357,15.6,223.84898175647,6.04760638048354,17.9881,633.214767978695,72.2285522528925,0.054,41.26664734,75.4,50.7,1.16,2.59,67.353,83.0251253334644,16.9748746665356,871000.0,1070000.0,35000000.0,2.67516341667285,30000000.0,119000000.0,Blantyre,0.11,0.17,0.03,0.03,0.08,0.16,malawi
2860,8,23.1,28.0,15.9,africa,"A city where bustling markets, friendly locals, and the aroma of street food create a vibrant and welcoming atmosphere.",-15.7862543,35.0035694,10.4247929804357,15.6,223.84898175647,6.04760638048354,17.9881,633.214767978695,72.2285522528925,0.054,41.26664734,75.4,50.7,1.16,2.59,67.353,83.0251253334644,16.9748746665356,871000.0,1070000.0,35000000.0,2.67516341667285,30000000.0,119000000.0,Blantyre,0.11,0.17,0.03,0.03,0.08,0.16,malawi
2882,9,25.8,30.3,18.2,africa,"A city where bustling markets, friendly locals, and the aroma of street food create a vibrant and welcoming atmosphere.",-15.7862543,35.0035694,10.4247929804357,15.6,223.84898175647,6.04760638048354,17.9881,633.214767978695,72.2285522528925,0.054,41.26664734,75.4,50.7,1.16,2.59,67.353,83.0251253334644,16.9748746665356,871000.0,1070000.0,35000000.0,2.67516341667285,30000000.0,119000000.0,Blantyre,0.11,0.17,0.03,0.03,0.08,0.16,malawi
2904,1,25.0,28.5,22.6,north_america,"Crystal-clear waters lap against palm-fringed beaches, while vibrant marine life and laid-back island vibes create an unforgettable tropical escape.",9.26847485,-81.99322424821933,30.8839574312676,97.0,60.1072930709086,44.3366865085106,68.5485,18797.1933994045,95.0598439257546,1.625,1557.81286621,3.7,21.7,8.89,30.37,79.594,34.1398728823916,65.8601271176084,647000.0,401000.0,1841000000.0,9.29636264630468,1117000000.0,601000000.0,Bocas del Toro,0.19,0.04,0.02,0.04,0.07,0.15,panama
2926,10,26.4,29.3,24.3,north_america,"Crystal-clear waters lap against palm-fringed beaches, while vibrant marine life and laid-back island vibes create an unforgettable tropical escape.",9.26847485,-81.99322424821933,30.8839574312676,97.0,60.1072930709086,44.3366865085106,68.5485,18797.1933994045,95.0598439257546,1.625,1557.81286621,3.7,21.7,8.89,30.37,79.594,34.1398728823916,65.8601271176084,647000.0,401000.0,1841000000.0,9.29636264630468,1117000000.0,601000000.0,Bocas del Toro,0.19,0.04,0.02,0.04,0.07,0.15,panama
2948,11,25.7,28.6,23.7,north_america,"Crystal-clear waters lap against palm-fringed beaches, while vibrant marine life and laid-back island vibes create an unforgettable tropical escape.",9.26847485,-81.99322424821933,30.8839574312676,97.0,60.1072930709086,44.3366865085106,68.5485,18797.1933994045,95.0598439257546,1.625,1557.81286621,3.7,21.7,8.89,30.37,79.594,34.1398728823916,65.8601271176084,647000.0,401000.0,1841000000.0,9.29636264630468,1117000000.0,601000000.0,Bocas del Toro,0.19,0.04,0.02,0.04,0.07,0.15,panama
2970,12,25.1,28.5,22.8,north_america,"Crystal-clear waters lap against palm-fringed beaches, while vibrant marine life and laid-back island vibes create an unforgettable tropical escape.",9.26847485,-81.99322424821933,30.8839574312676,97.0,60.1072930709086,44.3366865085106,68.5485,18797.1933994045,95.0598439257546,1.625,1557.81286621,3.7,21.7,8.89,30.37,79.594,34.1398728823916,65.8601271176084,647000.0,401000.0,1841000000.0,9.29636264630468,1117000000.0,601000000.0,Bocas del Toro,0.19,0.04,0.02,0.04,0.07,0.15,panama
2992,2,24.9,28.1,22.6,north_america,"Crystal-clear waters lap against palm-fringed beaches, while vibrant marine life and laid-back island vibes create an unforgettable tropical escape.",9.26847485,-81.99322424821933,30.8839574312676,97.0,60.1072930709086,44.3366865085106,68.5485,18797.1933994045,95.0598439257546,1.625,1557.81286621,3.7,21.7,8.89,30.37,79.594,34.1398728823916,65.8601271176084,647000.0,401000.0,1841000000.0,9.29636264630468,1117000000.0,601000000.0,Bocas del Toro,0.19,0.04,0.02,0.04,0.07,0.15,panama
3014,3,25.5,28.7,23.1,north_america,"Crystal-clear waters lap against palm-fringed beaches, while vibrant marine life and laid-back island vibes create an unforgettable tropical escape.",9.26847485,-81.99322424821933,30.8839574312676,97.0,60.1072930709086,44.3366865085106,68.5485,18797.1933994045,95.0598439257546,1.625,1557.81286621,3.7,21.7,8.89,30.37,79.594,34.1398728823916,65.8601271176084,647000.0,401000.0,1841000000.0,9.29636264630468,1117000000.0,601000000.0,Bocas del Toro,0.19,0.04,0.02,0.04,0.07,0.15,panama
3036,4,26.0,29.1,23.8,north_america,"Crystal-clear waters lap against palm-fringed beaches, while vibrant marine life and laid-back island vibes create an unforgettable tropical escape.",9.26847485,-81.99322424821933,30.8839574312676,97.0,60.1072930709086,44.3366865085106,68.5485,18797.1933994045,95.0598439257546,1.625,1557.81286621,3.7,21.7,8.89,30.37,79.594,34.1398728823916,65.8601271176084,647000.0,401000.0,1841000000.0,9.29636264630468,1117000000.0,601000000.0,Bocas del Toro,0.19,0.04,0.02,0.04,0.07,0.15,panama
3058,5,26.9,29.9,24.7,north_america,"Crystal-clear waters lap against palm-fringed beaches, while vibrant marine life and laid-back island vibes create an unforgettable tropical escape.",9.26847485,-81.99322424821933,30.8839574312676,97.0,60.1072930709086,44.3366865085106,68.5485,18797.1933994045,95.0598439257546,1.625,1557.81286621,3.7,21.7,8.89,30.37,79.594,34.1398728823916,65.8601271176084,647000.0,401000.0,1841000000.0,9.29636264630468,1117000000.0,601000000.0,Bocas del Toro,0.19,0.04,0.02,0.04,0.07,0.15,panama
3080,6,26.6,29.6,24.6,north_america,"Crystal-clear waters lap against palm-fringed beaches, while vibrant marine life and laid-back island vibes create an unforgettable tropical escape.",9.26847485,-81.99322424821933,30.8839574312676,97.0,60.1072930709086,44.3366865085106,68.5485,18797.1933994045,95.0598439257546,1.625,1557.81286621,3.7,21.7,8.89,30.37,79.594,34.1398728823916,65.8601271176084,647000.0,401000.0,1841000000.0,9.29636264630468,1117000000.0,601000000.0,Bocas del Toro,0.19,0.04,0.02,0.04,0.07,0.15,panama
3102,7,26.2,29.0,24.2,north_america,"Crystal-clear waters lap against palm-fringed beaches, while vibrant marine life and laid-back island vibes create an unforgettable tropical escape.",9.26847485,-81.99322424821933,30.8839574312676,97.0,60.1072930709086,44.3366865085106,68.5485,18797.1933994045,95.0598439257546,1.625,1557.81286621,3.7,21.7,8.89,30.37,79.594,34.1398728823916,65.8601271176084,647000.0,401000.0,1841000000.0,9.29636264630468,1117000000.0,601000000.0,Bocas del Toro,0.19,0.04,0.02,0.04,0.07,0.15,panama
3124,8,26.5,29.4,24.2,north_america,"Crystal-clear waters lap against palm-fringed beaches, while vibrant marine life and laid-back island vibes create an unforgettable tropical escape.",9.26847485,-81.99322424821933,30.8839574312676,97.0,60.1072930709086,44.3366865085106,68.5485,18797.1933994045,95.0598439257546,1.625,1557.81286621,3.7,21.7,8.89,30.37,79.594,34.1398728823916,65.8601271176084,647000.0,401000.0,1841000000.0,9.29636264630468,1117000000.0,601000000.0,Bocas del Toro,0.19,0.04,0.02,0.04,0.07,0.15,panama
3146,9,26.7,29.6,24.4,north_america,"Crystal-clear waters lap against palm-fringed beaches, while vibrant marine life and laid-back island vibes create an unforgettable tropical escape.",9.26847485,-81.99322424821933,30.8839574312676,97.0,60.1072930709086,44.3366865085106,68.5485,18797.1933994045,95.0598439257546,1.625,1557.81286621,3.7,21.7,8.89,30.37,79.594,34.1398728823916,65.8601271176084,647000.0,401000.0,1841000000.0,9.29636264630468,1117000000.0,601000000.0,Bocas del Toro,0.19,0.04,0.02,0.04,0.07,0.15,panama
3168,1,6.9,10.7,3.9,europe,"Strolling through sun-dappled streets, you'll find stunning architecture, vibrant markets, and the rich aroma of freshly baked baguettes filling the air.",44.841225,-0.5800364,19.0414647963516,100.0,126.862020595603,22.927852668258,86.8364,44700.1384177544,100.0,3.281,5149.0546875,0.1,15.6,34.41,66.8,82.9292682926829,21.2195676873453,78.7804323126547,117109000.0,21287000.0,35958000000.0,4.80404188740469,32646000000.0,31193000000.0,Bordeaux,0.41,0.5,0.46,0.47,0.61,1.75,france
3190,10,15.2,20.5,11.2,europe,"Strolling through sun-dappled streets, you'll find stunning architecture, vibrant markets, and the rich aroma of freshly baked baguettes filling the air.",44.841225,-0.5800364,19.0414647963516,100.0,126.862020595603,22.927852668258,86.8364,44700.1384177544,100.0,3.281,5149.0546875,0.1,15.6,34.41,66.8,82.9292682926829,21.2195676873453,78.7804323126547,117109000.0,21287000.0,35958000000.0,4.80404188740469,32646000000.0,31193000000.0,Bordeaux,0.41,0.5,0.46,0.47,0.61,1.75,france
3212,11,10.5,14.9,7.2,europe,"Strolling through sun-dappled streets, you'll find stunning architecture, vibrant markets, and the rich aroma of freshly baked baguettes filling the air.",44.841225,-0.5800364,19.0414647963516,100.0,126.862020595603,22.927852668258,86.8364,44700.1384177544,100.0,3.281,5149.0546875,0.1,15.6,34.41,66.8,82.9292682926829,21.2195676873453,78.7804323126547,117109000.0,21287000.0,35958000000.0,4.80404188740469,32646000000.0,31193000000.0,Bordeaux,0.41,0.5,0.46,0.47,0.61,1.75,france
3234,12,8.3,12.2,5.5,europe,"Strolling through sun-dappled streets, you'll find stunning architecture, vibrant markets, and the rich aroma of freshly baked baguettes filling the air.",44.841225,-0.5800364,19.0414647963516,100.0,126.862020595603,22.927852668258,86.8364,44700.1384177544,100.0,3.281,5149.0546875,0.1,15.6,34.41,66.8,82.9292682926829,21.2195676873453,78.7804323126547,117109000.0,21287000.0,35958000000.0,4.80404188740469,32646000000.0,31193000000.0,Bordeaux,0.41,0.5,0.46,0.47,0.61,1.75,france
3256,2,8.5,13.3,4.8,europe,"Strolling through sun-dappled streets, you'll find stunning architecture, vibrant markets, and the rich aroma of freshly baked baguettes filling the air.",44.841225,-0.5800364,19.0414647963516,100.0,126.862020595603,22.927852668258,86.8364,44700.1384177544,100.0,3.281,5149.0546875,0.1,15.6,34.41,66.8,82.9292682926829,21.2195676873453,78.7804323126547,117109000.0,21287000.0,35958000000.0,4.80404188740469,32646000000.0,31193000000.0,Bordeaux,0.41,0.5,0.46,0.47,0.61,1.75,france
3278,3,10.5,15.6,6.5,europe,"Strolling through sun-dappled streets, you'll find stunning architecture, vibrant markets, and the rich aroma of freshly baked baguettes filling the air.",44.841225,-0.5800364,19.0414647963516,100.0,126.862020595603,22.927852668258,86.8364,44700.1384177544,100.0,3.281,5149.0546875,0.1,15.6,34.41,66.8,82.9292682926829,21.2195676873453,78.7804323126547,117109000.0,21287000.0,35958000000.0,4.80404188740469,32646000000.0,31193000000.0,Bordeaux,0.41,0.5,0.46,0.47,0.61,1.75,france
3300,4,13.2,18.9,8.4,europe,"Strolling through sun-dappled streets, you'll find stunning architecture, vibrant markets, and the rich aroma of freshly baked baguettes filling the air.",44.841225,-0.5800364,19.0414647963516,100.0,126.862020595603,22.927852668258,86.8364,44700.1384177544,100.0,3.281,5149.0546875,0.1,15.6,34.41,66.8,82.9292682926829,21.2195676873453,78.7804323126547,117109000.0,21287000.0,35958000000.0,4.80404188740469,32646000000.0,31193000000.0,Bordeaux,0.41,0.5,0.46,0.47,0.61,1.75,france
3322,5,16.5,22.0,11.6,europe,"Strolling through sun-dappled streets, you'll find stunning architecture, vibrant markets, and the rich aroma of freshly baked baguettes filling the air.",44.841225,-0.5800364,19.0414647963516,100.0,126.862020595603,22.927852668258,86.8364,44700.1384177544,100.0,3.281,5149.0546875,0.1,15.6,34.41,66.8,82.9292682926829,21.2195676873453,78.7804323126547,117109000.0,21287000.0,35958000000.0,4.80404188740469,32646000000.0,31193000000.0,Bordeaux,0.41,0.5,0.46,0.47,0.61,1.75,france
3344,6,20.2,25.9,15.3,europe,"Strolling through sun-dappled streets, you'll find stunning architecture, vibrant markets, and the rich aroma of freshly baked baguettes filling the air.",44.841225,-0.5800364,19.0414647963516,100.0,126.862020595603,22.927852668258,86.8364,44700.1384177544,100.0,3.281,5149.0546875,0.1,15.6,34.41,66.8,82.9292682926829,21.2195676873453,78.7804323126547,117109000.0,21287000.0,35958000000.0,4.80404188740469,32646000000.0,31193000000.0,Bordeaux,0.41,0.5,0.46,0.47,0.61,1.75,france
3366,7,22.2,28.3,16.9,europe,"Strolling through sun-dappled streets, you'll find stunning architecture, vibrant markets, and the rich aroma of freshly baked baguettes filling the air.",44.841225,-0.5800364,19.0414647963516,100.0,126.862020595603,22.927852668258,86.8364,44700.1384177544,100.0,3.281,5149.0546875,0.1,15.6,34.41,66.8,82.9292682926829,21.2195676873453,78.7804323126547,117109000.0,21287000.0,35958000000.0,4.80404188740469,32646000000.0,31193000000.0,Bordeaux,0.41,0.5,0.46,0.47,0.61,1.75,france
3388,8,22.1,28.7,16.7,europe,"Strolling through sun-dappled streets, you'll find stunning architecture, vibrant markets, and the rich aroma of freshly baked baguettes filling the air.",44.841225,-0.5800364,19.0414647963516,100.0,126.862020595603,22.927852668258,86.8364,44700.1384177544,100.0,3.281,5149.0546875,0.1,15.6,34.41,66.8,82.9292682926829,21.2195676873453,78.7804323126547,117109000.0,21287000.0,35958000000.0,4.80404188740469,32646000000.0,31193000000.0,Bordeaux,0.41,0.5,0.46,0.47,0.61,1.75,france
3410,9,19.0,25.3,14.1,europe,"Strolling through sun-dappled streets, you'll find stunning architecture, vibrant markets, and the rich aroma of freshly baked baguettes filling the air.",44.841225,-0.5800364,19.0414647963516,100.0,126.862020595603,22.927852668258,86.8364,44700.1384177544,100.0,3.281,5149.0546875,0.1,15.6,34.41,66.8,82.9292682926829,21.2195676873453,78.7804323126547,117109000.0,21287000.0,35958000000.0,4.80404188740469,32646000000.0,31193000000.0,Bordeaux,0.41,0.5,0.46,0.47,0.61,1.75,france
3432,1,9.7,13.3,6.6,europe,"Charming cobblestone streets and ancient churches create a serene atmosphere, while lively squares and local eateries offer a warm, welcoming experience.",41.5510583,-8.4280045,47.7343491046383,100.0,115.475189289738,40.887850776514,85.7901,27634.6183139773,99.2762210572337,5.851,2762.26293945,0.4,16.4,20.44,41.07,82.2804878048781,38.7951347366336,61.2048652633664,4208000.0,680000.0,10522000000.0,12.2444835483225,8835000000.0,3536000000.0,Braga,0.85,0.43,0.15,0.24,0.08,0.69,portugal
3454,10,16.2,19.8,13.2,europe,"Charming cobblestone streets and ancient churches create a serene atmosphere, while lively squares and local eateries offer a warm, welcoming experience.",41.5510583,-8.4280045,47.7343491046383,100.0,115.475189289738,40.887850776514,85.7901,27634.6183139773,99.2762210572337,5.851,2762.26293945,0.4,16.4,20.44,41.07,82.2804878048781,38.7951347366336,61.2048652633664,4208000.0,680000.0,10522000000.0,12.2444835483225,8835000000.0,3536000000.0,Braga,0.85,0.43,0.15,0.24,0.08,0.69,portugal
3476,11,13.1,16.2,10.5,europe,"Charming cobblestone streets and ancient churches create a serene atmosphere, while lively squares and local eateries offer a warm, welcoming experience.",41.5510583,-8.4280045,47.7343491046383,100.0,115.475189289738,40.887850776514,85.7901,27634.6183139773,99.2762210572337,5.851,2762.26293945,0.4,16.4,20.44,41.07,82.2804878048781,38.7951347366336,61.2048652633664,4208000.0,680000.0,10522000000.0,12.2444835483225,8835000000.0,3536000000.0,Braga,0.85,0.43,0.15,0.24,0.08,0.69,portugal
3498,12,11.1,14.2,8.5,europe,"Charming cobblestone streets and ancient churches create a serene atmosphere, while lively squares and local eateries offer a warm, welcoming experience.",41.5510583,-8.4280045,47.7343491046383,100.0,115.475189289738,40.887850776514,85.7901,27634.6183139773,99.2762210572337,5.851,2762.26293945,0.4,16.4,20.44,41.07,82.2804878048781,38.7951347366336,61.2048652633664,4208000.0,680000.0,10522000000.0,12.2444835483225,8835000000.0,3536000000.0,Braga,0.85,0.43,0.15,0.24,0.08,0.69,portugal
3520,2,11.3,15.1,7.9,europe,"Charming cobblestone streets and ancient churches create a serene atmosphere, while lively squares and local eateries offer a warm, welcoming experience.",41.5510583,-8.4280045,47.7343491046383,100.0,115.475189289738,40.887850776514,85.7901,27634.6183139773,99.2762210572337,5.851,2762.26293945,0.4,16.4,20.44,41.07,82.2804878048781,38.7951347366336,61.2048652633664,4208000.0,680000.0,10522000000.0,12.2444835483225,8835000000.0,3536000000.0,Braga,0.85,0.43,0.15,0.24,0.08,0.69,portugal
3542,3,12.7,16.5,9.5,europe,"Charming cobblestone streets and ancient churches create a serene atmosphere, while lively squares and local eateries offer a warm, welcoming experience.",41.5510583,-8.4280045,47.7343491046383,100.0,115.475189289738,40.887850776514,85.7901,27634.6183139773,99.2762210572337,5.851,2762.26293945,0.4,16.4,20.44,41.07,82.2804878048781,38.7951347366336,61.2048652633664,4208000.0,680000.0,10522000000.0,12.2444835483225,8835000000.0,3536000000.0,Braga,0.85,0.43,0.15,0.24,0.08,0.69,portugal
3564,4,14.1,17.8,10.4,europe,"Charming cobblestone streets and ancient churches create a serene atmosphere, while lively squares and local eateries offer a warm, welcoming experience.",41.5510583,-8.4280045,47.7343491046383,100.0,115.475189289738,40.887850776514,85.7901,27634.6183139773,99.2762210572337,5.851,2762.26293945,0.4,16.4,20.44,41.07,82.2804878048781,38.7951347366336,61.2048652633664,4208000.0,680000.0,10522000000.0,12.2444835483225,8835000000.0,3536000000.0,Braga,0.85,0.43,0.15,0.24,0.08,0.69,portugal
3586,5,16.5,20.3,12.5,europe,"Charming cobblestone streets and ancient churches create a serene atmosphere, while lively squares and local eateries offer a warm, welcoming experience.",41.5510583,-8.4280045,47.7343491046383,100.0,115.475189289738,40.887850776514,85.7901,27634.6183139773,99.2762210572337,5.851,2762.26293945,0.4,16.4,20.44,41.07,82.2804878048781,38.7951347366336,61.2048652633664,4208000.0,680000.0,10522000000.0,12.2444835483225,8835000000.0,3536000000.0,Braga,0.85,0.43,0.15,0.24,0.08,0.69,portugal
3608,6,17.6,21.2,14.0,europe,"Charming cobblestone streets and ancient churches create a serene atmosphere, while lively squares and local eateries offer a warm, welcoming experience.",41.5510583,-8.4280045,47.7343491046383,100.0,115.475189289738,40.887850776514,85.7901,27634.6183139773,99.2762210572337,5.851,2762.26293945,0.4,16.4,20.44,41.07,82.2804878048781,38.7951347366336,61.2048652633664,4208000.0,680000.0,10522000000.0,12.2444835483225,8835000000.0,3536000000.0,Braga,0.85,0.43,0.15,0.24,0.08,0.69,portugal
3630,7,19.6,23.6,15.7,europe,"Charming cobblestone streets and ancient churches create a serene atmosphere, while lively squares and local eateries offer a warm, welcoming experience.",41.5510583,-8.4280045,47.7343491046383,100.0,115.475189289738,40.887850776514,85.7901,27634.6183139773,99.2762210572337,5.851,2762.26293945,0.4,16.4,20.44,41.07,82.2804878048781,38.7951347366336,61.2048652633664,4208000.0,680000.0,10522000000.0,12.2444835483225,8835000000.0,3536000000.0,Braga,0.85,0.43,0.15,0.24,0.08,0.69,portugal
3652,8,19.4,23.4,15.6,europe,"Charming cobblestone streets and ancient churches create a serene atmosphere, while lively squares and local eateries offer a warm, welcoming experience.",41.5510583,-8.4280045,47.7343491046383,100.0,115.475189289738,40.887850776514,85.7901,27634.6183139773,99.2762210572337,5.851,2762.26293945,0.4,16.4,20.44,41.07,82.2804878048781,38.7951347366336,61.2048652633664,4208000.0,680000.0,10522000000.0,12.2444835483225,8835000000.0,3536000000.0,Braga,0.85,0.43,0.15,0.24,0.08,0.69,portugal
3674,9,18.7,22.8,15.0,europe,"Charming cobblestone streets and ancient churches create a serene atmosphere, while lively squares and local eateries offer a warm, welcoming experience.",41.5510583,-8.4280045,47.7343491046383,100.0,115.475189289738,40.887850776514,85.7901,27634.6183139773,99.2762210572337,5.851,2762.26293945,0.4,16.4,20.44,41.07,82.2804878048781,38.7951347366336,61.2048652633664,4208000.0,680000.0,10522000000.0,12.2444835483225,8835000000.0,3536000000.0,Braga,0.85,0.43,0.15,0.24,0.08,0.69,portugal
3696,1,-5.5,0.2,-11.0,north_america,"A dynamic blend of urban sophistication and stunning natural landscapes, where vibrant arts scenes meet the majestic Rockies under vast blue skies.",51.0456064,-114.057541,29.408234935715,100.0,4.56079784268436,44.8021259828612,93.9564,54220.3285039875,98.2905039744417,2.819,6186.65234375,0.2,22.95,40.8,77.73,81.6465853658537,17.4749435591654,82.5250564408346,32430000.0,37845898.4375,19994000000.0,3.65670128143171,11256000000.0,41247000000.0,Calgary,2.52,0.49,0.48,0.9,0.48,2.29,canada
3718,10,5.4,11.5,-0.6,north_america,"A dynamic blend of urban sophistication and stunning natural landscapes, where vibrant arts scenes meet the majestic Rockies under vast blue skies.",51.0456064,-114.057541,29.408234935715,100.0,4.56079784268436,44.8021259828612,93.9564,54220.3285039875,98.2905039744417,2.819,6186.65234375,0.2,22.95,40.8,77.73,81.6465853658537,17.4749435591654,82.5250564408346,32430000.0,37845898.4375,19994000000.0,3.65670128143171,11256000000.0,41247000000.0,Calgary,2.52,0.49,0.48,0.9,0.48,2.29,canada
3740,11,-1.0,4.6,-6.4,north_america,"A dynamic blend of urban sophistication and stunning natural landscapes, where vibrant arts scenes meet the majestic Rockies under vast blue skies.",51.0456064,-114.057541,29.408234935715,100.0,4.56079784268436,44.8021259828612,93.9564,54220.3285039875,98.2905039744417,2.819,6186.65234375,0.2,22.95,40.8,77.73,81.6465853658537,17.4749435591654,82.5250564408346,32430000.0,37845898.4375,19994000000.0,3.65670128143171,11256000000.0,41247000000.0,Calgary,2.52,0.49,0.48,0.9,0.48,2.29,canada
3762,12,-6.0,-0.8,-11.2,north_america,"A dynamic blend of urban sophistication and stunning natural landscapes, where vibrant arts scenes meet the majestic Rockies under vast blue skies.",51.0456064,-114.057541,29.408234935715,100.0,4.56079784268436,44.8021259828612,93.9564,54220.3285039875,98.2905039744417,2.819,6186.65234375,0.2,22.95,40.8,77.73,81.6465853658537,17.4749435591654,82.5250564408346,32430000.0,37845898.4375,19994000000.0,3.65670128143171,11256000000.0,41247000000.0,Calgary,2.52,0.49,0.48,0.9,0.48,2.29,canada
3784,2,-6.9,-1.5,-12.3,north_america,"A dynamic blend of urban sophistication and stunning natural landscapes, where vibrant arts scenes meet the majestic Rockies under vast blue skies.",51.0456064,-114.057541,29.408234935715,100.0,4.56079784268436,44.8021259828612,93.9564,54220.3285039875,98.2905039744417,2.819,6186.65234375,0.2,22.95,40.8,77.73,81.6465853658537,17.4749435591654,82.5250564408346,32430000.0,37845898.4375,19994000000.0,3.65670128143171,11256000000.0,41247000000.0,Calgary,2.52,0.49,0.48,0.9,0.48,2.29,canada
3806,3,-1.6,4.2,-7.4,north_america,"A dynamic blend of urban sophistication and stunning natural landscapes, where vibrant arts scenes meet the majestic Rockies under vast blue skies.",51.0456064,-114.057541,29.408234935715,100.0,4.56079784268436,44.8021259828612,93.9564,54220.3285039875,98.2905039744417,2.819,6186.65234375,0.2,22.95,40.8,77.73,81.6465853658537,17.4749435591654,82.5250564408346,32430000.0,37845898.4375,19994000000.0,3.65670128143171,11256000000.0,41247000000.0,Calgary,2.52,0.49,0.48,0.9,0.48,2.29,canada
3828,4,4.6,10.9,-1.7,north_america,"A dynamic blend of urban sophistication and stunning natural landscapes, where vibrant arts scenes meet the majestic Rockies under vast blue skies.",51.0456064,-114.057541,29.408234935715,100.0,4.56079784268436,44.8021259828612,93.9564,54220.3285039875,98.2905039744417,2.819,6186.65234375,0.2,22.95,40.8,77.73,81.6465853658537,17.4749435591654,82.5250564408346,32430000.0,37845898.4375,19994000000.0,3.65670128143171,11256000000.0,41247000000.0,Calgary,2.52,0.49,0.48,0.9,0.48,2.29,canada
3850,5,10.9,17.4,4.4,north_america,"A dynamic blend of urban sophistication and stunning natural landscapes, where vibrant arts scenes meet the majestic Rockies under vast blue skies.",51.0456064,-114.057541,29.408234935715,100.0,4.56079784268436,44.8021259828612,93.9564,54220.3285039875,98.2905039744417,2.819,6186.65234375,0.2,22.95,40.8,77.73,81.6465853658537,17.4749435591654,82.5250564408346,32430000.0,37845898.4375,19994000000.0,3.65670128143171,11256000000.0,41247000000.0,Calgary,2.52,0.49,0.48,0.9,0.48,2.29,canada
3872,6,15.3,21.6,9.0,north_america,"A dynamic blend of urban sophistication and stunning natural landscapes, where vibrant arts scenes meet the majestic Rockies under vast blue skies.",51.0456064,-114.057541,29.408234935715,100.0,4.56079784268436,44.8021259828612,93.9564,54220.3285039875,98.2905039744417,2.819,6186.65234375,0.2,22.95,40.8,77.73,81.6465853658537,17.4749435591654,82.5250564408346,32430000.0,37845898.4375,19994000000.0,3.65670128143171,11256000000.0,41247000000.0,Calgary,2.52,0.49,0.48,0.9,0.48,2.29,canada
3894,7,18.2,24.8,11.6,north_america,"A dynamic blend of urban sophistication and stunning natural landscapes, where vibrant arts scenes meet the majestic Rockies under vast blue skies.",51.0456064,-114.057541,29.408234935715,100.0,4.56079784268436,44.8021259828612,93.9564,54220.3285039875,98.2905039744417,2.819,6186.65234375,0.2,22.95,40.8,77.73,81.6465853658537,17.4749435591654,82.5250564408346,32430000.0,37845898.4375,19994000000.0,3.65670128143171,11256000000.0,41247000000.0,Calgary,2.52,0.49,0.48,0.9,0.48,2.29,canada
3916,8,17.5,24.2,10.8,north_america,"A dynamic blend of urban sophistication and stunning natural landscapes, where vibrant arts scenes meet the majestic Rockies under vast blue skies.",51.0456064,-114.057541,29.408234935715,100.0,4.56079784268436,44.8021259828612,93.9564,54220.3285039875,98.2905039744417,2.819,6186.65234375,0.2,22.95,40.8,77.73,81.6465853658537,17.4749435591654,82.5250564408346,32430000.0,37845898.4375,19994000000.0,3.65670128143171,11256000000.0,41247000000.0,Calgary,2.52,0.49,0.48,0.9,0.48,2.29,canada
3938,9,12.3,18.4,6.0,north_america,"A dynamic blend of urban sophistication and stunning natural landscapes, where vibrant arts scenes meet the majestic Rockies under vast blue skies.",51.0456064,-114.057541,29.408234935715,100.0,4.56079784268436,44.8021259828612,93.9564,54220.3285039875,98.2905039744417,2.819,6186.65234375,0.2,22.95,40.8,77.73,81.6465853658537,17.4749435591654,82.5250564408346,32430000.0,37845898.4375,19994000000.0,3.65670128143171,11256000000.0,41247000000.0,Calgary,2.52,0.49,0.48,0.9,0.48,2.29,canada
3960,1,6.8,10.3,3.4,europe,"Wandering through narrow cobblestone streets, you feel the weight of history enveloped by ancient walls, with the aroma of rustic French cuisine lingering.",43.2130358,2.3491069,19.0414647963516,100.0,126.862020595603,22.927852668258,86.8364,44700.1384177544,100.0,3.281,5149.0546875,0.1,15.6,34.41,66.8,82.9292682926829,21.2195676873453,78.7804323126547,117109000.0,21287000.0,35958000000.0,4.80404188740469,32646000000.0,31193000000.0,Carcassone,0.05,0.18,0.06,0.06,0.02,1.15,france
3982,10,15.8,20.8,11.7,europe,"Wandering through narrow cobblestone streets, you feel the weight of history enveloped by ancient walls, with the aroma of rustic French cuisine lingering.",43.2130358,2.3491069,19.0414647963516,100.0,126.862020595603,22.927852668258,86.8364,44700.1384177544,100.0,3.281,5149.0546875,0.1,15.6,34.41,66.8,82.9292682926829,21.2195676873453,78.7804323126547,117109000.0,21287000.0,35958000000.0,4.80404188740469,32646000000.0,31193000000.0,Carcassone,0.05,0.18,0.06,0.06,0.02,1.15,france
4004,11,10.6,14.7,6.8,europe,"Wandering through narrow cobblestone streets, you feel the weight of history enveloped by ancient walls, with the aroma of rustic French cuisine lingering.",43.2130358,2.3491069,19.0414647963516,100.0,126.862020595603,22.927852668258,86.8364,44700.1384177544,100.0,3.281,5149.0546875,0.1,15.6,34.41,66.8,82.9292682926829,21.2195676873453,78.7804323126547,117109000.0,21287000.0,35958000000.0,4.80404188740469,32646000000.0,31193000000.0,Carcassone,0.05,0.18,0.06,0.06,0.02,1.15,france
4026,12,8.2,12.0,4.6,europe,"Wandering through narrow cobblestone streets, you feel the weight of history enveloped by ancient walls, with the aroma of rustic French cuisine lingering.",43.2130358,2.3491069,19.0414647963516,100.0,126.862020595603,22.927852668258,86.8364,44700.1384177544,100.0,3.281,5149.0546875,0.1,15.6,34.41,66.8,82.9292682926829,21.2195676873453,78.7804323126547,117109000.0,21287000.0,35958000000.0,4.80404188740469,32646000000.0,31193000000.0,Carcassone,0.05,0.18,0.06,0.06,0.02,1.15,france
4048,2,8.7,13.2,4.7,europe,"Wandering through narrow cobblestone streets, you feel the weight of history enveloped by ancient walls, with the aroma of rustic French cuisine lingering.",43.2130358,2.3491069,19.0414647963516,100.0,126.862020595603,22.927852668258,86.8364,44700.1384177544,100.0,3.281,5149.0546875,0.1,15.6,34.41,66.8,82.9292682926829,21.2195676873453,78.7804323126547,117109000.0,21287000.0,35958000000.0,4.80404188740469,32646000000.0,31193000000.0,Carcassone,0.05,0.18,0.06,0.06,0.02,1.15,france
4070,3,10.7,15.6,6.2,europe,"Wandering through narrow cobblestone streets, you feel the weight of history enveloped by ancient walls, with the aroma of rustic French cuisine lingering.",43.2130358,2.3491069,19.0414647963516,100.0,126.862020595603,22.927852668258,86.8364,44700.1384177544,100.0,3.281,5149.0546875,0.1,15.6,34.41,66.8,82.9292682926829,21.2195676873453,78.7804323126547,117109000.0,21287000.0,35958000000.0,4.80404188740469,32646000000.0,31193000000.0,Carcassone,0.05,0.18,0.06,0.06,0.02,1.15,france
4092,4,12.7,18.0,7.8,europe,"Wandering through narrow cobblestone streets, you feel the weight of history enveloped by ancient walls, with the aroma of rustic French cuisine lingering.",43.2130358,2.3491069,19.0414647963516,100.0,126.862020595603,22.927852668258,86.8364,44700.1384177544,100.0,3.281,5149.0546875,0.1,15.6,34.41,66.8,82.9292682926829,21.2195676873453,78.7804323126547,117109000.0,21287000.0,35958000000.0,4.80404188740469,32646000000.0,31193000000.0,Carcassone,0.05,0.18,0.06,0.06,0.02,1.15,france
4114,5,16.4,21.8,11.4,europe,"Wandering through narrow cobblestone streets, you feel the weight of history enveloped by ancient walls, with the aroma of rustic French cuisine lingering.",43.2130358,2.3491069,19.0414647963516,100.0,126.862020595603,22.927852668258,86.8364,44700.1384177544,100.0,3.281,5149.0546875,0.1,15.6,34.41,66.8,82.9292682926829,21.2195676873453,78.7804323126547,117109000.0,21287000.0,35958000000.0,4.80404188740469,32646000000.0,31193000000.0,Carcassone,0.05,0.18,0.06,0.06,0.02,1.15,france
4136,6,21.0,26.7,15.5,europe,"Wandering through narrow cobblestone streets, you feel the weight of history enveloped by ancient walls, with the aroma of rustic French cuisine lingering.",43.2130358,2.3491069,19.0414647963516,100.0,126.862020595603,22.927852668258,86.8364,44700.1384177544,100.0,3.281,5149.0546875,0.1,15.6,34.41,66.8,82.9292682926829,21.2195676873453,78.7804323126547,117109000.0,21287000.0,35958000000.0,4.80404188740469,32646000000.0,31193000000.0,Carcassone,0.05,0.18,0.06,0.06,0.02,1.15,france
4158,7,23.9,30.1,17.8,europe,"Wandering through narrow cobblestone streets, you feel the weight of history enveloped by ancient walls, with the aroma of rustic French cuisine lingering.",43.2130358,2.3491069,19.0414647963516,100.0,126.862020595603,22.927852668258,86.8364,44700.1384177544,100.0,3.281,5149.0546875,0.1,15.6,34.41,66.8,82.9292682926829,21.2195676873453,78.7804323126547,117109000.0,21287000.0,35958000000.0,4.80404188740469,32646000000.0,31193000000.0,Carcassone,0.05,0.18,0.06,0.06,0.02,1.15,france
4180,8,23.9,30.5,17.9,europe,"Wandering through narrow cobblestone streets, you feel the weight of history enveloped by ancient walls, with the aroma of rustic French cuisine lingering.",43.2130358,2.3491069,19.0414647963516,100.0,126.862020595603,22.927852668258,86.8364,44700.1384177544,100.0,3.281,5149.0546875,0.1,15.6,34.41,66.8,82.9292682926829,21.2195676873453,78.7804323126547,117109000.0,21287000.0,35958000000.0,4.80404188740469,32646000000.0,31193000000.0,Carcassone,0.05,0.18,0.06,0.06,0.02,1.15,france
4202,9,20.2,26.4,14.8,europe,"Wandering through narrow cobblestone streets, you feel the weight of history enveloped by ancient walls, with the aroma of rustic French cuisine lingering.",43.2130358,2.3491069,19.0414647963516,100.0,126.862020595603,22.927852668258,86.8364,44700.1384177544,100.0,3.281,5149.0546875,0.1,15.6,34.41,66.8,82.9292682926829,21.2195676873453,78.7804323126547,117109000.0,21287000.0,35958000000.0,4.80404188740469,32646000000.0,31193000000.0,Carcassone,0.05,0.18,0.06,0.06,0.02,1.15,france
4224,1,6.8,10.3,3.4,europe,"Strolling through cobbled streets surrounded by medieval walls, you feel transported to another era, with vibrant markets and cozy restaurants at every turn.",43.2130358,2.3491069,19.0414647963516,100.0,126.862020595603,22.927852668258,86.8364,44700.1384177544,100.0,3.281,5149.0546875,0.1,15.6,34.41,66.8,82.9292682926829,21.2195676873453,78.7804323126547,117109000.0,21287000.0,35958000000.0,4.80404188740469,32646000000.0,31193000000.0,Carcassonne,0.05,0.18,0.06,0.06,0.02,1.15,france
4246,10,15.8,20.8,11.7,europe,"Strolling through cobbled streets surrounded by medieval walls, you feel transported to another era, with vibrant markets and cozy restaurants at every turn.",43.2130358,2.3491069,19.0414647963516,100.0,126.862020595603,22.927852668258,86.8364,44700.1384177544,100.0,3.281,5149.0546875,0.1,15.6,34.41,66.8,82.9292682926829,21.2195676873453,78.7804323126547,117109000.0,21287000.0,35958000000.0,4.80404188740469,32646000000.0,31193000000.0,Carcassonne,0.05,0.18,0.06,0.06,0.02,1.15,france
4268,11,10.6,14.7,6.8,europe,"Strolling through cobbled streets surrounded by medieval walls, you feel transported to another era, with vibrant markets and cozy restaurants at every turn.",43.2130358,2.3491069,19.0414647963516,100.0,126.862020595603,22.927852668258,86.8364,44700.1384177544,100.0,3.281,5149.0546875,0.1,15.6,34.41,66.8,82.9292682926829,21.2195676873453,78.7804323126547,117109000.0,21287000.0,35958000000.0,4.80404188740469,32646000000.0,31193000000.0,Carcassonne,0.05,0.18,0.06,0.06,0.02,1.15,france
4290,12,8.2,12.0,4.6,europe,"Strolling through cobbled streets surrounded by medieval walls, you feel transported to another era, with vibrant markets and cozy restaurants at every turn.",43.2130358,2.3491069,19.0414647963516,100.0,126.862020595603,22.927852668258,86.8364,44700.1384177544,100.0,3.281,5149.0546875,0.1,15.6,34.41,66.8,82.9292682926829,21.2195676873453,78.7804323126547,117109000.0,21287000.0,35958000000.0,4.80404188740469,32646000000.0,31193000000.0,Carcassonne,0.05,0.18,0.06,0.06,0.02,1.15,france
4312,2,8.7,13.2,4.7,europe,"Strolling through cobbled streets surrounded by medieval walls, you feel transported to another era, with vibrant markets and cozy restaurants at every turn.",43.2130358,2.3491069,19.0414647963516,100.0,126.862020595603,22.927852668258,86.8364,44700.1384177544,100.0,3.281,5149.0546875,0.1,15.6,34.41,66.8,82.9292682926829,21.2195676873453,78.7804323126547,117109000.0,21287000.0,35958000000.0,4.80404188740469,32646000000.0,31193000000.0,Carcassonne,0.05,0.18,0.06,0.06,0.02,1.15,france
4334,3,10.7,15.3,6.5,europe,"Strolling through cobbled streets surrounded by medieval walls, you feel transported to another era, with vibrant markets and cozy restaurants at every turn.",43.2130358,2.3491069,19.0414647963516,100.0,126.862020595603,22.927852668258,86.8364,44700.1384177544,100.0,3.281,5149.0546875,0.1,15.6,34.41,66.8,82.9292682926829,21.2195676873453,78.7804323126547,117109000.0,21287000.0,35958000000.0,4.80404188740469,32646000000.0,31193000000.0,Carcassonne,0.05,0.18,0.06,0.06,0.02,1.15,france
4356,4,12.7,18.0,7.8,europe,"Strolling through cobbled streets surrounded by medieval walls, you feel transported to another era, with vibrant markets and cozy restaurants at every turn.",43.2130358,2.3491069,19.0414647963516,100.0,126.862020595603,22.927852668258,86.8364,44700.1384177544,100.0,3.281,5149.0546875,0.1,15.6,34.41,66.8,82.9292682926829,21.2195676873453,78.7804323126547,117109000.0,21287000.0,35958000000.0,4.80404188740469,32646000000.0,31193000000.0,Carcassonne,0.05,0.18,0.06,0.06,0.02,1.15,france
4378,5,16.4,21.8,11.4,europe,"Strolling through cobbled streets surrounded by medieval walls, you feel transported to another era, with vibrant markets and cozy restaurants at every turn.",43.2130358,2.3491069,19.0414647963516,100.0,126.862020595603,22.927852668258,86.8364,44700.1384177544,100.0,3.281,5149.0546875,0.1,15.6,34.41,66.8,82.9292682926829,21.2195676873453,78.7804323126547,117109000.0,21287000.0,35958000000.0,4.80404188740469,32646000000.0,31193000000.0,Carcassonne,0.05,0.18,0.06,0.06,0.02,1.15,france
4400,6,21.0,26.7,15.5,europe,"Strolling through cobbled streets surrounded by medieval walls, you feel transported to another era, with vibrant markets and cozy restaurants at every turn.",43.2130358,2.3491069,19.0414647963516,100.0,126.862020595603,22.927852668258,86.8364,44700.1384177544,100.0,3.281,5149.0546875,0.1,15.6,34.41,66.8,82.9292682926829,21.2195676873453,78.7804323126547,117109000.0,21287000.0,35958000000.0,4.80404188740469,32646000000.0,31193000000.0,Carcassonne,0.05,0.18,0.06,0.06,0.02,1.15,france
4422,7,23.9,30.1,17.8,europe,"Strolling through cobbled streets surrounded by medieval walls, you feel transported to another era, with vibrant markets and cozy restaurants at every turn.",43.2130358,2.3491069,19.0414647963516,100.0,126.862020595603,22.927852668258,86.8364,44700.1384177544,100.0,3.281,5149.0546875,0.1,15.6,34.41,66.8,82.9292682926829,21.2195676873453,78.7804323126547,117109000.0,21287000.0,35958000000.0,4.80404188740469,32646000000.0,31193000000.0,Carcassonne,0.05,0.18,0.06,0.06,0.02,1.15,france
4444,8,23.9,30.5,17.9,europe,"Strolling through cobbled streets surrounded by medieval walls, you feel transported to another era, with vibrant markets and cozy restaurants at every turn.",43.2130358,2.3491069,19.0414647963516,100.0,126.862020595603,22.927852668258,86.8364,44700.1384177544,100.0,3.281,5149.0546875,0.1,15.6,34.41,66.8,82.9292682926829,21.2195676873453,78.7804323126547,117109000.0,21287000.0,35958000000.0,4.80404188740469,32646000000.0,31193000000.0,Carcassonne,0.05,0.18,0.06,0.06,0.02,1.15,france
4466,9,20.2,26.4,14.8,europe,"Strolling through cobbled streets surrounded by medieval walls, you feel transported to another era, with vibrant markets and cozy restaurants at every turn.",43.2130358,2.3491069,19.0414647963516,100.0,126.862020595603,22.927852668258,86.8364,44700.1384177544,100.0,3.281,5149.0546875,0.1,15.6,34.41,66.8,82.9292682926829,21.2195676873453,78.7804323126547,117109000.0,21287000.0,35958000000.0,4.80404188740469,32646000000.0,31193000000.0,Carcassonne,0.05,0.18,0.06,0.06,0.02,1.15,france
4488,1,27.1,29.9,24.9,asia,"Tropical warmth, vibrant street life, and a mix of modern and historic sites create an inviting atmosphere full of discovery and relaxation.",10.47,123.83,18.8662543546901,98.0,385.321122178623,14.4628040656099,83.7661,3804.08274131097,95.465506033898,0.792,194.05484009,5.3,15.5,4.37,9.93,69.833,44.8757283831149,55.1242716168851,1483000.0,1483000.0,2769000000.0,3.45979194990587,2010000000.0,4872000000.0,Cebu,0.44,0.73,0.18,0.29,0.14,0.87,philippines
4510,10,28.2,31.6,25.5,asia,"Tropical warmth, vibrant street life, and a mix of modern and historic sites create an inviting atmosphere full of discovery and relaxation.",10.47,123.83,18.8662543546901,98.0,385.321122178623,14.4628040656099,83.7661,3804.08274131097,95.465506033898,0.792,194.05484009,5.3,15.5,4.37,9.93,69.833,44.8757283831149,55.1242716168851,1483000.0,1483000.0,2769000000.0,3.45979194990587,2010000000.0,4872000000.0,Cebu,0.44,0.73,0.18,0.29,0.14,0.87,philippines
4532,11,28.3,31.2,25.7,asia,"Tropical warmth, vibrant street life, and a mix of modern and historic sites create an inviting atmosphere full of discovery and relaxation.",10.47,123.83,18.8662543546901,98.0,385.321122178623,14.4628040656099,83.7661,3804.08274131097,95.465506033898,0.792,194.05484009,5.3,15.5,4.37,9.93,69.833,44.8757283831149,55.1242716168851,1483000.0,1483000.0,2769000000.0,3.45979194990587,2010000000.0,4872000000.0,Cebu,0.44,0.73,0.18,0.29,0.14,0.87,philippines
4554,12,27.6,30.3,25.3,asia,"Tropical warmth, vibrant street life, and a mix of modern and historic sites create an inviting atmosphere full of discovery and relaxation.",10.47,123.83,18.8662543546901,98.0,385.321122178623,14.4628040656099,83.7661,3804.08274131097,95.465506033898,0.792,194.05484009,5.3,15.5,4.37,9.93,69.833,44.8757283831149,55.1242716168851,1483000.0,1483000.0,2769000000.0,3.45979194990587,2010000000.0,4872000000.0,Cebu,0.44,0.73,0.18,0.29,0.14,0.87,philippines
4576,2,27.0,30.0,24.6,asia,"Tropical warmth, vibrant street life, and a mix of modern and historic sites create an inviting atmosphere full of discovery and relaxation.",10.47,123.83,18.8662543546901,98.0,385.321122178623,14.4628040656099,83.7661,3804.08274131097,95.465506033898,0.792,194.05484009,5.3,15.5,4.37,9.93,69.833,44.8757283831149,55.1242716168851,1483000.0,1483000.0,2769000000.0,3.45979194990587,2010000000.0,4872000000.0,Cebu,0.44,0.73,0.18,0.29,0.14,0.87,philippines
4598,3,27.9,31.2,25.1,asia,"Tropical warmth, vibrant street life, and a mix of modern and historic sites create an inviting atmosphere full of discovery and relaxation.",10.47,123.83,18.8662543546901,98.0,385.321122178623,14.4628040656099,83.7661,3804.08274131097,95.465506033898,0.792,194.05484009,5.3,15.5,4.37,9.93,69.833,44.8757283831149,55.1242716168851,1483000.0,1483000.0,2769000000.0,3.45979194990587,2010000000.0,4872000000.0,Cebu,0.44,0.73,0.18,0.29,0.14,0.87,philippines
4620,4,28.8,32.2,25.9,asia,"Tropical warmth, vibrant street life, and a mix of modern and historic sites create an inviting atmosphere full of discovery and relaxation.",10.47,123.83,18.8662543546901,98.0,385.321122178623,14.4628040656099,83.7661,3804.08274131097,95.465506033898,0.792,194.05484009,5.3,15.5,4.37,9.93,69.833,44.8757283831149,55.1242716168851,1483000.0,1483000.0,2769000000.0,3.45979194990587,2010000000.0,4872000000.0,Cebu,0.44,0.73,0.18,0.29,0.14,0.87,philippines
4642,5,29.5,33.1,26.8,asia,"Tropical warmth, vibrant street life, and a mix of modern and historic sites create an inviting atmosphere full of discovery and relaxation.",10.47,123.83,18.8662543546901,98.0,385.321122178623,14.4628040656099,83.7661,3804.08274131097,95.465506033898,0.792,194.05484009,5.3,15.5,4.37,9.93,69.833,44.8757283831149,55.1242716168851,1483000.0,1483000.0,2769000000.0,3.45979194990587,2010000000.0,4872000000.0,Cebu,0.44,0.73,0.18,0.29,0.14,0.87,philippines
4664,6,28.8,32.3,26.0,asia,"Tropical warmth, vibrant street life, and a mix of modern and historic sites create an inviting atmosphere full of discovery and relaxation.",10.47,123.83,18.8662543546901,98.0,385.321122178623,14.4628040656099,83.7661,3804.08274131097,95.465506033898,0.792,194.05484009,5.3,15.5,4.37,9.93,69.833,44.8757283831149,55.1242716168851,1483000.0,1483000.0,2769000000.0,3.45979194990587,2010000000.0,4872000000.0,Cebu,0.44,0.73,0.18,0.29,0.14,0.87,philippines
4686,7,28.4,31.7,25.8,asia,"Tropical warmth, vibrant street life, and a mix of modern and historic sites create an inviting atmosphere full of discovery and relaxation.",10.47,123.83,18.8662543546901,98.0,385.321122178623,14.4628040656099,83.7661,3804.08274131097,95.465506033898,0.792,194.05484009,5.3,15.5,4.37,9.93,69.833,44.8757283831149,55.1242716168851,1483000.0,1483000.0,2769000000.0,3.45979194990587,2010000000.0,4872000000.0,Cebu,0.44,0.73,0.18,0.29,0.14,0.87,philippines
4708,8,28.6,32.2,25.8,asia,"Tropical warmth, vibrant street life, and a mix of modern and historic sites create an inviting atmosphere full of discovery and relaxation.",10.47,123.83,18.8662543546901,98.0,385.321122178623,14.4628040656099,83.7661,3804.08274131097,95.465506033898,0.792,194.05484009,5.3,15.5,4.37,9.93,69.833,44.8757283831149,55.1242716168851,1483000.0,1483000.0,2769000000.0,3.45979194990587,2010000000.0,4872000000.0,Cebu,0.44,0.73,0.18,0.29,0.14,0.87,philippines
4730,9,28.4,32.0,25.7,asia,"Tropical warmth, vibrant street life, and a mix of modern and historic sites create an inviting atmosphere full of discovery and relaxation.",10.47,123.83,18.8662543546901,98.0,385.321122178623,14.4628040656099,83.7661,3804.08274131097,95.465506033898,0.792,194.05484009,5.3,15.5,4.37,9.93,69.833,44.8757283831149,55.1242716168851,1483000.0,1483000.0,2769000000.0,3.45979194990587,2010000000.0,4872000000.0,Cebu,0.44,0.73,0.18,0.29,0.14,0.87,philippines
4752,1,-5.5,-1.3,-9.5,north_america,Charming streets lined with historic buildings and a gentle sea breeze create a welcoming atmosphere perfect for leisurely exploration and relaxation.,46.234953,-63.132935,29.408234935715,100.0,4.56079784268436,44.8021259828612,93.9564,54220.3285039875,98.2905039744417,2.819,6186.65234375,0.2,22.95,40.8,77.73,81.6465853658537,17.4749435591654,82.5250564408346,32430000.0,37845898.4375,19994000000.0,3.65670128143171,11256000000.0,41247000000.0,Charlottetown,0.07,0.05,0.04,0.05,0.02,0.26,canada
4774,10,9.6,14.0,5.2,north_america,Charming streets lined with historic buildings and a gentle sea breeze create a welcoming atmosphere perfect for leisurely exploration and relaxation.,46.234953,-63.132935,29.408234935715,100.0,4.56079784268436,44.8021259828612,93.9564,54220.3285039875,98.2905039744417,2.819,6186.65234375,0.2,22.95,40.8,77.73,81.6465853658537,17.4749435591654,82.5250564408346,32430000.0,37845898.4375,19994000000.0,3.65670128143171,11256000000.0,41247000000.0,Charlottetown,0.07,0.05,0.04,0.05,0.02,0.26,canada
4796,11,3.6,7.5,0.0,north_america,Charming streets lined with historic buildings and a gentle sea breeze create a welcoming atmosphere perfect for leisurely exploration and relaxation.,46.234953,-63.132935,29.408234935715,100.0,4.56079784268436,44.8021259828612,93.9564,54220.3285039875,98.2905039744417,2.819,6186.65234375,0.2,22.95,40.8,77.73,81.6465853658537,17.4749435591654,82.5250564408346,32430000.0,37845898.4375,19994000000.0,3.65670128143171,11256000000.0,41247000000.0,Charlottetown,0.07,0.05,0.04,0.05,0.02,0.26,canada
4818,12,-1.7,1.9,-5.1,north_america,Charming streets lined with historic buildings and a gentle sea breeze create a welcoming atmosphere perfect for leisurely exploration and relaxation.,46.234953,-63.132935,29.408234935715,100.0,4.56079784268436,44.8021259828612,93.9564,54220.3285039875,98.2905039744417,2.819,6186.65234375,0.2,22.95,40.8,77.73,81.6465853658537,17.4749435591654,82.5250564408346,32430000.0,37845898.4375,19994000000.0,3.65670128143171,11256000000.0,41247000000.0,Charlottetown,0.07,0.05,0.04,0.05,0.02,0.26,canada
4840,2,-6.1,-1.6,-10.6,north_america,Charming streets lined with historic buildings and a gentle sea breeze create a welcoming atmosphere perfect for leisurely exploration and relaxation.,46.234953,-63.132935,29.408234935715,100.0,4.56079784268436,44.8021259828612,93.9564,54220.3285039875,98.2905039744417,2.819,6186.65234375,0.2,22.95,40.8,77.73,81.6465853658537,17.4749435591654,82.5250564408346,32430000.0,37845898.4375,19994000000.0,3.65670128143171,11256000000.0,41247000000.0,Charlottetown,0.07,0.05,0.04,0.05,0.02,0.26,canada
4862,3,-2.4,1.6,-6.2,north_america,Charming streets lined with historic buildings and a gentle sea breeze create a welcoming atmosphere perfect for leisurely exploration and relaxation.,46.234953,-63.132935,29.408234935715,100.0,4.56079784268436,44.8021259828612,93.9564,54220.3285039875,98.2905039744417,2.819,6186.65234375,0.2,22.95,40.8,77.73,81.6465853658537,17.4749435591654,82.5250564408346,32430000.0,37845898.4375,19994000000.0,3.65670128143171,11256000000.0,41247000000.0,Charlottetown,0.07,0.05,0.04,0.05,0.02,0.26,canada
4884,4,3.1,7.8,-1.1,north_america,Charming streets lined with historic buildings and a gentle sea breeze create a welcoming atmosphere perfect for leisurely exploration and relaxation.,46.234953,-63.132935,29.408234935715,100.0,4.56079784268436,44.8021259828612,93.9564,54220.3285039875,98.2905039744417,2.819,6186.65234375,0.2,22.95,40.8,77.73,81.6465853658537,17.4749435591654,82.5250564408346,32430000.0,37845898.4375,19994000000.0,3.65670128143171,11256000000.0,41247000000.0,Charlottetown,0.07,0.05,0.04,0.05,0.02,0.26,canada
4906,5,9.2,14.8,3.8,north_america,Charming streets lined with historic buildings and a gentle sea breeze create a welcoming atmosphere perfect for leisurely exploration and relaxation.,46.234953,-63.132935,29.408234935715,100.0,4.56079784268436,44.8021259828612,93.9564,54220.3285039875,98.2905039744417,2.819,6186.65234375,0.2,22.95,40.8,77.73,81.6465853658537,17.4749435591654,82.5250564408346,32430000.0,37845898.4375,19994000000.0,3.65670128143171,11256000000.0,41247000000.0,Charlottetown,0.07,0.05,0.04,0.05,0.02,0.26,canada
4928,6,14.9,20.1,10.1,north_america,Charming streets lined with historic buildings and a gentle sea breeze create a welcoming atmosphere perfect for leisurely exploration and relaxation.,46.234953,-63.132935,29.408234935715,100.0,4.56079784268436,44.8021259828612,93.9564,54220.3285039875,98.2905039744417,2.819,6186.65234375,0.2,22.95,40.8,77.73,81.6465853658537,17.4749435591654,82.5250564408346,32430000.0,37845898.4375,19994000000.0,3.65670128143171,11256000000.0,41247000000.0,Charlottetown,0.07,0.05,0.04,0.05,0.02,0.26,canada
4950,7,19.5,24.2,14.9,north_america,Charming streets lined with historic buildings and a gentle sea breeze create a welcoming atmosphere perfect for leisurely exploration and relaxation.,46.234953,-63.132935,29.408234935715,100.0,4.56079784268436,44.8021259828612,93.9564,54220.3285039875,98.2905039744417,2.819,6186.65234375,0.2,22.95,40.8,77.73,81.6465853658537,17.4749435591654,82.5250564408346,32430000.0,37845898.4375,19994000000.0,3.65670128143171,11256000000.0,41247000000.0,Charlottetown,0.07,0.05,0.04,0.05,0.02,0.26,canada
4972,8,19.6,24.3,14.9,north_america,Charming streets lined with historic buildings and a gentle sea breeze create a welcoming atmosphere perfect for leisurely exploration and relaxation.,46.234953,-63.132935,29.408234935715,100.0,4.56079784268436,44.8021259828612,93.9564,54220.3285039875,98.2905039744417,2.819,6186.65234375,0.2,22.95,40.8,77.73,81.6465853658537,17.4749435591654,82.5250564408346,32430000.0,37845898.4375,19994000000.0,3.65670128143171,11256000000.0,41247000000.0,Charlottetown,0.07,0.05,0.04,0.05,0.02,0.26,canada
4994,9,15.2,19.9,10.4,north_america,Charming streets lined with historic buildings and a gentle sea breeze create a welcoming atmosphere perfect for leisurely exploration and relaxation.,46.234953,-63.132935,29.408234935715,100.0,4.56079784268436,44.8021259828612,93.9564,54220.3285039875,98.2905039744417,2.819,6186.65234375,0.2,22.95,40.8,77.73,81.6465853658537,17.4749435591654,82.5250564408346,32430000.0,37845898.4375,19994000000.0,3.65670128143171,11256000000.0,41247000000.0,Charlottetown,0.07,0.05,0.04,0.05,0.02,0.26,canada
5016,1,3.2,6.5,-0.1,europe,"Charming canals lined with half-timbered houses and vibrant flowers create a fairy-tale atmosphere, inviting leisurely strolls and delightful discoveries.",48.0777517,7.3579641,19.0414647963516,100.0,126.862020595603,22.927852668258,86.8364,44700.1384177544,100.0,3.281,5149.0546875,0.1,15.6,34.41,66.8,82.9292682926829,21.2195676873453,78.7804323126547,117109000.0,21287000.0,35958000000.0,4.80404188740469,32646000000.0,31193000000.0,Colmar,0.07,0.1,0.05,0.08,0.06,0.44,france
5038,10,12.8,18.0,8.2,europe,"Charming canals lined with half-timbered houses and vibrant flowers create a fairy-tale atmosphere, inviting leisurely strolls and delightful discoveries.",48.0777517,7.3579641,19.0414647963516,100.0,126.862020595603,22.927852668258,86.8364,44700.1384177544,100.0,3.281,5149.0546875,0.1,15.6,34.41,66.8,82.9292682926829,21.2195676873453,78.7804323126547,117109000.0,21287000.0,35958000000.0,4.80404188740469,32646000000.0,31193000000.0,Colmar,0.07,0.1,0.05,0.08,0.06,0.44,france
5060,11,6.6,10.2,3.2,europe,"Charming canals lined with half-timbered houses and vibrant flowers create a fairy-tale atmosphere, inviting leisurely strolls and delightful discoveries.",48.0777517,7.3579641,19.0414647963516,100.0,126.862020595603,22.927852668258,86.8364,44700.1384177544,100.0,3.281,5149.0546875,0.1,15.6,34.41,66.8,82.9292682926829,21.2195676873453,78.7804323126547,117109000.0,21287000.0,35958000000.0,4.80404188740469,32646000000.0,31193000000.0,Colmar,0.07,0.1,0.05,0.08,0.06,0.44,france
5082,12,4.5,7.4,1.6,europe,"Charming canals lined with half-timbered houses and vibrant flowers create a fairy-tale atmosphere, inviting leisurely strolls and delightful discoveries.",48.0777517,7.3579641,19.0414647963516,100.0,126.862020595603,22.927852668258,86.8364,44700.1384177544,100.0,3.281,5149.0546875,0.1,15.6,34.41,66.8,82.9292682926829,21.2195676873453,78.7804323126547,117109000.0,21287000.0,35958000000.0,4.80404188740469,32646000000.0,31193000000.0,Colmar,0.07,0.1,0.05,0.08,0.06,0.44,france
5104,2,5.9,10.6,1.7,europe,"Charming canals lined with half-timbered houses and vibrant flowers create a fairy-tale atmosphere, inviting leisurely strolls and delightful discoveries.",48.0777517,7.3579641,19.0414647963516,100.0,126.862020595603,22.927852668258,86.8364,44700.1384177544,100.0,3.281,5149.0546875,0.1,15.6,34.41,66.8,82.9292682926829,21.2195676873453,78.7804323126547,117109000.0,21287000.0,35958000000.0,4.80404188740469,32646000000.0,31193000000.0,Colmar,0.07,0.1,0.05,0.08,0.06,0.44,france
5126,3,8.4,13.5,3.2,europe,"Charming canals lined with half-timbered houses and vibrant flowers create a fairy-tale atmosphere, inviting leisurely strolls and delightful discoveries.",48.0777517,7.3579641,19.0414647963516,100.0,126.862020595603,22.927852668258,86.8364,44700.1384177544,100.0,3.281,5149.0546875,0.1,15.6,34.41,66.8,82.9292682926829,21.2195676873453,78.7804323126547,117109000.0,21287000.0,35958000000.0,4.80404188740469,32646000000.0,31193000000.0,Colmar,0.07,0.1,0.05,0.08,0.06,0.44,france
5148,4,10.9,16.5,5.3,europe,"Charming canals lined with half-timbered houses and vibrant flowers create a fairy-tale atmosphere, inviting leisurely strolls and delightful discoveries.",48.0777517,7.3579641,19.0414647963516,100.0,126.862020595603,22.927852668258,86.8364,44700.1384177544,100.0,3.281,5149.0546875,0.1,15.6,34.41,66.8,82.9292682926829,21.2195676873453,78.7804323126547,117109000.0,21287000.0,35958000000.0,4.80404188740469,32646000000.0,31193000000.0,Colmar,0.07,0.1,0.05,0.08,0.06,0.44,france
5170,5,15.1,20.4,9.5,europe,"Charming canals lined with half-timbered houses and vibrant flowers create a fairy-tale atmosphere, inviting leisurely strolls and delightful discoveries.",48.0777517,7.3579641,19.0414647963516,100.0,126.862020595603,22.927852668258,86.8364,44700.1384177544,100.0,3.281,5149.0546875,0.1,15.6,34.41,66.8,82.9292682926829,21.2195676873453,78.7804323126547,117109000.0,21287000.0,35958000000.0,4.80404188740469,32646000000.0,31193000000.0,Colmar,0.07,0.1,0.05,0.08,0.06,0.44,france
5192,6,20.0,25.6,14.4,europe,"Charming canals lined with half-timbered houses and vibrant flowers create a fairy-tale atmosphere, inviting leisurely strolls and delightful discoveries.",48.0777517,7.3579641,19.0414647963516,100.0,126.862020595603,22.927852668258,86.8364,44700.1384177544,100.0,3.281,5149.0546875,0.1,15.6,34.41,66.8,82.9292682926829,21.2195676873453,78.7804323126547,117109000.0,21287000.0,35958000000.0,4.80404188740469,32646000000.0,31193000000.0,Colmar,0.07,0.1,0.05,0.08,0.06,0.44,france
5214,7,21.4,27.2,15.4,europe,"Charming canals lined with half-timbered houses and vibrant flowers create a fairy-tale atmosphere, inviting leisurely strolls and delightful discoveries.",48.0777517,7.3579641,19.0414647963516,100.0,126.862020595603,22.927852668258,86.8364,44700.1384177544,100.0,3.281,5149.0546875,0.1,15.6,34.41,66.8,82.9292682926829,21.2195676873453,78.7804323126547,117109000.0,21287000.0,35958000000.0,4.80404188740469,32646000000.0,31193000000.0,Colmar,0.07,0.1,0.05,0.08,0.06,0.44,france
5236,8,21.3,27.4,15.6,europe,"Charming canals lined with half-timbered houses and vibrant flowers create a fairy-tale atmosphere, inviting leisurely strolls and delightful discoveries.",48.0777517,7.3579641,19.0414647963516,100.0,126.862020595603,22.927852668258,86.8364,44700.1384177544,100.0,3.281,5149.0546875,0.1,15.6,34.41,66.8,82.9292682926829,21.2195676873453,78.7804323126547,117109000.0,21287000.0,35958000000.0,4.80404188740469,32646000000.0,31193000000.0,Colmar,0.07,0.1,0.05,0.08,0.06,0.44,france
5258,9,17.2,23.5,11.4,europe,"Charming canals lined with half-timbered houses and vibrant flowers create a fairy-tale atmosphere, inviting leisurely strolls and delightful discoveries.",48.0777517,7.3579641,19.0414647963516,100.0,126.862020595603,22.927852668258,86.8364,44700.1384177544,100.0,3.281,5149.0546875,0.1,15.6,34.41,66.8,82.9292682926829,21.2195676873453,78.7804323126547,117109000.0,21287000.0,35958000000.0,4.80404188740469,32646000000.0,31193000000.0,Colmar,0.07,0.1,0.05,0.08,0.06,0.44,france
5280,1,27.2,31.3,24.0,asia,"Lively streets filled with the aroma of spices, historic temples, and a coastal breeze create a vibrant and welcoming atmosphere.",6.9388614,79.8542005,38.180356791846,100.0,356.239896540576,19.5003943309627,51.2,3798.89016573011,90.1950284141998,1.136,134.23654175,2.7,14.3,4.9,10.58,77.483,79.8544651557537,20.1455348442463,540000.0,305000.0,1076000000.0,8.22453929535838,682000000.0,803000000.0,Colombo,0.07,0.32,0.22,0.22,0.12,0.28,sri lanka
5302,10,27.5,30.2,25.1,asia,"Lively streets filled with the aroma of spices, historic temples, and a coastal breeze create a vibrant and welcoming atmosphere.",6.9388614,79.8542005,38.180356791846,100.0,356.239896540576,19.5003943309627,51.2,3798.89016573011,90.1950284141998,1.136,134.23654175,2.7,14.3,4.9,10.58,77.483,79.8544651557537,20.1455348442463,540000.0,305000.0,1076000000.0,8.22453929535838,682000000.0,803000000.0,Colombo,0.07,0.32,0.22,0.22,0.12,0.28,sri lanka
5324,11,27.3,30.7,24.5,asia,"Lively streets filled with the aroma of spices, historic temples, and a coastal breeze create a vibrant and welcoming atmosphere.",6.9388614,79.8542005,38.180356791846,100.0,356.239896540576,19.5003943309627,51.2,3798.89016573011,90.1950284141998,1.136,134.23654175,2.7,14.3,4.9,10.58,77.483,79.8544651557537,20.1455348442463,540000.0,305000.0,1076000000.0,8.22453929535838,682000000.0,803000000.0,Colombo,0.07,0.32,0.22,0.22,0.12,0.28,sri lanka
5346,12,27.4,31.1,24.3,asia,"Lively streets filled with the aroma of spices, historic temples, and a coastal breeze create a vibrant and welcoming atmosphere.",6.9388614,79.8542005,38.180356791846,100.0,356.239896540576,19.5003943309627,51.2,3798.89016573011,90.1950284141998,1.136,134.23654175,2.7,14.3,4.9,10.58,77.483,79.8544651557537,20.1455348442463,540000.0,305000.0,1076000000.0,8.22453929535838,682000000.0,803000000.0,Colombo,0.07,0.32,0.22,0.22,0.12,0.28,sri lanka
5368,2,27.9,32.1,24.7,asia,"Lively streets filled with the aroma of spices, historic temples, and a coastal breeze create a vibrant and welcoming atmosphere.",6.9388614,79.8542005,38.180356791846,100.0,356.239896540576,19.5003943309627,51.2,3798.89016573011,90.1950284141998,1.136,134.23654175,2.7,14.3,4.9,10.58,77.483,79.8544651557537,20.1455348442463,540000.0,305000.0,1076000000.0,8.22453929535838,682000000.0,803000000.0,Colombo,0.07,0.32,0.22,0.22,0.12,0.28,sri lanka
5390,3,28.5,32.1,25.4,asia,"Lively streets filled with the aroma of spices, historic temples, and a coastal breeze create a vibrant and welcoming atmosphere.",6.9388614,79.8542005,38.180356791846,100.0,356.239896540576,19.5003943309627,51.2,3798.89016573011,90.1950284141998,1.136,134.23654175,2.7,14.3,4.9,10.58,77.483,79.8544651557537,20.1455348442463,540000.0,305000.0,1076000000.0,8.22453929535838,682000000.0,803000000.0,Colombo,0.07,0.32,0.22,0.22,0.12,0.28,sri lanka
5412,4,28.9,32.3,25.8,asia,"Lively streets filled with the aroma of spices, historic temples, and a coastal breeze create a vibrant and welcoming atmosphere.",6.9388614,79.8542005,38.180356791846,100.0,356.239896540576,19.5003943309627,51.2,3798.89016573011,90.1950284141998,1.136,134.23654175,2.7,14.3,4.9,10.58,77.483,79.8544651557537,20.1455348442463,540000.0,305000.0,1076000000.0,8.22453929535838,682000000.0,803000000.0,Colombo,0.07,0.32,0.22,0.22,0.12,0.28,sri lanka
5434,5,28.9,31.6,26.6,asia,"Lively streets filled with the aroma of spices, historic temples, and a coastal breeze create a vibrant and welcoming atmosphere.",6.9388614,79.8542005,38.180356791846,100.0,356.239896540576,19.5003943309627,51.2,3798.89016573011,90.1950284141998,1.136,134.23654175,2.7,14.3,4.9,10.58,77.483,79.8544651557537,20.1455348442463,540000.0,305000.0,1076000000.0,8.22453929535838,682000000.0,803000000.0,Colombo,0.07,0.32,0.22,0.22,0.12,0.28,sri lanka
5456,6,28.7,31.0,26.3,asia,"Lively streets filled with the aroma of spices, historic temples, and a coastal breeze create a vibrant and welcoming atmosphere.",6.9388614,79.8542005,38.180356791846,100.0,356.239896540576,19.5003943309627,51.2,3798.89016573011,90.1950284141998,1.136,134.23654175,2.7,14.3,4.9,10.58,77.483,79.8544651557537,20.1455348442463,540000.0,305000.0,1076000000.0,8.22453929535838,682000000.0,803000000.0,Colombo,0.07,0.32,0.22,0.22,0.12,0.28,sri lanka
5478,7,28.4,30.7,26.3,asia,"Lively streets filled with the aroma of spices, historic temples, and a coastal breeze create a vibrant and welcoming atmosphere.",6.9388614,79.8542005,38.180356791846,100.0,356.239896540576,19.5003943309627,51.2,3798.89016573011,90.1950284141998,1.136,134.23654175,2.7,14.3,4.9,10.58,77.483,79.8544651557537,20.1455348442463,540000.0,305000.0,1076000000.0,8.22453929535838,682000000.0,803000000.0,Colombo,0.07,0.32,0.22,0.22,0.12,0.28,sri lanka
5500,8,28.2,30.5,26.1,asia,"Lively streets filled with the aroma of spices, historic temples, and a coastal breeze create a vibrant and welcoming atmosphere.",6.9388614,79.8542005,38.180356791846,100.0,356.239896540576,19.5003943309627,51.2,3798.89016573011,90.1950284141998,1.136,134.23654175,2.7,14.3,4.9,10.58,77.483,79.8544651557537,20.1455348442463,540000.0,305000.0,1076000000.0,8.22453929535838,682000000.0,803000000.0,Colombo,0.07,0.32,0.22,0.22,0.12,0.28,sri lanka
5522,9,27.8,30.3,25.6,asia,"Lively streets filled with the aroma of spices, historic temples, and a coastal breeze create a vibrant and welcoming atmosphere.",6.9388614,79.8542005,38.180356791846,100.0,356.239896540576,19.5003943309627,51.2,3798.89016573011,90.1950284141998,1.136,134.23654175,2.7,14.3,4.9,10.58,77.483,79.8544651557537,20.1455348442463,540000.0,305000.0,1076000000.0,8.22453929535838,682000000.0,803000000.0,Colombo,0.07,0.32,0.22,0.22,0.12,0.28,sri lanka
5544,1,27.0,31.0,24.1,asia,"Lush landscapes meet urban vibrancy, with bustling markets, serene parks, and the scent of tropical fruits filling the air.",7.0648306,125.6080623,18.8662543546901,98.0,385.321122178623,14.4628040656099,83.7661,3804.08274131097,95.465506033898,0.792,194.05484009,5.3,15.5,4.37,9.93,69.833,44.8757283831149,55.1242716168851,1483000.0,1483000.0,2769000000.0,3.45979194990587,2010000000.0,4872000000.0,Davao,1.31,0.7,0.28,0.76,0.2,0.61,philippines
5566,10,28.1,32.7,24.5,asia,"Lush landscapes meet urban vibrancy, with bustling markets, serene parks, and the scent of tropical fruits filling the air.",7.0648306,125.6080623,18.8662543546901,98.0,385.321122178623,14.4628040656099,83.7661,3804.08274131097,95.465506033898,0.792,194.05484009,5.3,15.5,4.37,9.93,69.833,44.8757283831149,55.1242716168851,1483000.0,1483000.0,2769000000.0,3.45979194990587,2010000000.0,4872000000.0,Davao,1.31,0.7,0.28,0.76,0.2,0.61,philippines
5588,11,28.1,32.7,24.7,asia,"Lush landscapes meet urban vibrancy, with bustling markets, serene parks, and the scent of tropical fruits filling the air.",7.0648306,125.6080623,18.8662543546901,98.0,385.321122178623,14.4628040656099,83.7661,3804.08274131097,95.465506033898,0.792,194.05484009,5.3,15.5,4.37,9.93,69.833,44.8757283831149,55.1242716168851,1483000.0,1483000.0,2769000000.0,3.45979194990587,2010000000.0,4872000000.0,Davao,1.31,0.7,0.28,0.76,0.2,0.61,philippines
5610,12,27.6,31.9,24.4,asia,"Lush landscapes meet urban vibrancy, with bustling markets, serene parks, and the scent of tropical fruits filling the air.",7.0648306,125.6080623,18.8662543546901,98.0,385.321122178623,14.4628040656099,83.7661,3804.08274131097,95.465506033898,0.792,194.05484009,5.3,15.5,4.37,9.93,69.833,44.8757283831149,55.1242716168851,1483000.0,1483000.0,2769000000.0,3.45979194990587,2010000000.0,4872000000.0,Davao,1.31,0.7,0.28,0.76,0.2,0.61,philippines
5632,2,27.0,31.4,23.8,asia,"Lush landscapes meet urban vibrancy, with bustling markets, serene parks, and the scent of tropical fruits filling the air.",7.0648306,125.6080623,18.8662543546901,98.0,385.321122178623,14.4628040656099,83.7661,3804.08274131097,95.465506033898,0.792,194.05484009,5.3,15.5,4.37,9.93,69.833,44.8757283831149,55.1242716168851,1483000.0,1483000.0,2769000000.0,3.45979194990587,2010000000.0,4872000000.0,Davao,1.31,0.7,0.28,0.76,0.2,0.61,philippines
5654,3,28.0,32.8,24.3,asia,"Lush landscapes meet urban vibrancy, with bustling markets, serene parks, and the scent of tropical fruits filling the air.",7.0648306,125.6080623,18.8662543546901,98.0,385.321122178623,14.4628040656099,83.7661,3804.08274131097,95.465506033898,0.792,194.05484009,5.3,15.5,4.37,9.93,69.833,44.8757283831149,55.1242716168851,1483000.0,1483000.0,2769000000.0,3.45979194990587,2010000000.0,4872000000.0,Davao,1.31,0.7,0.28,0.76,0.2,0.61,philippines
5676,4,28.7,33.6,24.7,asia,"Lush landscapes meet urban vibrancy, with bustling markets, serene parks, and the scent of tropical fruits filling the air.",7.0648306,125.6080623,18.8662543546901,98.0,385.321122178623,14.4628040656099,83.7661,3804.08274131097,95.465506033898,0.792,194.05484009,5.3,15.5,4.37,9.93,69.833,44.8757283831149,55.1242716168851,1483000.0,1483000.0,2769000000.0,3.45979194990587,2010000000.0,4872000000.0,Davao,1.31,0.7,0.28,0.76,0.2,0.61,philippines
5698,5,29.0,33.3,25.5,asia,"Lush landscapes meet urban vibrancy, with bustling markets, serene parks, and the scent of tropical fruits filling the air.",7.0648306,125.6080623,18.8662543546901,98.0,385.321122178623,14.4628040656099,83.7661,3804.08274131097,95.465506033898,0.792,194.05484009,5.3,15.5,4.37,9.93,69.833,44.8757283831149,55.1242716168851,1483000.0,1483000.0,2769000000.0,3.45979194990587,2010000000.0,4872000000.0,Davao,1.31,0.7,0.28,0.76,0.2,0.61,philippines
5720,6,28.1,32.3,24.7,asia,"Lush landscapes meet urban vibrancy, with bustling markets, serene parks, and the scent of tropical fruits filling the air.",7.0648306,125.6080623,18.8662543546901,98.0,385.321122178623,14.4628040656099,83.7661,3804.08274131097,95.465506033898,0.792,194.05484009,5.3,15.5,4.37,9.93,69.833,44.8757283831149,55.1242716168851,1483000.0,1483000.0,2769000000.0,3.45979194990587,2010000000.0,4872000000.0,Davao,1.31,0.7,0.28,0.76,0.2,0.61,philippines
5742,7,27.9,31.7,24.7,asia,"Lush landscapes meet urban vibrancy, with bustling markets, serene parks, and the scent of tropical fruits filling the air.",7.0648306,125.6080623,18.8662543546901,98.0,385.321122178623,14.4628040656099,83.7661,3804.08274131097,95.465506033898,0.792,194.05484009,5.3,15.5,4.37,9.93,69.833,44.8757283831149,55.1242716168851,1483000.0,1483000.0,2769000000.0,3.45979194990587,2010000000.0,4872000000.0,Davao,1.31,0.7,0.28,0.76,0.2,0.61,philippines
5764,8,28.1,32.2,24.6,asia,"Lush landscapes meet urban vibrancy, with bustling markets, serene parks, and the scent of tropical fruits filling the air.",7.0648306,125.6080623,18.8662543546901,98.0,385.321122178623,14.4628040656099,83.7661,3804.08274131097,95.465506033898,0.792,194.05484009,5.3,15.5,4.37,9.93,69.833,44.8757283831149,55.1242716168851,1483000.0,1483000.0,2769000000.0,3.45979194990587,2010000000.0,4872000000.0,Davao,1.31,0.7,0.28,0.76,0.2,0.61,philippines
5786,9,28.3,32.5,24.9,asia,"Lush landscapes meet urban vibrancy, with bustling markets, serene parks, and the scent of tropical fruits filling the air.",7.0648306,125.6080623,18.8662543546901,98.0,385.321122178623,14.4628040656099,83.7661,3804.08274131097,95.465506033898,0.792,194.05484009,5.3,15.5,4.37,9.93,69.833,44.8757283831149,55.1242716168851,1483000.0,1483000.0,2769000000.0,3.45979194990587,2010000000.0,4872000000.0,Davao,1.31,0.7,0.28,0.76,0.2,0.61,philippines
5808,1,18.7,24.7,14.7,asia,"A whirlwind of vibrant street life, bustling markets, and a rich tapestry of history and culture, offering endless sensory experiences.",23.7643863,90.3890144,7.11329314420839,99.5,1319.17979689183,16.6733410319969,44.5027,2551.01773827307,98.6816683567859,0.722,53.46432495,5.9,18.7,2.96,5.62,74.672,67.8421534963166,32.1578465036834,323000.0,1460000.0,217899993.896484,0.566327447584205,217000000.0,659000000.0,Dhaka,0.44,5.0,1.22,1.48,0.09,1.91,bangladesh
5830,10,28.0,32.4,25.0,asia,"A whirlwind of vibrant street life, bustling markets, and a rich tapestry of history and culture, offering endless sensory experiences.",23.7643863,90.3890144,7.11329314420839,99.5,1319.17979689183,16.6733410319969,44.5027,2551.01773827307,98.6816683567859,0.722,53.46432495,5.9,18.7,2.96,5.62,74.672,67.8421534963166,32.1578465036834,323000.0,1460000.0,217899993.896484,0.566327447584205,217000000.0,659000000.0,Dhaka,0.44,5.0,1.22,1.48,0.09,1.91,bangladesh
5852,11,24.6,30.4,20.5,asia,"A whirlwind of vibrant street life, bustling markets, and a rich tapestry of history and culture, offering endless sensory experiences.",23.7643863,90.3890144,7.11329314420839,99.5,1319.17979689183,16.6733410319969,44.5027,2551.01773827307,98.6816683567859,0.722,53.46432495,5.9,18.7,2.96,5.62,74.672,67.8421534963166,32.1578465036834,323000.0,1460000.0,217899993.896484,0.566327447584205,217000000.0,659000000.0,Dhaka,0.44,5.0,1.22,1.48,0.09,1.91,bangladesh
5874,12,20.5,26.1,16.6,asia,"A whirlwind of vibrant street life, bustling markets, and a rich tapestry of history and culture, offering endless sensory experiences.",23.7643863,90.3890144,7.11329314420839,99.5,1319.17979689183,16.6733410319969,44.5027,2551.01773827307,98.6816683567859,0.722,53.46432495,5.9,18.7,2.96,5.62,74.672,67.8421534963166,32.1578465036834,323000.0,1460000.0,217899993.896484,0.566327447584205,217000000.0,659000000.0,Dhaka,0.44,5.0,1.22,1.48,0.09,1.91,bangladesh
5896,2,21.8,28.2,17.3,asia,"A whirlwind of vibrant street life, bustling markets, and a rich tapestry of history and culture, offering endless sensory experiences.",23.7643863,90.3890144,7.11329314420839,99.5,1319.17979689183,16.6733410319969,44.5027,2551.01773827307,98.6816683567859,0.722,53.46432495,5.9,18.7,2.96,5.62,74.672,67.8421534963166,32.1578465036834,323000.0,1460000.0,217899993.896484,0.566327447584205,217000000.0,659000000.0,Dhaka,0.44,5.0,1.22,1.48,0.09,1.91,bangladesh
5918,3,26.8,32.8,21.9,asia,"A whirlwind of vibrant street life, bustling markets, and a rich tapestry of history and culture, offering endless sensory experiences.",23.7643863,90.3890144,7.11329314420839,99.5,1319.17979689183,16.6733410319969,44.5027,2551.01773827307,98.6816683567859,0.722,53.46432495,5.9,18.7,2.96,5.62,74.672,67.8421534963166,32.1578465036834,323000.0,1460000.0,217899993.896484,0.566327447584205,217000000.0,659000000.0,Dhaka,0.44,5.0,1.22,1.48,0.09,1.91,bangladesh
5940,4,28.8,34.7,24.9,asia,"A whirlwind of vibrant street life, bustling markets, and a rich tapestry of history and culture, offering endless sensory experiences.",23.7643863,90.3890144,7.11329314420839,99.5,1319.17979689183,16.6733410319969,44.5027,2551.01773827307,98.6816683567859,0.722,53.46432495,5.9,18.7,2.96,5.62,74.672,67.8421534963166,32.1578465036834,323000.0,1460000.0,217899993.896484,0.566327447584205,217000000.0,659000000.0,Dhaka,0.44,5.0,1.22,1.48,0.09,1.91,bangladesh
5962,5,29.5,34.3,25.7,asia,"A whirlwind of vibrant street life, bustling markets, and a rich tapestry of history and culture, offering endless sensory experiences.",23.7643863,90.3890144,7.11329314420839,99.5,1319.17979689183,16.6733410319969,44.5027,2551.01773827307,98.6816683567859,0.722,53.46432495,5.9,18.7,2.96,5.62,74.672,67.8421534963166,32.1578465036834,323000.0,1460000.0,217899993.896484,0.566327447584205,217000000.0,659000000.0,Dhaka,0.44,5.0,1.22,1.48,0.09,1.91,bangladesh
5984,6,29.4,33.2,26.7,asia,"A whirlwind of vibrant street life, bustling markets, and a rich tapestry of history and culture, offering endless sensory experiences.",23.7643863,90.3890144,7.11329314420839,99.5,1319.17979689183,16.6733410319969,44.5027,2551.01773827307,98.6816683567859,0.722,53.46432495,5.9,18.7,2.96,5.62,74.672,67.8421534963166,32.1578465036834,323000.0,1460000.0,217899993.896484,0.566327447584205,217000000.0,659000000.0,Dhaka,0.44,5.0,1.22,1.48,0.09,1.91,bangladesh
6006,7,29.4,33.1,27.2,asia,"A whirlwind of vibrant street life, bustling markets, and a rich tapestry of history and culture, offering endless sensory experiences.",23.7643863,90.3890144,7.11329314420839,99.5,1319.17979689183,16.6733410319969,44.5027,2551.01773827307,98.6816683567859,0.722,53.46432495,5.9,18.7,2.96,5.62,74.672,67.8421534963166,32.1578465036834,323000.0,1460000.0,217899993.896484,0.566327447584205,217000000.0,659000000.0,Dhaka,0.44,5.0,1.22,1.48,0.09,1.91,bangladesh
6028,8,29.4,33.1,27.1,asia,"A whirlwind of vibrant street life, bustling markets, and a rich tapestry of history and culture, offering endless sensory experiences.",23.7643863,90.3890144,7.11329314420839,99.5,1319.17979689183,16.6733410319969,44.5027,2551.01773827307,98.6816683567859,0.722,53.46432495,5.9,18.7,2.96,5.62,74.672,67.8421534963166,32.1578465036834,323000.0,1460000.0,217899993.896484,0.566327447584205,217000000.0,659000000.0,Dhaka,0.44,5.0,1.22,1.48,0.09,1.91,bangladesh
6050,9,29.5,33.5,26.8,asia,"A whirlwind of vibrant street life, bustling markets, and a rich tapestry of history and culture, offering endless sensory experiences.",23.7643863,90.3890144,7.11329314420839,99.5,1319.17979689183,16.6733410319969,44.5027,2551.01773827307,98.6816683567859,0.722,53.46432495,5.9,18.7,2.96,5.62,74.672,67.8421534963166,32.1578465036834,323000.0,1460000.0,217899993.896484,0.566327447584205,217000000.0,659000000.0,Dhaka,0.44,5.0,1.22,1.48,0.09,1.91,bangladesh
6072,1,-8.7,-4.1,-13.2,north_america,"Wide-open streets, a lively arts scene, and vibrant festivals create a welcoming atmosphere that feels both dynamic and comfortably laid-back.",53.5462055,-113.491241,29.408234935715,100.0,4.56079784268436,44.8021259828612,93.9564,54220.3285039875,98.2905039744417,2.819,6186.65234375,0.2,22.95,40.8,77.73,81.6465853658537,17.4749435591654,82.5250564408346,32430000.0,37845898.4375,19994000000.0,3.65670128143171,11256000000.0,41247000000.0,Edmonton,1.21,0.65,0.43,0.59,0.28,0.98,canada
6094,10,5.2,10.4,0.3,north_america,"Wide-open streets, a lively arts scene, and vibrant festivals create a welcoming atmosphere that feels both dynamic and comfortably laid-back.",53.5462055,-113.491241,29.408234935715,100.0,4.56079784268436,44.8021259828612,93.9564,54220.3285039875,98.2905039744417,2.819,6186.65234375,0.2,22.95,40.8,77.73,81.6465853658537,17.4749435591654,82.5250564408346,32430000.0,37845898.4375,19994000000.0,3.65670128143171,11256000000.0,41247000000.0,Edmonton,1.21,0.65,0.43,0.59,0.28,0.98,canada
6116,11,-2.7,1.5,-6.7,north_america,"Wide-open streets, a lively arts scene, and vibrant festivals create a welcoming atmosphere that feels both dynamic and comfortably laid-back.",53.5462055,-113.491241,29.408234935715,100.0,4.56079784268436,44.8021259828612,93.9564,54220.3285039875,98.2905039744417,2.819,6186.65234375,0.2,22.95,40.8,77.73,81.6465853658537,17.4749435591654,82.5250564408346,32430000.0,37845898.4375,19994000000.0,3.65670128143171,11256000000.0,41247000000.0,Edmonton,1.21,0.65,0.43,0.59,0.28,0.98,canada
6138,12,-8.4,-4.3,-12.4,north_america,"Wide-open streets, a lively arts scene, and vibrant festivals create a welcoming atmosphere that feels both dynamic and comfortably laid-back.",53.5462055,-113.491241,29.408234935715,100.0,4.56079784268436,44.8021259828612,93.9564,54220.3285039875,98.2905039744417,2.819,6186.65234375,0.2,22.95,40.8,77.73,81.6465853658537,17.4749435591654,82.5250564408346,32430000.0,37845898.4375,19994000000.0,3.65670128143171,11256000000.0,41247000000.0,Edmonton,1.21,0.65,0.43,0.59,0.28,0.98,canada
6160,2,-8.9,-4.1,-13.8,north_america,"Wide-open streets, a lively arts scene, and vibrant festivals create a welcoming atmosphere that feels both dynamic and comfortably laid-back.",53.5462055,-113.491241,29.408234935715,100.0,4.56079784268436,44.8021259828612,93.9564,54220.3285039875,98.2905039744417,2.819,6186.65234375,0.2,22.95,40.8,77.73,81.6465853658537,17.4749435591654,82.5250564408346,32430000.0,37845898.4375,19994000000.0,3.65670128143171,11256000000.0,41247000000.0,Edmonton,1.21,0.65,0.43,0.59,0.28,0.98,canada
6182,3,-2.5,2.7,-7.8,north_america,"Wide-open streets, a lively arts scene, and vibrant festivals create a welcoming atmosphere that feels both dynamic and comfortably laid-back.",53.5462055,-113.491241,29.408234935715,100.0,4.56079784268436,44.8021259828612,93.9564,54220.3285039875,98.2905039744417,2.819,6186.65234375,0.2,22.95,40.8,77.73,81.6465853658537,17.4749435591654,82.5250564408346,32430000.0,37845898.4375,19994000000.0,3.65670128143171,11256000000.0,41247000000.0,Edmonton,1.21,0.65,0.43,0.59,0.28,0.98,canada
6204,4,4.6,10.2,-0.7,north_america,"Wide-open streets, a lively arts scene, and vibrant festivals create a welcoming atmosphere that feels both dynamic and comfortably laid-back.",53.5462055,-113.491241,29.408234935715,100.0,4.56079784268436,44.8021259828612,93.9564,54220.3285039875,98.2905039744417,2.819,6186.65234375,0.2,22.95,40.8,77.73,81.6465853658537,17.4749435591654,82.5250564408346,32430000.0,37845898.4375,19994000000.0,3.65670128143171,11256000000.0,41247000000.0,Edmonton,1.21,0.65,0.43,0.59,0.28,0.98,canada
6226,5,12.9,19.1,6.8,north_america,"Wide-open streets, a lively arts scene, and vibrant festivals create a welcoming atmosphere that feels both dynamic and comfortably laid-back.",53.5462055,-113.491241,29.408234935715,100.0,4.56079784268436,44.8021259828612,93.9564,54220.3285039875,98.2905039744417,2.819,6186.65234375,0.2,22.95,40.8,77.73,81.6465853658537,17.4749435591654,82.5250564408346,32430000.0,37845898.4375,19994000000.0,3.65670128143171,11256000000.0,41247000000.0,Edmonton,1.21,0.65,0.43,0.59,0.28,0.98,canada
6248,6,16.8,22.4,11.1,north_america,"Wide-open streets, a lively arts scene, and vibrant festivals create a welcoming atmosphere that feels both dynamic and comfortably laid-back.",53.5462055,-113.491241,29.408234935715,100.0,4.56079784268436,44.8021259828612,93.9564,54220.3285039875,98.2905039744417,2.819,6186.65234375,0.2,22.95,40.8,77.73,81.6465853658537,17.4749435591654,82.5250564408346,32430000.0,37845898.4375,19994000000.0,3.65670128143171,11256000000.0,41247000000.0,Edmonton,1.21,0.65,0.43,0.59,0.28,0.98,canada
6270,7,19.1,24.8,13.6,north_america,"Wide-open streets, a lively arts scene, and vibrant festivals create a welcoming atmosphere that feels both dynamic and comfortably laid-back.",53.5462055,-113.491241,29.408234935715,100.0,4.56079784268436,44.8021259828612,93.9564,54220.3285039875,98.2905039744417,2.819,6186.65234375,0.2,22.95,40.8,77.73,81.6465853658537,17.4749435591654,82.5250564408346,32430000.0,37845898.4375,19994000000.0,3.65670128143171,11256000000.0,41247000000.0,Edmonton,1.21,0.65,0.43,0.59,0.28,0.98,canada
6292,8,17.9,23.8,12.1,north_america,"Wide-open streets, a lively arts scene, and vibrant festivals create a welcoming atmosphere that feels both dynamic and comfortably laid-back.",53.5462055,-113.491241,29.408234935715,100.0,4.56079784268436,44.8021259828612,93.9564,54220.3285039875,98.2905039744417,2.819,6186.65234375,0.2,22.95,40.8,77.73,81.6465853658537,17.4749435591654,82.5250564408346,32430000.0,37845898.4375,19994000000.0,3.65670128143171,11256000000.0,41247000000.0,Edmonton,1.21,0.65,0.43,0.59,0.28,0.98,canada
6314,9,12.6,18.4,7.1,north_america,"Wide-open streets, a lively arts scene, and vibrant festivals create a welcoming atmosphere that feels both dynamic and comfortably laid-back.",53.5462055,-113.491241,29.408234935715,100.0,4.56079784268436,44.8021259828612,93.9564,54220.3285039875,98.2905039744417,2.819,6186.65234375,0.2,22.95,40.8,77.73,81.6465853658537,17.4749435591654,82.5250564408346,32430000.0,37845898.4375,19994000000.0,3.65670128143171,11256000000.0,41247000000.0,Edmonton,1.21,0.65,0.43,0.59,0.28,0.98,canada
6336,1,27.3,31.0,23.4,oceania,"Lush rainforests, crystal-clear waters, and vibrant coral reefs create an idyllic setting for adventure and relaxation on this tropical island.",-15.1563411,167.0510705,49.7580889390087,61.6,26.2845775225595,19.5003943309627,45.7313,3482.61458237637,87.0544851579831,0.164,143.43753052,19.5,15.9,4.635,10.84,71.477,77.7348033176099,22.2651966823901,82400.0015258789,9399.99961853027,67000000.0,50.3975200212625,62000000.0,22000000.0,Espiritu Santo,0.01,0.06,0.02,0.01,0.03,0.03,vanuatu
6358,10,26.1,29.3,22.8,oceania,"Lush rainforests, crystal-clear waters, and vibrant coral reefs create an idyllic setting for adventure and relaxation on this tropical island.",-15.1563411,167.0510705,49.7580889390087,61.6,26.2845775225595,19.5003943309627,45.7313,3482.61458237637,87.0544851579831,0.164,143.43753052,19.5,15.9,4.635,10.84,71.477,77.7348033176099,22.2651966823901,82400.0015258789,9399.99961853027,67000000.0,50.3975200212625,62000000.0,22000000.0,Espiritu Santo,0.01,0.06,0.02,0.01,0.03,0.03,vanuatu
6380,11,26.8,30.0,23.4,oceania,"Lush rainforests, crystal-clear waters, and vibrant coral reefs create an idyllic setting for adventure and relaxation on this tropical island.",-15.1563411,167.0510705,49.7580889390087,61.6,26.2845775225595,19.5003943309627,45.7313,3482.61458237637,87.0544851579831,0.164,143.43753052,19.5,15.9,4.635,10.84,71.477,77.7348033176099,22.2651966823901,82400.0015258789,9399.99961853027,67000000.0,50.3975200212625,62000000.0,22000000.0,Espiritu Santo,0.01,0.06,0.02,0.01,0.03,0.03,vanuatu
6402,12,27.3,31.0,23.3,oceania,"Lush rainforests, crystal-clear waters, and vibrant coral reefs create an idyllic setting for adventure and relaxation on this tropical island.",-15.1563411,167.0510705,49.7580889390087,61.6,26.2845775225595,19.5003943309627,45.7313,3482.61458237637,87.0544851579831,0.164,143.43753052,19.5,15.9,4.635,10.84,71.477,77.7348033176099,22.2651966823901,82400.0015258789,9399.99961853027,67000000.0,50.3975200212625,62000000.0,22000000.0,Espiritu Santo,0.01,0.06,0.02,0.01,0.03,0.03,vanuatu
6424,2,27.4,31.0,23.6,oceania,"Lush rainforests, crystal-clear waters, and vibrant coral reefs create an idyllic setting for adventure and relaxation on this tropical island.",-15.1563411,167.0510705,49.7580889390087,61.6,26.2845775225595,19.5003943309627,45.7313,3482.61458237637,87.0544851579831,0.164,143.43753052,19.5,15.9,4.635,10.84,71.477,77.7348033176099,22.2651966823901,82400.0015258789,9399.99961853027,67000000.0,50.3975200212625,62000000.0,22000000.0,Espiritu Santo,0.01,0.06,0.02,0.01,0.03,0.03,vanuatu
6446,3,27.0,30.4,23.4,oceania,"Lush rainforests, crystal-clear waters, and vibrant coral reefs create an idyllic setting for adventure and relaxation on this tropical island.",-15.1563411,167.0510705,49.7580889390087,61.6,26.2845775225595,19.5003943309627,45.7313,3482.61458237637,87.0544851579831,0.164,143.43753052,19.5,15.9,4.635,10.84,71.477,77.7348033176099,22.2651966823901,82400.0015258789,9399.99961853027,67000000.0,50.3975200212625,62000000.0,22000000.0,Espiritu Santo,0.01,0.06,0.02,0.01,0.03,0.03,vanuatu
6468,4,27.1,30.4,23.5,oceania,"Lush rainforests, crystal-clear waters, and vibrant coral reefs create an idyllic setting for adventure and relaxation on this tropical island.",-15.1563411,167.0510705,49.7580889390087,61.6,26.2845775225595,19.5003943309627,45.7313,3482.61458237637,87.0544851579831,0.164,143.43753052,19.5,15.9,4.635,10.84,71.477,77.7348033176099,22.2651966823901,82400.0015258789,9399.99961853027,67000000.0,50.3975200212625,62000000.0,22000000.0,Espiritu Santo,0.01,0.06,0.02,0.01,0.03,0.03,vanuatu
6490,5,26.2,29.0,22.8,oceania,"Lush rainforests, crystal-clear waters, and vibrant coral reefs create an idyllic setting for adventure and relaxation on this tropical island.",-15.1563411,167.0510705,49.7580889390087,61.6,26.2845775225595,19.5003943309627,45.7313,3482.61458237637,87.0544851579831,0.164,143.43753052,19.5,15.9,4.635,10.84,71.477,77.7348033176099,22.2651966823901,82400.0015258789,9399.99961853027,67000000.0,50.3975200212625,62000000.0,22000000.0,Espiritu Santo,0.01,0.06,0.02,0.01,0.03,0.03,vanuatu
6512,6,25.6,28.4,22.7,oceania,"Lush rainforests, crystal-clear waters, and vibrant coral reefs create an idyllic setting for adventure and relaxation on this tropical island.",-15.1563411,167.0510705,49.7580889390087,61.6,26.2845775225595,19.5003943309627,45.7313,3482.61458237637,87.0544851579831,0.164,143.43753052,19.5,15.9,4.635,10.84,71.477,77.7348033176099,22.2651966823901,82400.0015258789,9399.99961853027,67000000.0,50.3975200212625,62000000.0,22000000.0,Espiritu Santo,0.01,0.06,0.02,0.01,0.03,0.03,vanuatu
6534,7,25.2,28.1,22.3,oceania,"Lush rainforests, crystal-clear waters, and vibrant coral reefs create an idyllic setting for adventure and relaxation on this tropical island.",-15.1563411,167.0510705,49.7580889390087,61.6,26.2845775225595,19.5003943309627,45.7313,3482.61458237637,87.0544851579831,0.164,143.43753052,19.5,15.9,4.635,10.84,71.477,77.7348033176099,22.2651966823901,82400.0015258789,9399.99961853027,67000000.0,50.3975200212625,62000000.0,22000000.0,Espiritu Santo,0.01,0.06,0.02,0.01,0.03,0.03,vanuatu
6556,8,24.9,27.8,22.2,oceania,"Lush rainforests, crystal-clear waters, and vibrant coral reefs create an idyllic setting for adventure and relaxation on this tropical island.",-15.1563411,167.0510705,49.7580889390087,61.6,26.2845775225595,19.5003943309627,45.7313,3482.61458237637,87.0544851579831,0.164,143.43753052,19.5,15.9,4.635,10.84,71.477,77.7348033176099,22.2651966823901,82400.0015258789,9399.99961853027,67000000.0,50.3975200212625,62000000.0,22000000.0,Espiritu Santo,0.01,0.06,0.02,0.01,0.03,0.03,vanuatu
6578,9,25.4,28.5,22.5,oceania,"Lush rainforests, crystal-clear waters, and vibrant coral reefs create an idyllic setting for adventure and relaxation on this tropical island.",-15.1563411,167.0510705,49.7580889390087,61.6,26.2845775225595,19.5003943309627,45.7313,3482.61458237637,87.0544851579831,0.164,143.43753052,19.5,15.9,4.635,10.84,71.477,77.7348033176099,22.2651966823901,82400.0015258789,9399.99961853027,67000000.0,50.3975200212625,62000000.0,22000000.0,Espiritu Santo,0.01,0.06,0.02,0.01,0.03,0.03,vanuatu
6600,1,17.4,19.2,15.4,europe,"Charming cobblestone streets lined with vibrant flowers, ocean breezes, and the aroma of local cuisine create a welcoming and relaxed atmosphere.",32.6496497,-16.9086783,47.7343491046383,100.0,115.475189289738,40.887850776514,85.7901,27634.6183139773,99.2762210572337,5.851,2762.26293945,0.4,16.4,20.44,41.07,82.2804878048781,38.7951347366336,61.2048652633664,4208000.0,680000.0,10522000000.0,12.2444835483225,8835000000.0,3536000000.0,Funchal,0.15,0.22,0.18,0.22,0.36,1.25,portugal
6622,10,22.3,24.7,20.0,europe,"Charming cobblestone streets lined with vibrant flowers, ocean breezes, and the aroma of local cuisine create a welcoming and relaxed atmosphere.",32.6496497,-16.9086783,47.7343491046383,100.0,115.475189289738,40.887850776514,85.7901,27634.6183139773,99.2762210572337,5.851,2762.26293945,0.4,16.4,20.44,41.07,82.2804878048781,38.7951347366336,61.2048652633664,4208000.0,680000.0,10522000000.0,12.2444835483225,8835000000.0,3536000000.0,Funchal,0.15,0.22,0.18,0.22,0.36,1.25,portugal
6644,11,20.0,21.7,17.8,europe,"Charming cobblestone streets lined with vibrant flowers, ocean breezes, and the aroma of local cuisine create a welcoming and relaxed atmosphere.",32.6496497,-16.9086783,47.7343491046383,100.0,115.475189289738,40.887850776514,85.7901,27634.6183139773,99.2762210572337,5.851,2762.26293945,0.4,16.4,20.44,41.07,82.2804878048781,38.7951347366336,61.2048652633664,4208000.0,680000.0,10522000000.0,12.2444835483225,8835000000.0,3536000000.0,Funchal,0.15,0.22,0.18,0.22,0.36,1.25,portugal
6666,12,18.7,20.3,16.6,europe,"Charming cobblestone streets lined with vibrant flowers, ocean breezes, and the aroma of local cuisine create a welcoming and relaxed atmosphere.",32.6496497,-16.9086783,47.7343491046383,100.0,115.475189289738,40.887850776514,85.7901,27634.6183139773,99.2762210572337,5.851,2762.26293945,0.4,16.4,20.44,41.07,82.2804878048781,38.7951347366336,61.2048652633664,4208000.0,680000.0,10522000000.0,12.2444835483225,8835000000.0,3536000000.0,Funchal,0.15,0.22,0.18,0.22,0.36,1.25,portugal
6688,2,17.2,19.4,15.0,europe,"Charming cobblestone streets lined with vibrant flowers, ocean breezes, and the aroma of local cuisine create a welcoming and relaxed atmosphere.",32.6496497,-16.9086783,47.7343491046383,100.0,115.475189289738,40.887850776514,85.7901,27634.6183139773,99.2762210572337,5.851,2762.26293945,0.4,16.4,20.44,41.07,82.2804878048781,38.7951347366336,61.2048652633664,4208000.0,680000.0,10522000000.0,12.2444835483225,8835000000.0,3536000000.0,Funchal,0.15,0.22,0.18,0.22,0.36,1.25,portugal
6710,3,17.4,21.0,15.0,europe,"Charming cobblestone streets lined with vibrant flowers, ocean breezes, and the aroma of local cuisine create a welcoming and relaxed atmosphere.",32.6496497,-16.9086783,47.7343491046383,100.0,115.475189289738,40.887850776514,85.7901,27634.6183139773,99.2762210572337,5.851,2762.26293945,0.4,16.4,20.44,41.07,82.2804878048781,38.7951347366336,61.2048652633664,4208000.0,680000.0,10522000000.0,12.2444835483225,8835000000.0,3536000000.0,Funchal,0.15,0.22,0.18,0.22,0.36,1.25,portugal
6732,4,18.2,21.2,15.9,europe,"Charming cobblestone streets lined with vibrant flowers, ocean breezes, and the aroma of local cuisine create a welcoming and relaxed atmosphere.",32.6496497,-16.9086783,47.7343491046383,100.0,115.475189289738,40.887850776514,85.7901,27634.6183139773,99.2762210572337,5.851,2762.26293945,0.4,16.4,20.44,41.07,82.2804878048781,38.7951347366336,61.2048652633664,4208000.0,680000.0,10522000000.0,12.2444835483225,8835000000.0,3536000000.0,Funchal,0.15,0.22,0.18,0.22,0.36,1.25,portugal
6754,5,19.5,22.6,17.4,europe,"Charming cobblestone streets lined with vibrant flowers, ocean breezes, and the aroma of local cuisine create a welcoming and relaxed atmosphere.",32.6496497,-16.9086783,47.7343491046383,100.0,115.475189289738,40.887850776514,85.7901,27634.6183139773,99.2762210572337,5.851,2762.26293945,0.4,16.4,20.44,41.07,82.2804878048781,38.7951347366336,61.2048652633664,4208000.0,680000.0,10522000000.0,12.2444835483225,8835000000.0,3536000000.0,Funchal,0.15,0.22,0.18,0.22,0.36,1.25,portugal
6776,6,21.0,23.6,18.7,europe,"Charming cobblestone streets lined with vibrant flowers, ocean breezes, and the aroma of local cuisine create a welcoming and relaxed atmosphere.",32.6496497,-16.9086783,47.7343491046383,100.0,115.475189289738,40.887850776514,85.7901,27634.6183139773,99.2762210572337,5.851,2762.26293945,0.4,16.4,20.44,41.07,82.2804878048781,38.7951347366336,61.2048652633664,4208000.0,680000.0,10522000000.0,12.2444835483225,8835000000.0,3536000000.0,Funchal,0.15,0.22,0.18,0.22,0.36,1.25,portugal
6798,7,22.6,25.5,20.3,europe,"Charming cobblestone streets lined with vibrant flowers, ocean breezes, and the aroma of local cuisine create a welcoming and relaxed atmosphere.",32.6496497,-16.9086783,47.7343491046383,100.0,115.475189289738,40.887850776514,85.7901,27634.6183139773,99.2762210572337,5.851,2762.26293945,0.4,16.4,20.44,41.07,82.2804878048781,38.7951347366336,61.2048652633664,4208000.0,680000.0,10522000000.0,12.2444835483225,8835000000.0,3536000000.0,Funchal,0.15,0.22,0.18,0.22,0.36,1.25,portugal
6820,8,23.9,27.0,21.4,europe,"Charming cobblestone streets lined with vibrant flowers, ocean breezes, and the aroma of local cuisine create a welcoming and relaxed atmosphere.",32.6496497,-16.9086783,47.7343491046383,100.0,115.475189289738,40.887850776514,85.7901,27634.6183139773,99.2762210572337,5.851,2762.26293945,0.4,16.4,20.44,41.07,82.2804878048781,38.7951347366336,61.2048652633664,4208000.0,680000.0,10522000000.0,12.2444835483225,8835000000.0,3536000000.0,Funchal,0.15,0.22,0.18,0.22,0.36,1.25,portugal
6842,9,23.3,26.0,21.1,europe,"Charming cobblestone streets lined with vibrant flowers, ocean breezes, and the aroma of local cuisine create a welcoming and relaxed atmosphere.",32.6496497,-16.9086783,47.7343491046383,100.0,115.475189289738,40.887850776514,85.7901,27634.6183139773,99.2762210572337,5.851,2762.26293945,0.4,16.4,20.44,41.07,82.2804878048781,38.7951347366336,61.2048652633664,4208000.0,680000.0,10522000000.0,12.2444835483225,8835000000.0,3536000000.0,Funchal,0.15,0.22,0.18,0.22,0.36,1.25,portugal
6864,1,27.4,31.4,24.2,asia,"Charming cobblestone streets, colonial architecture, and the salty breeze of the ocean create a serene and timeless atmosphere.",6.0328139,80.214955,38.180356791846,100.0,356.239896540576,19.5003943309627,51.2,3798.89016573011,90.1950284141998,1.136,134.23654175,2.7,14.3,4.9,10.58,77.483,79.8544651557537,20.1455348442463,540000.0,305000.0,1076000000.0,8.22453929535838,682000000.0,803000000.0,Galle,0.02,0.13,0.05,0.04,0.01,0.1,sri lanka
6886,10,27.8,31.0,25.3,asia,"Charming cobblestone streets, colonial architecture, and the salty breeze of the ocean create a serene and timeless atmosphere.",6.0328139,80.214955,38.180356791846,100.0,356.239896540576,19.5003943309627,51.2,3798.89016573011,90.1950284141998,1.136,134.23654175,2.7,14.3,4.9,10.58,77.483,79.8544651557537,20.1455348442463,540000.0,305000.0,1076000000.0,8.22453929535838,682000000.0,803000000.0,Galle,0.02,0.13,0.05,0.04,0.01,0.1,sri lanka
6908,11,27.5,31.2,24.6,asia,"Charming cobblestone streets, colonial architecture, and the salty breeze of the ocean create a serene and timeless atmosphere.",6.0328139,80.214955,38.180356791846,100.0,356.239896540576,19.5003943309627,51.2,3798.89016573011,90.1950284141998,1.136,134.23654175,2.7,14.3,4.9,10.58,77.483,79.8544651557537,20.1455348442463,540000.0,305000.0,1076000000.0,8.22453929535838,682000000.0,803000000.0,Galle,0.02,0.13,0.05,0.04,0.01,0.1,sri lanka
6930,12,27.5,31.2,24.5,asia,"Charming cobblestone streets, colonial architecture, and the salty breeze of the ocean create a serene and timeless atmosphere.",6.0328139,80.214955,38.180356791846,100.0,356.239896540576,19.5003943309627,51.2,3798.89016573011,90.1950284141998,1.136,134.23654175,2.7,14.3,4.9,10.58,77.483,79.8544651557537,20.1455348442463,540000.0,305000.0,1076000000.0,8.22453929535838,682000000.0,803000000.0,Galle,0.02,0.13,0.05,0.04,0.01,0.1,sri lanka
6952,2,28.2,32.0,24.9,asia,"Charming cobblestone streets, colonial architecture, and the salty breeze of the ocean create a serene and timeless atmosphere.",6.0328139,80.214955,38.180356791846,100.0,356.239896540576,19.5003943309627,51.2,3798.89016573011,90.1950284141998,1.136,134.23654175,2.7,14.3,4.9,10.58,77.483,79.8544651557537,20.1455348442463,540000.0,305000.0,1076000000.0,8.22453929535838,682000000.0,803000000.0,Galle,0.02,0.13,0.05,0.04,0.01,0.1,sri lanka
6974,3,28.8,32.5,25.3,asia,"Charming cobblestone streets, colonial architecture, and the salty breeze of the ocean create a serene and timeless atmosphere.",6.0328139,80.214955,38.180356791846,100.0,356.239896540576,19.5003943309627,51.2,3798.89016573011,90.1950284141998,1.136,134.23654175,2.7,14.3,4.9,10.58,77.483,79.8544651557537,20.1455348442463,540000.0,305000.0,1076000000.0,8.22453929535838,682000000.0,803000000.0,Galle,0.02,0.13,0.05,0.04,0.01,0.1,sri lanka
6996,4,29.2,33.0,25.8,asia,"Charming cobblestone streets, colonial architecture, and the salty breeze of the ocean create a serene and timeless atmosphere.",6.0328139,80.214955,38.180356791846,100.0,356.239896540576,19.5003943309627,51.2,3798.89016573011,90.1950284141998,1.136,134.23654175,2.7,14.3,4.9,10.58,77.483,79.8544651557537,20.1455348442463,540000.0,305000.0,1076000000.0,8.22453929535838,682000000.0,803000000.0,Galle,0.02,0.13,0.05,0.04,0.01,0.1,sri lanka
7018,5,29.3,32.1,26.8,asia,"Charming cobblestone streets, colonial architecture, and the salty breeze of the ocean create a serene and timeless atmosphere.",6.0328139,80.214955,38.180356791846,100.0,356.239896540576,19.5003943309627,51.2,3798.89016573011,90.1950284141998,1.136,134.23654175,2.7,14.3,4.9,10.58,77.483,79.8544651557537,20.1455348442463,540000.0,305000.0,1076000000.0,8.22453929535838,682000000.0,803000000.0,Galle,0.02,0.13,0.05,0.04,0.01,0.1,sri lanka
7040,6,29.1,31.7,26.8,asia,"Charming cobblestone streets, colonial architecture, and the salty breeze of the ocean create a serene and timeless atmosphere.",6.0328139,80.214955,38.180356791846,100.0,356.239896540576,19.5003943309627,51.2,3798.89016573011,90.1950284141998,1.136,134.23654175,2.7,14.3,4.9,10.58,77.483,79.8544651557537,20.1455348442463,540000.0,305000.0,1076000000.0,8.22453929535838,682000000.0,803000000.0,Galle,0.02,0.13,0.05,0.04,0.01,0.1,sri lanka
7062,7,28.8,31.3,26.6,asia,"Charming cobblestone streets, colonial architecture, and the salty breeze of the ocean create a serene and timeless atmosphere.",6.0328139,80.214955,38.180356791846,100.0,356.239896540576,19.5003943309627,51.2,3798.89016573011,90.1950284141998,1.136,134.23654175,2.7,14.3,4.9,10.58,77.483,79.8544651557537,20.1455348442463,540000.0,305000.0,1076000000.0,8.22453929535838,682000000.0,803000000.0,Galle,0.02,0.13,0.05,0.04,0.01,0.1,sri lanka
7084,8,28.6,31.1,26.5,asia,"Charming cobblestone streets, colonial architecture, and the salty breeze of the ocean create a serene and timeless atmosphere.",6.0328139,80.214955,38.180356791846,100.0,356.239896540576,19.5003943309627,51.2,3798.89016573011,90.1950284141998,1.136,134.23654175,2.7,14.3,4.9,10.58,77.483,79.8544651557537,20.1455348442463,540000.0,305000.0,1076000000.0,8.22453929535838,682000000.0,803000000.0,Galle,0.02,0.13,0.05,0.04,0.01,0.1,sri lanka
7106,9,28.3,31.1,25.9,asia,"Charming cobblestone streets, colonial architecture, and the salty breeze of the ocean create a serene and timeless atmosphere.",6.0328139,80.214955,38.180356791846,100.0,356.239896540576,19.5003943309627,51.2,3798.89016573011,90.1950284141998,1.136,134.23654175,2.7,14.3,4.9,10.58,77.483,79.8544651557537,20.1455348442463,540000.0,305000.0,1076000000.0,8.22453929535838,682000000.0,803000000.0,Galle,0.02,0.13,0.05,0.04,0.01,0.1,sri lanka
7128,1,27.1,29.6,24.0,south_america,"Lush greenery and colonial architecture meet vibrant local markets and a lively Caribbean vibe, offering a unique and welcoming atmosphere.",6.8137426,-58.1624465,75.4045326484108,98.9,3.91376811594203,19.5003943309627,81.7221,20473.7002190617,95.644614726529,1.387,505.03240967,4.5,22.95,4.635,10.84,70.18,73.5348542720122,26.4651457279878,86400.0015258789,1070000.0,228000000.0,4.68270262123323,24000000.0,277000000.0,Georgetown,0.06,0.13,0.02,0.07,0.1,0.11,guyana
7150,10,29.1,32.0,25.3,south_america,"Lush greenery and colonial architecture meet vibrant local markets and a lively Caribbean vibe, offering a unique and welcoming atmosphere.",6.8137426,-58.1624465,75.4045326484108,98.9,3.91376811594203,19.5003943309627,81.7221,20473.7002190617,95.644614726529,1.387,505.03240967,4.5,22.95,4.635,10.84,70.18,73.5348542720122,26.4651457279878,86400.0015258789,1070000.0,228000000.0,4.68270262123323,24000000.0,277000000.0,Georgetown,0.06,0.13,0.02,0.07,0.1,0.11,guyana
7172,11,28.2,31.1,24.7,south_america,"Lush greenery and colonial architecture meet vibrant local markets and a lively Caribbean vibe, offering a unique and welcoming atmosphere.",6.8137426,-58.1624465,75.4045326484108,98.9,3.91376811594203,19.5003943309627,81.7221,20473.7002190617,95.644614726529,1.387,505.03240967,4.5,22.95,4.635,10.84,70.18,73.5348542720122,26.4651457279878,86400.0015258789,1070000.0,228000000.0,4.68270262123323,24000000.0,277000000.0,Georgetown,0.06,0.13,0.02,0.07,0.1,0.11,guyana
7194,12,27.4,29.8,24.1,south_america,"Lush greenery and colonial architecture meet vibrant local markets and a lively Caribbean vibe, offering a unique and welcoming atmosphere.",6.8137426,-58.1624465,75.4045326484108,98.9,3.91376811594203,19.5003943309627,81.7221,20473.7002190617,95.644614726529,1.387,505.03240967,4.5,22.95,4.635,10.84,70.18,73.5348542720122,26.4651457279878,86400.0015258789,1070000.0,228000000.0,4.68270262123323,24000000.0,277000000.0,Georgetown,0.06,0.13,0.02,0.07,0.1,0.11,guyana
7216,2,27.2,29.4,24.4,south_america,"Lush greenery and colonial architecture meet vibrant local markets and a lively Caribbean vibe, offering a unique and welcoming atmosphere.",6.8137426,-58.1624465,75.4045326484108,98.9,3.91376811594203,19.5003943309627,81.7221,20473.7002190617,95.644614726529,1.387,505.03240967,4.5,22.95,4.635,10.84,70.18,73.5348542720122,26.4651457279878,86400.0015258789,1070000.0,228000000.0,4.68270262123323,24000000.0,277000000.0,Georgetown,0.06,0.13,0.02,0.07,0.1,0.11,guyana
7238,3,27.6,30.2,24.6,south_america,"Lush greenery and colonial architecture meet vibrant local markets and a lively Caribbean vibe, offering a unique and welcoming atmosphere.",6.8137426,-58.1624465,75.4045326484108,98.9,3.91376811594203,19.5003943309627,81.7221,20473.7002190617,95.644614726529,1.387,505.03240967,4.5,22.95,4.635,10.84,70.18,73.5348542720122,26.4651457279878,86400.0015258789,1070000.0,228000000.0,4.68270262123323,24000000.0,277000000.0,Georgetown,0.06,0.13,0.02,0.07,0.1,0.11,guyana
7260,4,28.0,30.6,24.9,south_america,"Lush greenery and colonial architecture meet vibrant local markets and a lively Caribbean vibe, offering a unique and welcoming atmosphere.",6.8137426,-58.1624465,75.4045326484108,98.9,3.91376811594203,19.5003943309627,81.7221,20473.7002190617,95.644614726529,1.387,505.03240967,4.5,22.95,4.635,10.84,70.18,73.5348542720122,26.4651457279878,86400.0015258789,1070000.0,228000000.0,4.68270262123323,24000000.0,277000000.0,Georgetown,0.06,0.13,0.02,0.07,0.1,0.11,guyana
7282,5,27.6,30.0,24.9,south_america,"Lush greenery and colonial architecture meet vibrant local markets and a lively Caribbean vibe, offering a unique and welcoming atmosphere.",6.8137426,-58.1624465,75.4045326484108,98.9,3.91376811594203,19.5003943309627,81.7221,20473.7002190617,95.644614726529,1.387,505.03240967,4.5,22.95,4.635,10.84,70.18,73.5348542720122,26.4651457279878,86400.0015258789,1070000.0,228000000.0,4.68270262123323,24000000.0,277000000.0,Georgetown,0.06,0.13,0.02,0.07,0.1,0.11,guyana
7304,6,27.4,30.0,24.6,south_america,"Lush greenery and colonial architecture meet vibrant local markets and a lively Caribbean vibe, offering a unique and welcoming atmosphere.",6.8137426,-58.1624465,75.4045326484108,98.9,3.91376811594203,19.5003943309627,81.7221,20473.7002190617,95.644614726529,1.387,505.03240967,4.5,22.95,4.635,10.84,70.18,73.5348542720122,26.4651457279878,86400.0015258789,1070000.0,228000000.0,4.68270262123323,24000000.0,277000000.0,Georgetown,0.06,0.13,0.02,0.07,0.1,0.11,guyana
7326,7,27.7,30.7,24.5,south_america,"Lush greenery and colonial architecture meet vibrant local markets and a lively Caribbean vibe, offering a unique and welcoming atmosphere.",6.8137426,-58.1624465,75.4045326484108,98.9,3.91376811594203,19.5003943309627,81.7221,20473.7002190617,95.644614726529,1.387,505.03240967,4.5,22.95,4.635,10.84,70.18,73.5348542720122,26.4651457279878,86400.0015258789,1070000.0,228000000.0,4.68270262123323,24000000.0,277000000.0,Georgetown,0.06,0.13,0.02,0.07,0.1,0.11,guyana
7348,8,28.4,31.3,24.8,south_america,"Lush greenery and colonial architecture meet vibrant local markets and a lively Caribbean vibe, offering a unique and welcoming atmosphere.",6.8137426,-58.1624465,75.4045326484108,98.9,3.91376811594203,19.5003943309627,81.7221,20473.7002190617,95.644614726529,1.387,505.03240967,4.5,22.95,4.635,10.84,70.18,73.5348542720122,26.4651457279878,86400.0015258789,1070000.0,228000000.0,4.68270262123323,24000000.0,277000000.0,Georgetown,0.06,0.13,0.02,0.07,0.1,0.11,guyana
7370,9,29.2,31.9,25.3,south_america,"Lush greenery and colonial architecture meet vibrant local markets and a lively Caribbean vibe, offering a unique and welcoming atmosphere.",6.8137426,-58.1624465,75.4045326484108,98.9,3.91376811594203,19.5003943309627,81.7221,20473.7002190617,95.644614726529,1.387,505.03240967,4.5,22.95,4.635,10.84,70.18,73.5348542720122,26.4651457279878,86400.0015258789,1070000.0,228000000.0,4.68270262123323,24000000.0,277000000.0,Georgetown,0.06,0.13,0.02,0.07,0.1,0.11,guyana
7392,1,10.4,14.2,7.1,europe,"Cobblestone streets, medieval architecture, and a welcoming atmosphere make wandering feel like stepping back in time, rich with history and charm.",41.4417677,-8.2955712,47.7343491046383,100.0,115.475189289738,40.887850776514,85.7901,27634.6183139773,99.2762210572337,5.851,2762.26293945,0.4,16.4,20.44,41.07,82.2804878048781,38.7951347366336,61.2048652633664,4208000.0,680000.0,10522000000.0,12.2444835483225,8835000000.0,3536000000.0,Guimarães,0.16,0.26,0.08,0.14,0.05,0.45,portugal
7414,10,17.1,21.2,13.7,europe,"Cobblestone streets, medieval architecture, and a welcoming atmosphere make wandering feel like stepping back in time, rich with history and charm.",41.4417677,-8.2955712,47.7343491046383,100.0,115.475189289738,40.887850776514,85.7901,27634.6183139773,99.2762210572337,5.851,2762.26293945,0.4,16.4,20.44,41.07,82.2804878048781,38.7951347366336,61.2048652633664,4208000.0,680000.0,10522000000.0,12.2444835483225,8835000000.0,3536000000.0,Guimarães,0.16,0.26,0.08,0.14,0.05,0.45,portugal
7436,11,13.8,17.1,10.7,europe,"Cobblestone streets, medieval architecture, and a welcoming atmosphere make wandering feel like stepping back in time, rich with history and charm.",41.4417677,-8.2955712,47.7343491046383,100.0,115.475189289738,40.887850776514,85.7901,27634.6183139773,99.2762210572337,5.851,2762.26293945,0.4,16.4,20.44,41.07,82.2804878048781,38.7951347366336,61.2048652633664,4208000.0,680000.0,10522000000.0,12.2444835483225,8835000000.0,3536000000.0,Guimarães,0.16,0.26,0.08,0.14,0.05,0.45,portugal
7458,12,12.1,15.6,9.2,europe,"Cobblestone streets, medieval architecture, and a welcoming atmosphere make wandering feel like stepping back in time, rich with history and charm.",41.4417677,-8.2955712,47.7343491046383,100.0,115.475189289738,40.887850776514,85.7901,27634.6183139773,99.2762210572337,5.851,2762.26293945,0.4,16.4,20.44,41.07,82.2804878048781,38.7951347366336,61.2048652633664,4208000.0,680000.0,10522000000.0,12.2444835483225,8835000000.0,3536000000.0,Guimarães,0.16,0.26,0.08,0.14,0.05,0.45,portugal
7480,2,11.7,15.6,8.2,europe,"Cobblestone streets, medieval architecture, and a welcoming atmosphere make wandering feel like stepping back in time, rich with history and charm.",41.4417677,-8.2955712,47.7343491046383,100.0,115.475189289738,40.887850776514,85.7901,27634.6183139773,99.2762210572337,5.851,2762.26293945,0.4,16.4,20.44,41.07,82.2804878048781,38.7951347366336,61.2048652633664,4208000.0,680000.0,10522000000.0,12.2444835483225,8835000000.0,3536000000.0,Guimarães,0.16,0.26,0.08,0.14,0.05,0.45,portugal
7502,3,13.0,16.9,9.8,europe,"Cobblestone streets, medieval architecture, and a welcoming atmosphere make wandering feel like stepping back in time, rich with history and charm.",41.4417677,-8.2955712,47.7343491046383,100.0,115.475189289738,40.887850776514,85.7901,27634.6183139773,99.2762210572337,5.851,2762.26293945,0.4,16.4,20.44,41.07,82.2804878048781,38.7951347366336,61.2048652633664,4208000.0,680000.0,10522000000.0,12.2444835483225,8835000000.0,3536000000.0,Guimarães,0.16,0.26,0.08,0.14,0.05,0.45,portugal
7524,4,14.3,18.2,10.6,europe,"Cobblestone streets, medieval architecture, and a welcoming atmosphere make wandering feel like stepping back in time, rich with history and charm.",41.4417677,-8.2955712,47.7343491046383,100.0,115.475189289738,40.887850776514,85.7901,27634.6183139773,99.2762210572337,5.851,2762.26293945,0.4,16.4,20.44,41.07,82.2804878048781,38.7951347366336,61.2048652633664,4208000.0,680000.0,10522000000.0,12.2444835483225,8835000000.0,3536000000.0,Guimarães,0.16,0.26,0.08,0.14,0.05,0.45,portugal
7546,5,16.5,20.3,12.8,europe,"Cobblestone streets, medieval architecture, and a welcoming atmosphere make wandering feel like stepping back in time, rich with history and charm.",41.4417677,-8.2955712,47.7343491046383,100.0,115.475189289738,40.887850776514,85.7901,27634.6183139773,99.2762210572337,5.851,2762.26293945,0.4,16.4,20.44,41.07,82.2804878048781,38.7951347366336,61.2048652633664,4208000.0,680000.0,10522000000.0,12.2444835483225,8835000000.0,3536000000.0,Guimarães,0.16,0.26,0.08,0.14,0.05,0.45,portugal
7568,6,18.0,21.7,14.5,europe,"Cobblestone streets, medieval architecture, and a welcoming atmosphere make wandering feel like stepping back in time, rich with history and charm.",41.4417677,-8.2955712,47.7343491046383,100.0,115.475189289738,40.887850776514,85.7901,27634.6183139773,99.2762210572337,5.851,2762.26293945,0.4,16.4,20.44,41.07,82.2804878048781,38.7951347366336,61.2048652633664,4208000.0,680000.0,10522000000.0,12.2444835483225,8835000000.0,3536000000.0,Guimarães,0.16,0.26,0.08,0.14,0.05,0.45,portugal
7590,7,19.8,24.0,15.9,europe,"Cobblestone streets, medieval architecture, and a welcoming atmosphere make wandering feel like stepping back in time, rich with history and charm.",41.4417677,-8.2955712,47.7343491046383,100.0,115.475189289738,40.887850776514,85.7901,27634.6183139773,99.2762210572337,5.851,2762.26293945,0.4,16.4,20.44,41.07,82.2804878048781,38.7951347366336,61.2048652633664,4208000.0,680000.0,10522000000.0,12.2444835483225,8835000000.0,3536000000.0,Guimarães,0.16,0.26,0.08,0.14,0.05,0.45,portugal
7612,8,19.5,24.0,15.6,europe,"Cobblestone streets, medieval architecture, and a welcoming atmosphere make wandering feel like stepping back in time, rich with history and charm.",41.4417677,-8.2955712,47.7343491046383,100.0,115.475189289738,40.887850776514,85.7901,27634.6183139773,99.2762210572337,5.851,2762.26293945,0.4,16.4,20.44,41.07,82.2804878048781,38.7951347366336,61.2048652633664,4208000.0,680000.0,10522000000.0,12.2444835483225,8835000000.0,3536000000.0,Guimarães,0.16,0.26,0.08,0.14,0.05,0.45,portugal
7634,9,18.8,23.3,14.9,europe,"Cobblestone streets, medieval architecture, and a welcoming atmosphere make wandering feel like stepping back in time, rich with history and charm.",41.4417677,-8.2955712,47.7343491046383,100.0,115.475189289738,40.887850776514,85.7901,27634.6183139773,99.2762210572337,5.851,2762.26293945,0.4,16.4,20.44,41.07,82.2804878048781,38.7951347366336,61.2048652633664,4208000.0,680000.0,10522000000.0,12.2444835483225,8835000000.0,3536000000.0,Guimarães,0.16,0.26,0.08,0.14,0.05,0.45,portugal
7656,1,17.2,21.3,14.5,asia,"Misty limestone karsts rise dramatically from emerald waters, creating a serene and mystical atmosphere perfect for peaceful exploration and reflection.",20.9528365,107.0800003,32.034926797665804,99.8,320.175197572656,19.0160579651314,78.08,4323.35031982451,98.160662651459,1.107,197.19210815,1.6,4.2,7.71,16.59,74.588,61.8701095581055,38.1298904418945,3837000.0,1070000.0,3232000000.0,1.11360339593907,199000000.0,4360000000.0,Ha Long,0.59,1.35,0.99,1.38,0.59,1.37,vietnam
7678,10,24.8,28.5,21.6,asia,"Misty limestone karsts rise dramatically from emerald waters, creating a serene and mystical atmosphere perfect for peaceful exploration and reflection.",20.9528365,107.0800003,32.034926797665804,99.8,320.175197572656,19.0160579651314,78.08,4323.35031982451,98.160662651459,1.107,197.19210815,1.6,4.2,7.71,16.59,74.588,61.8701095581055,38.1298904418945,3837000.0,1070000.0,3232000000.0,1.11360339593907,199000000.0,4360000000.0,Ha Long,0.59,1.35,0.99,1.38,0.59,1.37,vietnam
7700,11,22.6,27.2,19.5,asia,"Misty limestone karsts rise dramatically from emerald waters, creating a serene and mystical atmosphere perfect for peaceful exploration and reflection.",20.9528365,107.0800003,32.034926797665804,99.8,320.175197572656,19.0160579651314,78.08,4323.35031982451,98.160662651459,1.107,197.19210815,1.6,4.2,7.71,16.59,74.588,61.8701095581055,38.1298904418945,3837000.0,1070000.0,3232000000.0,1.11360339593907,199000000.0,4360000000.0,Ha Long,0.59,1.35,0.99,1.38,0.59,1.37,vietnam
7722,12,17.8,22.2,14.4,asia,"Misty limestone karsts rise dramatically from emerald waters, creating a serene and mystical atmosphere perfect for peaceful exploration and reflection.",20.9528365,107.0800003,32.034926797665804,99.8,320.175197572656,19.0160579651314,78.08,4323.35031982451,98.160662651459,1.107,197.19210815,1.6,4.2,7.71,16.59,74.588,61.8701095581055,38.1298904418945,3837000.0,1070000.0,3232000000.0,1.11360339593907,199000000.0,4360000000.0,Ha Long,0.59,1.35,0.99,1.38,0.59,1.37,vietnam
7744,2,18.1,21.9,16.0,asia,"Misty limestone karsts rise dramatically from emerald waters, creating a serene and mystical atmosphere perfect for peaceful exploration and reflection.",20.9528365,107.0800003,32.034926797665804,99.8,320.175197572656,19.0160579651314,78.08,4323.35031982451,98.160662651459,1.107,197.19210815,1.6,4.2,7.71,16.59,74.588,61.8701095581055,38.1298904418945,3837000.0,1070000.0,3232000000.0,1.11360339593907,199000000.0,4360000000.0,Ha Long,0.59,1.35,0.99,1.38,0.59,1.37,vietnam
7766,3,21.1,24.6,19.2,asia,"Misty limestone karsts rise dramatically from emerald waters, creating a serene and mystical atmosphere perfect for peaceful exploration and reflection.",20.9528365,107.0800003,32.034926797665804,99.8,320.175197572656,19.0160579651314,78.08,4323.35031982451,98.160662651459,1.107,197.19210815,1.6,4.2,7.71,16.59,74.588,61.8701095581055,38.1298904418945,3837000.0,1070000.0,3232000000.0,1.11360339593907,199000000.0,4360000000.0,Ha Long,0.59,1.35,0.99,1.38,0.59,1.37,vietnam
7788,4,24.0,27.5,22.0,asia,"Misty limestone karsts rise dramatically from emerald waters, creating a serene and mystical atmosphere perfect for peaceful exploration and reflection.",20.9528365,107.0800003,32.034926797665804,99.8,320.175197572656,19.0160579651314,78.08,4323.35031982451,98.160662651459,1.107,197.19210815,1.6,4.2,7.71,16.59,74.588,61.8701095581055,38.1298904418945,3837000.0,1070000.0,3232000000.0,1.11360339593907,199000000.0,4360000000.0,Ha Long,0.59,1.35,0.99,1.38,0.59,1.37,vietnam
7810,5,27.4,30.9,24.5,asia,"Misty limestone karsts rise dramatically from emerald waters, creating a serene and mystical atmosphere perfect for peaceful exploration and reflection.",20.9528365,107.0800003,32.034926797665804,99.8,320.175197572656,19.0160579651314,78.08,4323.35031982451,98.160662651459,1.107,197.19210815,1.6,4.2,7.71,16.59,74.588,61.8701095581055,38.1298904418945,3837000.0,1070000.0,3232000000.0,1.11360339593907,199000000.0,4360000000.0,Ha Long,0.59,1.35,0.99,1.38,0.59,1.37,vietnam
7832,6,29.4,33.2,26.6,asia,"Misty limestone karsts rise dramatically from emerald waters, creating a serene and mystical atmosphere perfect for peaceful exploration and reflection.",20.9528365,107.0800003,32.034926797665804,99.8,320.175197572656,19.0160579651314,78.08,4323.35031982451,98.160662651459,1.107,197.19210815,1.6,4.2,7.71,16.59,74.588,61.8701095581055,38.1298904418945,3837000.0,1070000.0,3232000000.0,1.11360339593907,199000000.0,4360000000.0,Ha Long,0.59,1.35,0.99,1.38,0.59,1.37,vietnam
7854,7,28.9,33.1,26.4,asia,"Misty limestone karsts rise dramatically from emerald waters, creating a serene and mystical atmosphere perfect for peaceful exploration and reflection.",20.9528365,107.0800003,32.034926797665804,99.8,320.175197572656,19.0160579651314,78.08,4323.35031982451,98.160662651459,1.107,197.19210815,1.6,4.2,7.71,16.59,74.588,61.8701095581055,38.1298904418945,3837000.0,1070000.0,3232000000.0,1.11360339593907,199000000.0,4360000000.0,Ha Long,0.59,1.35,0.99,1.38,0.59,1.37,vietnam
7876,8,28.2,31.9,25.5,asia,"Misty limestone karsts rise dramatically from emerald waters, creating a serene and mystical atmosphere perfect for peaceful exploration and reflection.",20.9528365,107.0800003,32.034926797665804,99.8,320.175197572656,19.0160579651314,78.08,4323.35031982451,98.160662651459,1.107,197.19210815,1.6,4.2,7.71,16.59,74.588,61.8701095581055,38.1298904418945,3837000.0,1070000.0,3232000000.0,1.11360339593907,199000000.0,4360000000.0,Ha Long,0.59,1.35,0.99,1.38,0.59,1.37,vietnam
7898,9,27.6,31.5,24.8,asia,"Misty limestone karsts rise dramatically from emerald waters, creating a serene and mystical atmosphere perfect for peaceful exploration and reflection.",20.9528365,107.0800003,32.034926797665804,99.8,320.175197572656,19.0160579651314,78.08,4323.35031982451,98.160662651459,1.107,197.19210815,1.6,4.2,7.71,16.59,74.588,61.8701095581055,38.1298904418945,3837000.0,1070000.0,3232000000.0,1.11360339593907,199000000.0,4360000000.0,Ha Long,0.59,1.35,0.99,1.38,0.59,1.37,vietnam
7920,1,-2.0,1.8,-5.9,north_america,"Charming coastal vibes blend with historic architecture, lively pubs, and the salty breeze, creating an inviting and laid-back maritime atmosphere.",44.648618,-63.5859487,29.408234935715,100.0,4.56079784268436,44.8021259828612,93.9564,54220.3285039875,98.2905039744417,2.819,6186.65234375,0.2,22.95,40.8,77.73,81.6465853658537,17.4749435591654,82.5250564408346,32430000.0,37845898.4375,19994000000.0,3.65670128143171,11256000000.0,41247000000.0,Halifax,0.24,0.19,0.22,0.18,0.16,0.25,canada
7942,10,11.8,15.3,8.1,north_america,"Charming coastal vibes blend with historic architecture, lively pubs, and the salty breeze, creating an inviting and laid-back maritime atmosphere.",44.648618,-63.5859487,29.408234935715,100.0,4.56079784268436,44.8021259828612,93.9564,54220.3285039875,98.2905039744417,2.819,6186.65234375,0.2,22.95,40.8,77.73,81.6465853658537,17.4749435591654,82.5250564408346,32430000.0,37845898.4375,19994000000.0,3.65670128143171,11256000000.0,41247000000.0,Halifax,0.24,0.19,0.22,0.18,0.16,0.25,canada
7964,11,6.1,9.3,2.6,north_america,"Charming coastal vibes blend with historic architecture, lively pubs, and the salty breeze, creating an inviting and laid-back maritime atmosphere.",44.648618,-63.5859487,29.408234935715,100.0,4.56079784268436,44.8021259828612,93.9564,54220.3285039875,98.2905039744417,2.819,6186.65234375,0.2,22.95,40.8,77.73,81.6465853658537,17.4749435591654,82.5250564408346,32430000.0,37845898.4375,19994000000.0,3.65670128143171,11256000000.0,41247000000.0,Halifax,0.24,0.19,0.22,0.18,0.16,0.25,canada
7986,12,1.1,4.4,-2.2,north_america,"Charming coastal vibes blend with historic architecture, lively pubs, and the salty breeze, creating an inviting and laid-back maritime atmosphere.",44.648618,-63.5859487,29.408234935715,100.0,4.56079784268436,44.8021259828612,93.9564,54220.3285039875,98.2905039744417,2.819,6186.65234375,0.2,22.95,40.8,77.73,81.6465853658537,17.4749435591654,82.5250564408346,32430000.0,37845898.4375,19994000000.0,3.65670128143171,11256000000.0,41247000000.0,Halifax,0.24,0.19,0.22,0.18,0.16,0.25,canada
8008,2,-2.9,0.9,-6.4,north_america,"Charming coastal vibes blend with historic architecture, lively pubs, and the salty breeze, creating an inviting and laid-back maritime atmosphere.",44.648618,-63.5859487,29.408234935715,100.0,4.56079784268436,44.8021259828612,93.9564,54220.3285039875,98.2905039744417,2.819,6186.65234375,0.2,22.95,40.8,77.73,81.6465853658537,17.4749435591654,82.5250564408346,32430000.0,37845898.4375,19994000000.0,3.65670128143171,11256000000.0,41247000000.0,Halifax,0.24,0.19,0.22,0.18,0.16,0.25,canada
8030,3,0.0,3.9,-3.8,north_america,"Charming coastal vibes blend with historic architecture, lively pubs, and the salty breeze, creating an inviting and laid-back maritime atmosphere.",44.648618,-63.5859487,29.408234935715,100.0,4.56079784268436,44.8021259828612,93.9564,54220.3285039875,98.2905039744417,2.819,6186.65234375,0.2,22.95,40.8,77.73,81.6465853658537,17.4749435591654,82.5250564408346,32430000.0,37845898.4375,19994000000.0,3.65670128143171,11256000000.0,41247000000.0,Halifax,0.24,0.19,0.22,0.18,0.16,0.25,canada
8052,4,5.2,8.9,1.6,north_america,"Charming coastal vibes blend with historic architecture, lively pubs, and the salty breeze, creating an inviting and laid-back maritime atmosphere.",44.648618,-63.5859487,29.408234935715,100.0,4.56079784268436,44.8021259828612,93.9564,54220.3285039875,98.2905039744417,2.819,6186.65234375,0.2,22.95,40.8,77.73,81.6465853658537,17.4749435591654,82.5250564408346,32430000.0,37845898.4375,19994000000.0,3.65670128143171,11256000000.0,41247000000.0,Halifax,0.24,0.19,0.22,0.18,0.16,0.25,canada
8074,5,9.9,14.3,5.7,north_america,"Charming coastal vibes blend with historic architecture, lively pubs, and the salty breeze, creating an inviting and laid-back maritime atmosphere.",44.648618,-63.5859487,29.408234935715,100.0,4.56079784268436,44.8021259828612,93.9564,54220.3285039875,98.2905039744417,2.819,6186.65234375,0.2,22.95,40.8,77.73,81.6465853658537,17.4749435591654,82.5250564408346,32430000.0,37845898.4375,19994000000.0,3.65670128143171,11256000000.0,41247000000.0,Halifax,0.24,0.19,0.22,0.18,0.16,0.25,canada
8096,6,14.9,19.4,10.6,north_america,"Charming coastal vibes blend with historic architecture, lively pubs, and the salty breeze, creating an inviting and laid-back maritime atmosphere.",44.648618,-63.5859487,29.408234935715,100.0,4.56079784268436,44.8021259828612,93.9564,54220.3285039875,98.2905039744417,2.819,6186.65234375,0.2,22.95,40.8,77.73,81.6465853658537,17.4749435591654,82.5250564408346,32430000.0,37845898.4375,19994000000.0,3.65670128143171,11256000000.0,41247000000.0,Halifax,0.24,0.19,0.22,0.18,0.16,0.25,canada
8118,7,19.5,23.7,15.3,north_america,"Charming coastal vibes blend with historic architecture, lively pubs, and the salty breeze, creating an inviting and laid-back maritime atmosphere.",44.648618,-63.5859487,29.408234935715,100.0,4.56079784268436,44.8021259828612,93.9564,54220.3285039875,98.2905039744417,2.819,6186.65234375,0.2,22.95,40.8,77.73,81.6465853658537,17.4749435591654,82.5250564408346,32430000.0,37845898.4375,19994000000.0,3.65670128143171,11256000000.0,41247000000.0,Halifax,0.24,0.19,0.22,0.18,0.16,0.25,canada
8140,8,20.1,24.1,16.1,north_america,"Charming coastal vibes blend with historic architecture, lively pubs, and the salty breeze, creating an inviting and laid-back maritime atmosphere.",44.648618,-63.5859487,29.408234935715,100.0,4.56079784268436,44.8021259828612,93.9564,54220.3285039875,98.2905039744417,2.819,6186.65234375,0.2,22.95,40.8,77.73,81.6465853658537,17.4749435591654,82.5250564408346,32430000.0,37845898.4375,19994000000.0,3.65670128143171,11256000000.0,41247000000.0,Halifax,0.24,0.19,0.22,0.18,0.16,0.25,canada
8162,9,17.0,21.0,13.1,north_america,"Charming coastal vibes blend with historic architecture, lively pubs, and the salty breeze, creating an inviting and laid-back maritime atmosphere.",44.648618,-63.5859487,29.408234935715,100.0,4.56079784268436,44.8021259828612,93.9564,54220.3285039875,98.2905039744417,2.819,6186.65234375,0.2,22.95,40.8,77.73,81.6465853658537,17.4749435591654,82.5250564408346,32430000.0,37845898.4375,19994000000.0,3.65670128143171,11256000000.0,41247000000.0,Halifax,0.24,0.19,0.22,0.18,0.16,0.25,canada
8184,1,17.8,20.8,15.2,asia,"Bustling streets filled with the aroma of street food, lively markets, and serene lakes create a vibrant yet peaceful atmosphere.",21.0283334,105.854041,32.034926797665804,99.8,320.175197572656,19.0160579651314,78.08,4323.35031982451,98.160662651459,1.107,197.19210815,1.6,4.2,7.71,16.59,74.588,61.8701095581055,38.1298904418945,3837000.0,1070000.0,3232000000.0,1.11360339593907,199000000.0,4360000000.0,Hanoi,0.59,1.35,0.99,1.38,0.59,1.37,vietnam
8206,10,25.9,29.6,22.7,asia,"Bustling streets filled with the aroma of street food, lively markets, and serene lakes create a vibrant yet peaceful atmosphere.",21.0283334,105.854041,32.034926797665804,99.8,320.175197572656,19.0160579651314,78.08,4323.35031982451,98.160662651459,1.107,197.19210815,1.6,4.2,7.71,16.59,74.588,61.8701095581055,38.1298904418945,3837000.0,1070000.0,3232000000.0,1.11360339593907,199000000.0,4360000000.0,Hanoi,0.59,1.35,0.99,1.38,0.59,1.37,vietnam
8228,11,23.4,27.2,20.2,asia,"Bustling streets filled with the aroma of street food, lively markets, and serene lakes create a vibrant yet peaceful atmosphere.",21.0283334,105.854041,32.034926797665804,99.8,320.175197572656,19.0160579651314,78.08,4323.35031982451,98.160662651459,1.107,197.19210815,1.6,4.2,7.71,16.59,74.588,61.8701095581055,38.1298904418945,3837000.0,1070000.0,3232000000.0,1.11360339593907,199000000.0,4360000000.0,Hanoi,0.59,1.35,0.99,1.38,0.59,1.37,vietnam
8250,12,18.6,22.3,15.7,asia,"Bustling streets filled with the aroma of street food, lively markets, and serene lakes create a vibrant yet peaceful atmosphere.",21.0283334,105.854041,32.034926797665804,99.8,320.175197572656,19.0160579651314,78.08,4323.35031982451,98.160662651459,1.107,197.19210815,1.6,4.2,7.71,16.59,74.588,61.8701095581055,38.1298904418945,3837000.0,1070000.0,3232000000.0,1.11360339593907,199000000.0,4360000000.0,Hanoi,0.59,1.35,0.99,1.38,0.59,1.37,vietnam
8272,2,18.9,21.8,16.4,asia,"Bustling streets filled with the aroma of street food, lively markets, and serene lakes create a vibrant yet peaceful atmosphere.",21.0283334,105.854041,32.034926797665804,99.8,320.175197572656,19.0160579651314,78.08,4323.35031982451,98.160662651459,1.107,197.19210815,1.6,4.2,7.71,16.59,74.588,61.8701095581055,38.1298904418945,3837000.0,1070000.0,3232000000.0,1.11360339593907,199000000.0,4360000000.0,Hanoi,0.59,1.35,0.99,1.38,0.59,1.37,vietnam
8294,3,21.9,25.0,19.9,asia,"Bustling streets filled with the aroma of street food, lively markets, and serene lakes create a vibrant yet peaceful atmosphere.",21.0283334,105.854041,32.034926797665804,99.8,320.175197572656,19.0160579651314,78.08,4323.35031982451,98.160662651459,1.107,197.19210815,1.6,4.2,7.71,16.59,74.588,61.8701095581055,38.1298904418945,3837000.0,1070000.0,3232000000.0,1.11360339593907,199000000.0,4360000000.0,Hanoi,0.59,1.35,0.99,1.38,0.59,1.37,vietnam
8316,4,25.0,28.2,22.4,asia,"Bustling streets filled with the aroma of street food, lively markets, and serene lakes create a vibrant yet peaceful atmosphere.",21.0283334,105.854041,32.034926797665804,99.8,320.175197572656,19.0160579651314,78.08,4323.35031982451,98.160662651459,1.107,197.19210815,1.6,4.2,7.71,16.59,74.588,61.8701095581055,38.1298904418945,3837000.0,1070000.0,3232000000.0,1.11360339593907,199000000.0,4360000000.0,Hanoi,0.59,1.35,0.99,1.38,0.59,1.37,vietnam
8338,5,28.3,31.9,25.0,asia,"Bustling streets filled with the aroma of street food, lively markets, and serene lakes create a vibrant yet peaceful atmosphere.",21.0283334,105.854041,32.034926797665804,99.8,320.175197572656,19.0160579651314,78.08,4323.35031982451,98.160662651459,1.107,197.19210815,1.6,4.2,7.71,16.59,74.588,61.8701095581055,38.1298904418945,3837000.0,1070000.0,3232000000.0,1.11360339593907,199000000.0,4360000000.0,Hanoi,0.59,1.35,0.99,1.38,0.59,1.37,vietnam
8360,6,30.3,34.7,26.9,asia,"Bustling streets filled with the aroma of street food, lively markets, and serene lakes create a vibrant yet peaceful atmosphere.",21.0283334,105.854041,32.034926797665804,99.8,320.175197572656,19.0160579651314,78.08,4323.35031982451,98.160662651459,1.107,197.19210815,1.6,4.2,7.71,16.59,74.588,61.8701095581055,38.1298904418945,3837000.0,1070000.0,3232000000.0,1.11360339593907,199000000.0,4360000000.0,Hanoi,0.59,1.35,0.99,1.38,0.59,1.37,vietnam
8382,7,30.0,34.3,26.8,asia,"Bustling streets filled with the aroma of street food, lively markets, and serene lakes create a vibrant yet peaceful atmosphere.",21.0283334,105.854041,32.034926797665804,99.8,320.175197572656,19.0160579651314,78.08,4323.35031982451,98.160662651459,1.107,197.19210815,1.6,4.2,7.71,16.59,74.588,61.8701095581055,38.1298904418945,3837000.0,1070000.0,3232000000.0,1.11360339593907,199000000.0,4360000000.0,Hanoi,0.59,1.35,0.99,1.38,0.59,1.37,vietnam
8404,8,29.2,33.0,26.1,asia,"Bustling streets filled with the aroma of street food, lively markets, and serene lakes create a vibrant yet peaceful atmosphere.",21.0283334,105.854041,32.034926797665804,99.8,320.175197572656,19.0160579651314,78.08,4323.35031982451,98.160662651459,1.107,197.19210815,1.6,4.2,7.71,16.59,74.588,61.8701095581055,38.1298904418945,3837000.0,1070000.0,3232000000.0,1.11360339593907,199000000.0,4360000000.0,Hanoi,0.59,1.35,0.99,1.38,0.59,1.37,vietnam
8426,9,28.5,32.3,25.5,asia,"Bustling streets filled with the aroma of street food, lively markets, and serene lakes create a vibrant yet peaceful atmosphere.",21.0283334,105.854041,32.034926797665804,99.8,320.175197572656,19.0160579651314,78.08,4323.35031982451,98.160662651459,1.107,197.19210815,1.6,4.2,7.71,16.59,74.588,61.8701095581055,38.1298904418945,3837000.0,1070000.0,3232000000.0,1.11360339593907,199000000.0,4360000000.0,Hanoi,0.59,1.35,0.99,1.38,0.59,1.37,vietnam
8448,1,21.1,25.3,17.1,africa,"Vibrant streets filled with colorful markets, the scent of blooming jacarandas, and a lively atmosphere make every moment feel uniquely captivating.",-17.8567035,31.0601584,38.8647655690431,62.0,42.24071862479,9.65758026126226,38.4266,2195.22492079245,67.1849190325683,0.136,62.92946243,49.2,38.3,1.43,4.5,62.775,60.7080629204205,39.2919370795795,639000.0,3275000.0,66000000.0,1.2539702596971,63000000.0,157000000.0,Harare,0.03,0.27,0.11,0.06,0.15,1.03,zimbabwe
8470,10,22.4,29.0,15.0,africa,"Vibrant streets filled with colorful markets, the scent of blooming jacarandas, and a lively atmosphere make every moment feel uniquely captivating.",-17.8567035,31.0601584,38.8647655690431,62.0,42.24071862479,9.65758026126226,38.4266,2195.22492079245,67.1849190325683,0.136,62.92946243,49.2,38.3,1.43,4.5,62.775,60.7080629204205,39.2919370795795,639000.0,3275000.0,66000000.0,1.2539702596971,63000000.0,157000000.0,Harare,0.03,0.27,0.11,0.06,0.15,1.03,zimbabwe
8492,11,22.3,28.3,16.8,africa,"Vibrant streets filled with colorful markets, the scent of blooming jacarandas, and a lively atmosphere make every moment feel uniquely captivating.",-17.8567035,31.0601584,38.8647655690431,62.0,42.24071862479,9.65758026126226,38.4266,2195.22492079245,67.1849190325683,0.136,62.92946243,49.2,38.3,1.43,4.5,62.775,60.7080629204205,39.2919370795795,639000.0,3275000.0,66000000.0,1.2539702596971,63000000.0,157000000.0,Harare,0.03,0.27,0.11,0.06,0.15,1.03,zimbabwe
8514,12,22.1,27.5,17.2,africa,"Vibrant streets filled with colorful markets, the scent of blooming jacarandas, and a lively atmosphere make every moment feel uniquely captivating.",-17.8567035,31.0601584,38.8647655690431,62.0,42.24071862479,9.65758026126226,38.4266,2195.22492079245,67.1849190325683,0.136,62.92946243,49.2,38.3,1.43,4.5,62.775,60.7080629204205,39.2919370795795,639000.0,3275000.0,66000000.0,1.2539702596971,63000000.0,157000000.0,Harare,0.03,0.27,0.11,0.06,0.15,1.03,zimbabwe
8536,2,21.3,26.2,16.7,africa,"Vibrant streets filled with colorful markets, the scent of blooming jacarandas, and a lively atmosphere make every moment feel uniquely captivating.",-17.8567035,31.0601584,38.8647655690431,62.0,42.24071862479,9.65758026126226,38.4266,2195.22492079245,67.1849190325683,0.136,62.92946243,49.2,38.3,1.43,4.5,62.775,60.7080629204205,39.2919370795795,639000.0,3275000.0,66000000.0,1.2539702596971,63000000.0,157000000.0,Harare,0.03,0.27,0.11,0.06,0.15,1.03,zimbabwe
8558,3,20.9,26.4,15.6,africa,"Vibrant streets filled with colorful markets, the scent of blooming jacarandas, and a lively atmosphere make every moment feel uniquely captivating.",-17.8567035,31.0601584,38.8647655690431,62.0,42.24071862479,9.65758026126226,38.4266,2195.22492079245,67.1849190325683,0.136,62.92946243,49.2,38.3,1.43,4.5,62.775,60.7080629204205,39.2919370795795,639000.0,3275000.0,66000000.0,1.2539702596971,63000000.0,157000000.0,Harare,0.03,0.27,0.11,0.06,0.15,1.03,zimbabwe
8580,4,19.6,25.5,13.8,africa,"Vibrant streets filled with colorful markets, the scent of blooming jacarandas, and a lively atmosphere make every moment feel uniquely captivating.",-17.8567035,31.0601584,38.8647655690431,62.0,42.24071862479,9.65758026126226,38.4266,2195.22492079245,67.1849190325683,0.136,62.92946243,49.2,38.3,1.43,4.5,62.775,60.7080629204205,39.2919370795795,639000.0,3275000.0,66000000.0,1.2539702596971,63000000.0,157000000.0,Harare,0.03,0.27,0.11,0.06,0.15,1.03,zimbabwe
8602,5,16.8,23.7,10.2,africa,"Vibrant streets filled with colorful markets, the scent of blooming jacarandas, and a lively atmosphere make every moment feel uniquely captivating.",-17.8567035,31.0601584,38.8647655690431,62.0,42.24071862479,9.65758026126226,38.4266,2195.22492079245,67.1849190325683,0.136,62.92946243,49.2,38.3,1.43,4.5,62.775,60.7080629204205,39.2919370795795,639000.0,3275000.0,66000000.0,1.2539702596971,63000000.0,157000000.0,Harare,0.03,0.27,0.11,0.06,0.15,1.03,zimbabwe
8624,6,14.7,21.1,8.5,africa,"Vibrant streets filled with colorful markets, the scent of blooming jacarandas, and a lively atmosphere make every moment feel uniquely captivating.",-17.8567035,31.0601584,38.8647655690431,62.0,42.24071862479,9.65758026126226,38.4266,2195.22492079245,67.1849190325683,0.136,62.92946243,49.2,38.3,1.43,4.5,62.775,60.7080629204205,39.2919370795795,639000.0,3275000.0,66000000.0,1.2539702596971,63000000.0,157000000.0,Harare,0.03,0.27,0.11,0.06,0.15,1.03,zimbabwe
8646,7,14.6,21.8,7.3,africa,"Vibrant streets filled with colorful markets, the scent of blooming jacarandas, and a lively atmosphere make every moment feel uniquely captivating.",-17.8567035,31.0601584,38.8647655690431,62.0,42.24071862479,9.65758026126226,38.4266,2195.22492079245,67.1849190325683,0.136,62.92946243,49.2,38.3,1.43,4.5,62.775,60.7080629204205,39.2919370795795,639000.0,3275000.0,66000000.0,1.2539702596971,63000000.0,157000000.0,Harare,0.03,0.27,0.11,0.06,0.15,1.03,zimbabwe
8668,8,17.5,25.2,9.9,africa,"Vibrant streets filled with colorful markets, the scent of blooming jacarandas, and a lively atmosphere make every moment feel uniquely captivating.",-17.8567035,31.0601584,38.8647655690431,62.0,42.24071862479,9.65758026126226,38.4266,2195.22492079245,67.1849190325683,0.136,62.92946243,49.2,38.3,1.43,4.5,62.775,60.7080629204205,39.2919370795795,639000.0,3275000.0,66000000.0,1.2539702596971,63000000.0,157000000.0,Harare,0.03,0.27,0.11,0.06,0.15,1.03,zimbabwe
8690,9,20.6,27.9,12.8,africa,"Vibrant streets filled with colorful markets, the scent of blooming jacarandas, and a lively atmosphere make every moment feel uniquely captivating.",-17.8567035,31.0601584,38.8647655690431,62.0,42.24071862479,9.65758026126226,38.4266,2195.22492079245,67.1849190325683,0.136,62.92946243,49.2,38.3,1.43,4.5,62.775,60.7080629204205,39.2919370795795,639000.0,3275000.0,66000000.0,1.2539702596971,63000000.0,157000000.0,Harare,0.03,0.27,0.11,0.06,0.15,1.03,zimbabwe
8712,1,22.4,25.7,19.7,north_america,"Colorful streets alive with the rhythm of salsa, vintage cars cruising past, and the scent of cigars create an unforgettable atmosphere.",23.135305,-82.3589631,32.034926797665804,100.0,106.165038535645,19.5003943309627,71.275,9605.27914559614,95.0236345510277,9.542,1199.35327148,4.5,22.95,4.635,10.84,78.085,22.8740127703679,77.1259872296321,1086000.0,271000.0,1152000000.0,4.68270262123323,1137000000.0,277000000.0,Havana,0.74,1.08,0.9,0.9,1.0,3.04,cuba
8734,10,26.5,30.0,23.8,north_america,"Colorful streets alive with the rhythm of salsa, vintage cars cruising past, and the scent of cigars create an unforgettable atmosphere.",23.135305,-82.3589631,32.034926797665804,100.0,106.165038535645,19.5003943309627,71.275,9605.27914559614,95.0236345510277,9.542,1199.35327148,4.5,22.95,4.635,10.84,78.085,22.8740127703679,77.1259872296321,1086000.0,271000.0,1152000000.0,4.68270262123323,1137000000.0,277000000.0,Havana,0.74,1.08,0.9,0.9,1.0,3.04,cuba
8756,11,24.6,28.3,21.4,north_america,"Colorful streets alive with the rhythm of salsa, vintage cars cruising past, and the scent of cigars create an unforgettable atmosphere.",23.135305,-82.3589631,32.034926797665804,100.0,106.165038535645,19.5003943309627,71.275,9605.27914559614,95.0236345510277,9.542,1199.35327148,4.5,22.95,4.635,10.84,78.085,22.8740127703679,77.1259872296321,1086000.0,271000.0,1152000000.0,4.68270262123323,1137000000.0,277000000.0,Havana,0.74,1.08,0.9,0.9,1.0,3.04,cuba
8778,12,23.3,26.3,20.8,north_america,"Colorful streets alive with the rhythm of salsa, vintage cars cruising past, and the scent of cigars create an unforgettable atmosphere.",23.135305,-82.3589631,32.034926797665804,100.0,106.165038535645,19.5003943309627,71.275,9605.27914559614,95.0236345510277,9.542,1199.35327148,4.5,22.95,4.635,10.84,78.085,22.8740127703679,77.1259872296321,1086000.0,271000.0,1152000000.0,4.68270262123323,1137000000.0,277000000.0,Havana,0.74,1.08,0.9,0.9,1.0,3.04,cuba
8800,2,23.5,27.7,20.2,north_america,"Colorful streets alive with the rhythm of salsa, vintage cars cruising past, and the scent of cigars create an unforgettable atmosphere.",23.135305,-82.3589631,32.034926797665804,100.0,106.165038535645,19.5003943309627,71.275,9605.27914559614,95.0236345510277,9.542,1199.35327148,4.5,22.95,4.635,10.84,78.085,22.8740127703679,77.1259872296321,1086000.0,271000.0,1152000000.0,4.68270262123323,1137000000.0,277000000.0,Havana,0.74,1.08,0.9,0.9,1.0,3.04,cuba
8822,3,24.0,28.7,20.4,north_america,"Colorful streets alive with the rhythm of salsa, vintage cars cruising past, and the scent of cigars create an unforgettable atmosphere.",23.135305,-82.3589631,32.034926797665804,100.0,106.165038535645,19.5003943309627,71.275,9605.27914559614,95.0236345510277,9.542,1199.35327148,4.5,22.95,4.635,10.84,78.085,22.8740127703679,77.1259872296321,1086000.0,271000.0,1152000000.0,4.68270262123323,1137000000.0,277000000.0,Havana,0.74,1.08,0.9,0.9,1.0,3.04,cuba
8844,4,25.9,29.8,22.6,north_america,"Colorful streets alive with the rhythm of salsa, vintage cars cruising past, and the scent of cigars create an unforgettable atmosphere.",23.135305,-82.3589631,32.034926797665804,100.0,106.165038535645,19.5003943309627,71.275,9605.27914559614,95.0236345510277,9.542,1199.35327148,4.5,22.95,4.635,10.84,78.085,22.8740127703679,77.1259872296321,1086000.0,271000.0,1152000000.0,4.68270262123323,1137000000.0,277000000.0,Havana,0.74,1.08,0.9,0.9,1.0,3.04,cuba
8866,5,26.9,30.7,23.8,north_america,"Colorful streets alive with the rhythm of salsa, vintage cars cruising past, and the scent of cigars create an unforgettable atmosphere.",23.135305,-82.3589631,32.034926797665804,100.0,106.165038535645,19.5003943309627,71.275,9605.27914559614,95.0236345510277,9.542,1199.35327148,4.5,22.95,4.635,10.84,78.085,22.8740127703679,77.1259872296321,1086000.0,271000.0,1152000000.0,4.68270262123323,1137000000.0,277000000.0,Havana,0.74,1.08,0.9,0.9,1.0,3.04,cuba
8888,6,27.2,31.2,24.3,north_america,"Colorful streets alive with the rhythm of salsa, vintage cars cruising past, and the scent of cigars create an unforgettable atmosphere.",23.135305,-82.3589631,32.034926797665804,100.0,106.165038535645,19.5003943309627,71.275,9605.27914559614,95.0236345510277,9.542,1199.35327148,4.5,22.95,4.635,10.84,78.085,22.8740127703679,77.1259872296321,1086000.0,271000.0,1152000000.0,4.68270262123323,1137000000.0,277000000.0,Havana,0.74,1.08,0.9,0.9,1.0,3.04,cuba
8910,7,28.1,31.8,25.3,north_america,"Colorful streets alive with the rhythm of salsa, vintage cars cruising past, and the scent of cigars create an unforgettable atmosphere.",23.135305,-82.3589631,32.034926797665804,100.0,106.165038535645,19.5003943309627,71.275,9605.27914559614,95.0236345510277,9.542,1199.35327148,4.5,22.95,4.635,10.84,78.085,22.8740127703679,77.1259872296321,1086000.0,271000.0,1152000000.0,4.68270262123323,1137000000.0,277000000.0,Havana,0.74,1.08,0.9,0.9,1.0,3.04,cuba
8932,8,28.1,31.4,25.5,north_america,"Colorful streets alive with the rhythm of salsa, vintage cars cruising past, and the scent of cigars create an unforgettable atmosphere.",23.135305,-82.3589631,32.034926797665804,100.0,106.165038535645,19.5003943309627,71.275,9605.27914559614,95.0236345510277,9.542,1199.35327148,4.5,22.95,4.635,10.84,78.085,22.8740127703679,77.1259872296321,1086000.0,271000.0,1152000000.0,4.68270262123323,1137000000.0,277000000.0,Havana,0.74,1.08,0.9,0.9,1.0,3.04,cuba
8954,9,27.9,31.0,25.5,north_america,"Colorful streets alive with the rhythm of salsa, vintage cars cruising past, and the scent of cigars create an unforgettable atmosphere.",23.135305,-82.3589631,32.034926797665804,100.0,106.165038535645,19.5003943309627,71.275,9605.27914559614,95.0236345510277,9.542,1199.35327148,4.5,22.95,4.635,10.84,78.085,22.8740127703679,77.1259872296321,1086000.0,271000.0,1152000000.0,4.68270262123323,1137000000.0,277000000.0,Havana,0.74,1.08,0.9,0.9,1.0,3.04,cuba
8976,1,27.5,32.7,23.6,asia,"Bustling streets filled with the aroma of street food and the hum of scooters create a vibrant, energetic atmosphere that's uniquely captivating.",10.7763897,106.7011391,32.034926797665804,99.8,320.175197572656,19.0160579651314,78.08,4323.35031982451,98.160662651459,1.107,197.19210815,1.6,4.2,7.71,16.59,74.588,61.8701095581055,38.1298904418945,3837000.0,1070000.0,3232000000.0,1.11360339593907,199000000.0,4360000000.0,Ho Chi Minh City,1.0,2.5,1.02,1.93,0.69,1.82,vietnam
8998,10,27.8,32.2,24.8,asia,"Bustling streets filled with the aroma of street food and the hum of scooters create a vibrant, energetic atmosphere that's uniquely captivating.",10.7763897,106.7011391,32.034926797665804,99.8,320.175197572656,19.0160579651314,78.08,4323.35031982451,98.160662651459,1.107,197.19210815,1.6,4.2,7.71,16.59,74.588,61.8701095581055,38.1298904418945,3837000.0,1070000.0,3232000000.0,1.11360339593907,199000000.0,4360000000.0,Ho Chi Minh City,1.0,2.5,1.02,1.93,0.69,1.82,vietnam
9020,11,28.1,32.4,24.8,asia,"Bustling streets filled with the aroma of street food and the hum of scooters create a vibrant, energetic atmosphere that's uniquely captivating.",10.7763897,106.7011391,32.034926797665804,99.8,320.175197572656,19.0160579651314,78.08,4323.35031982451,98.160662651459,1.107,197.19210815,1.6,4.2,7.71,16.59,74.588,61.8701095581055,38.1298904418945,3837000.0,1070000.0,3232000000.0,1.11360339593907,199000000.0,4360000000.0,Ho Chi Minh City,1.0,2.5,1.02,1.93,0.69,1.82,vietnam
9042,12,27.5,32.2,23.8,asia,"Bustling streets filled with the aroma of street food and the hum of scooters create a vibrant, energetic atmosphere that's uniquely captivating.",10.7763897,106.7011391,32.034926797665804,99.8,320.175197572656,19.0160579651314,78.08,4323.35031982451,98.160662651459,1.107,197.19210815,1.6,4.2,7.71,16.59,74.588,61.8701095581055,38.1298904418945,3837000.0,1070000.0,3232000000.0,1.11360339593907,199000000.0,4360000000.0,Ho Chi Minh City,1.0,2.5,1.02,1.93,0.69,1.82,vietnam
9064,2,27.9,33.5,24.0,asia,"Bustling streets filled with the aroma of street food and the hum of scooters create a vibrant, energetic atmosphere that's uniquely captivating.",10.7763897,106.7011391,32.034926797665804,99.8,320.175197572656,19.0160579651314,78.08,4323.35031982451,98.160662651459,1.107,197.19210815,1.6,4.2,7.71,16.59,74.588,61.8701095581055,38.1298904418945,3837000.0,1070000.0,3232000000.0,1.11360339593907,199000000.0,4360000000.0,Ho Chi Minh City,1.0,2.5,1.02,1.93,0.69,1.82,vietnam
9086,3,29.1,34.5,25.7,asia,"Bustling streets filled with the aroma of street food and the hum of scooters create a vibrant, energetic atmosphere that's uniquely captivating.",10.7763897,106.7011391,32.034926797665804,99.8,320.175197572656,19.0160579651314,78.08,4323.35031982451,98.160662651459,1.107,197.19210815,1.6,4.2,7.71,16.59,74.588,61.8701095581055,38.1298904418945,3837000.0,1070000.0,3232000000.0,1.11360339593907,199000000.0,4360000000.0,Ho Chi Minh City,1.0,2.5,1.02,1.93,0.69,1.82,vietnam
9108,4,30.2,35.1,27.1,asia,"Bustling streets filled with the aroma of street food and the hum of scooters create a vibrant, energetic atmosphere that's uniquely captivating.",10.7763897,106.7011391,32.034926797665804,99.8,320.175197572656,19.0160579651314,78.08,4323.35031982451,98.160662651459,1.107,197.19210815,1.6,4.2,7.71,16.59,74.588,61.8701095581055,38.1298904418945,3837000.0,1070000.0,3232000000.0,1.11360339593907,199000000.0,4360000000.0,Ho Chi Minh City,1.0,2.5,1.02,1.93,0.69,1.82,vietnam
9130,5,29.9,34.9,26.9,asia,"Bustling streets filled with the aroma of street food and the hum of scooters create a vibrant, energetic atmosphere that's uniquely captivating.",10.7763897,106.7011391,32.034926797665804,99.8,320.175197572656,19.0160579651314,78.08,4323.35031982451,98.160662651459,1.107,197.19210815,1.6,4.2,7.71,16.59,74.588,61.8701095581055,38.1298904418945,3837000.0,1070000.0,3232000000.0,1.11360339593907,199000000.0,4360000000.0,Ho Chi Minh City,1.0,2.5,1.02,1.93,0.69,1.82,vietnam
9152,6,28.8,33.4,25.7,asia,"Bustling streets filled with the aroma of street food and the hum of scooters create a vibrant, energetic atmosphere that's uniquely captivating.",10.7763897,106.7011391,32.034926797665804,99.8,320.175197572656,19.0160579651314,78.08,4323.35031982451,98.160662651459,1.107,197.19210815,1.6,4.2,7.71,16.59,74.588,61.8701095581055,38.1298904418945,3837000.0,1070000.0,3232000000.0,1.11360339593907,199000000.0,4360000000.0,Ho Chi Minh City,1.0,2.5,1.02,1.93,0.69,1.82,vietnam
9174,7,28.3,32.7,25.2,asia,"Bustling streets filled with the aroma of street food and the hum of scooters create a vibrant, energetic atmosphere that's uniquely captivating.",10.7763897,106.7011391,32.034926797665804,99.8,320.175197572656,19.0160579651314,78.08,4323.35031982451,98.160662651459,1.107,197.19210815,1.6,4.2,7.71,16.59,74.588,61.8701095581055,38.1298904418945,3837000.0,1070000.0,3232000000.0,1.11360339593907,199000000.0,4360000000.0,Ho Chi Minh City,1.0,2.5,1.02,1.93,0.69,1.82,vietnam
9196,8,28.4,32.8,25.5,asia,"Bustling streets filled with the aroma of street food and the hum of scooters create a vibrant, energetic atmosphere that's uniquely captivating.",10.7763897,106.7011391,32.034926797665804,99.8,320.175197572656,19.0160579651314,78.08,4323.35031982451,98.160662651459,1.107,197.19210815,1.6,4.2,7.71,16.59,74.588,61.8701095581055,38.1298904418945,3837000.0,1070000.0,3232000000.0,1.11360339593907,199000000.0,4360000000.0,Ho Chi Minh City,1.0,2.5,1.02,1.93,0.69,1.82,vietnam
9218,9,27.9,32.2,25.0,asia,"Bustling streets filled with the aroma of street food and the hum of scooters create a vibrant, energetic atmosphere that's uniquely captivating.",10.7763897,106.7011391,32.034926797665804,99.8,320.175197572656,19.0160579651314,78.08,4323.35031982451,98.160662651459,1.107,197.19210815,1.6,4.2,7.71,16.59,74.588,61.8701095581055,38.1298904418945,3837000.0,1070000.0,3232000000.0,1.11360339593907,199000000.0,4360000000.0,Ho Chi Minh City,1.0,2.5,1.02,1.93,0.69,1.82,vietnam
9240,1,22.2,25.2,19.9,asia,"Charming lantern-lit streets, bustling markets, and the scent of fresh herbs create an inviting atmosphere that feels both timeless and vibrant.",15.8795863,108.3319406,32.034926797665804,99.8,320.175197572656,19.0160579651314,78.08,4323.35031982451,98.160662651459,1.107,197.19210815,1.6,4.2,7.71,16.59,74.588,61.8701095581055,38.1298904418945,3837000.0,1070000.0,3232000000.0,1.11360339593907,199000000.0,4360000000.0,Hoi An,0.08,0.12,0.07,0.32,0.12,0.44,vietnam
9262,10,26.8,29.8,24.2,asia,"Charming lantern-lit streets, bustling markets, and the scent of fresh herbs create an inviting atmosphere that feels both timeless and vibrant.",15.8795863,108.3319406,32.034926797665804,99.8,320.175197572656,19.0160579651314,78.08,4323.35031982451,98.160662651459,1.107,197.19210815,1.6,4.2,7.71,16.59,74.588,61.8701095581055,38.1298904418945,3837000.0,1070000.0,3232000000.0,1.11360339593907,199000000.0,4360000000.0,Hoi An,0.08,0.12,0.07,0.32,0.12,0.44,vietnam
9284,11,25.6,28.5,23.3,asia,"Charming lantern-lit streets, bustling markets, and the scent of fresh herbs create an inviting atmosphere that feels both timeless and vibrant.",15.8795863,108.3319406,32.034926797665804,99.8,320.175197572656,19.0160579651314,78.08,4323.35031982451,98.160662651459,1.107,197.19210815,1.6,4.2,7.71,16.59,74.588,61.8701095581055,38.1298904418945,3837000.0,1070000.0,3232000000.0,1.11360339593907,199000000.0,4360000000.0,Hoi An,0.08,0.12,0.07,0.32,0.12,0.44,vietnam
9306,12,22.9,25.6,21.1,asia,"Charming lantern-lit streets, bustling markets, and the scent of fresh herbs create an inviting atmosphere that feels both timeless and vibrant.",15.8795863,108.3319406,32.034926797665804,99.8,320.175197572656,19.0160579651314,78.08,4323.35031982451,98.160662651459,1.107,197.19210815,1.6,4.2,7.71,16.59,74.588,61.8701095581055,38.1298904418945,3837000.0,1070000.0,3232000000.0,1.11360339593907,199000000.0,4360000000.0,Hoi An,0.08,0.12,0.07,0.32,0.12,0.44,vietnam
9328,2,23.1,26.5,20.9,asia,"Charming lantern-lit streets, bustling markets, and the scent of fresh herbs create an inviting atmosphere that feels both timeless and vibrant.",15.8795863,108.3319406,32.034926797665804,99.8,320.175197572656,19.0160579651314,78.08,4323.35031982451,98.160662651459,1.107,197.19210815,1.6,4.2,7.71,16.59,74.588,61.8701095581055,38.1298904418945,3837000.0,1070000.0,3232000000.0,1.11360339593907,199000000.0,4360000000.0,Hoi An,0.08,0.12,0.07,0.32,0.12,0.44,vietnam
9350,3,25.5,29.3,23.1,asia,"Charming lantern-lit streets, bustling markets, and the scent of fresh herbs create an inviting atmosphere that feels both timeless and vibrant.",15.8795863,108.3319406,32.034926797665804,99.8,320.175197572656,19.0160579651314,78.08,4323.35031982451,98.160662651459,1.107,197.19210815,1.6,4.2,7.71,16.59,74.588,61.8701095581055,38.1298904418945,3837000.0,1070000.0,3232000000.0,1.11360339593907,199000000.0,4360000000.0,Hoi An,0.08,0.12,0.07,0.32,0.12,0.44,vietnam
9372,4,27.3,31.4,24.7,asia,"Charming lantern-lit streets, bustling markets, and the scent of fresh herbs create an inviting atmosphere that feels both timeless and vibrant.",15.8795863,108.3319406,32.034926797665804,99.8,320.175197572656,19.0160579651314,78.08,4323.35031982451,98.160662651459,1.107,197.19210815,1.6,4.2,7.71,16.59,74.588,61.8701095581055,38.1298904418945,3837000.0,1070000.0,3232000000.0,1.11360339593907,199000000.0,4360000000.0,Hoi An,0.08,0.12,0.07,0.32,0.12,0.44,vietnam
9394,5,29.3,33.9,26.1,asia,"Charming lantern-lit streets, bustling markets, and the scent of fresh herbs create an inviting atmosphere that feels both timeless and vibrant.",15.8795863,108.3319406,32.034926797665804,99.8,320.175197572656,19.0160579651314,78.08,4323.35031982451,98.160662651459,1.107,197.19210815,1.6,4.2,7.71,16.59,74.588,61.8701095581055,38.1298904418945,3837000.0,1070000.0,3232000000.0,1.11360339593907,199000000.0,4360000000.0,Hoi An,0.08,0.12,0.07,0.32,0.12,0.44,vietnam
9416,6,30.6,35.9,26.8,asia,"Charming lantern-lit streets, bustling markets, and the scent of fresh herbs create an inviting atmosphere that feels both timeless and vibrant.",15.8795863,108.3319406,32.034926797665804,99.8,320.175197572656,19.0160579651314,78.08,4323.35031982451,98.160662651459,1.107,197.19210815,1.6,4.2,7.71,16.59,74.588,61.8701095581055,38.1298904418945,3837000.0,1070000.0,3232000000.0,1.11360339593907,199000000.0,4360000000.0,Hoi An,0.08,0.12,0.07,0.32,0.12,0.44,vietnam
9438,7,29.9,34.9,26.6,asia,"Charming lantern-lit streets, bustling markets, and the scent of fresh herbs create an inviting atmosphere that feels both timeless and vibrant.",15.8795863,108.3319406,32.034926797665804,99.8,320.175197572656,19.0160579651314,78.08,4323.35031982451,98.160662651459,1.107,197.19210815,1.6,4.2,7.71,16.59,74.588,61.8701095581055,38.1298904418945,3837000.0,1070000.0,3232000000.0,1.11360339593907,199000000.0,4360000000.0,Hoi An,0.08,0.12,0.07,0.32,0.12,0.44,vietnam
9460,8,30.0,35.2,26.6,asia,"Charming lantern-lit streets, bustling markets, and the scent of fresh herbs create an inviting atmosphere that feels both timeless and vibrant.",15.8795863,108.3319406,32.034926797665804,99.8,320.175197572656,19.0160579651314,78.08,4323.35031982451,98.160662651459,1.107,197.19210815,1.6,4.2,7.71,16.59,74.588,61.8701095581055,38.1298904418945,3837000.0,1070000.0,3232000000.0,1.11360339593907,199000000.0,4360000000.0,Hoi An,0.08,0.12,0.07,0.32,0.12,0.44,vietnam
9482,9,28.8,32.9,25.5,asia,"Charming lantern-lit streets, bustling markets, and the scent of fresh herbs create an inviting atmosphere that feels both timeless and vibrant.",15.8795863,108.3319406,32.034926797665804,99.8,320.175197572656,19.0160579651314,78.08,4323.35031982451,98.160662651459,1.107,197.19210815,1.6,4.2,7.71,16.59,74.588,61.8701095581055,38.1298904418945,3837000.0,1070000.0,3232000000.0,1.11360339593907,199000000.0,4360000000.0,Hoi An,0.08,0.12,0.07,0.32,0.12,0.44,vietnam
9504,1,17.4,20.2,15.1,asia,"A bustling metropolis where neon lights reflect off harbor waters, offering a vibrant mix of street markets, towering skyscrapers, and serene parks.",22.2793278,114.1628131,21.434219656282,100.0,7177.2380952381,100.0,95.9778,50562.3633144379,100.0,1.1215,272.89665985,4.5,22.95,4.635,10.84,85.2473170731707,0.0,100.0,3569000.0,8261000.0,32697000000.0,5.06906418805101,2839000000.0,26498000000.0,Hong Kong,4.78,2.48,1.17,1.93,0.64,5.0,hong kong
9526,10,26.5,29.1,24.3,asia,"A bustling metropolis where neon lights reflect off harbor waters, offering a vibrant mix of street markets, towering skyscrapers, and serene parks.",22.2793278,114.1628131,21.434219656282,100.0,7177.2380952381,100.0,95.9778,50562.3633144379,100.0,1.1215,272.89665985,4.5,22.95,4.635,10.84,85.2473170731707,0.0,100.0,3569000.0,8261000.0,32697000000.0,5.06906418805101,2839000000.0,26498000000.0,Hong Kong,4.78,2.48,1.17,1.93,0.64,5.0,hong kong
9548,11,23.3,26.0,21.2,asia,"A bustling metropolis where neon lights reflect off harbor waters, offering a vibrant mix of street markets, towering skyscrapers, and serene parks.",22.2793278,114.1628131,21.434219656282,100.0,7177.2380952381,100.0,95.9778,50562.3633144379,100.0,1.1215,272.89665985,4.5,22.95,4.635,10.84,85.2473170731707,0.0,100.0,3569000.0,8261000.0,32697000000.0,5.06906418805101,2839000000.0,26498000000.0,Hong Kong,4.78,2.48,1.17,1.93,0.64,5.0,hong kong
9570,12,18.5,21.2,16.1,asia,"A bustling metropolis where neon lights reflect off harbor waters, offering a vibrant mix of street markets, towering skyscrapers, and serene parks.",22.2793278,114.1628131,21.434219656282,100.0,7177.2380952381,100.0,95.9778,50562.3633144379,100.0,1.1215,272.89665985,4.5,22.95,4.635,10.84,85.2473170731707,0.0,100.0,3569000.0,8261000.0,32697000000.0,5.06906418805101,2839000000.0,26498000000.0,Hong Kong,4.78,2.48,1.17,1.93,0.64,5.0,hong kong
9592,2,18.4,21.4,16.3,asia,"A bustling metropolis where neon lights reflect off harbor waters, offering a vibrant mix of street markets, towering skyscrapers, and serene parks.",22.2793278,114.1628131,21.434219656282,100.0,7177.2380952381,100.0,95.9778,50562.3633144379,100.0,1.1215,272.89665985,4.5,22.95,4.635,10.84,85.2473170731707,0.0,100.0,3569000.0,8261000.0,32697000000.0,5.06906418805101,2839000000.0,26498000000.0,Hong Kong,4.78,2.48,1.17,1.93,0.64,5.0,hong kong
9614,3,21.2,24.0,19.1,asia,"A bustling metropolis where neon lights reflect off harbor waters, offering a vibrant mix of street markets, towering skyscrapers, and serene parks.",22.2793278,114.1628131,21.434219656282,100.0,7177.2380952381,100.0,95.9778,50562.3633144379,100.0,1.1215,272.89665985,4.5,22.95,4.635,10.84,85.2473170731707,0.0,100.0,3569000.0,8261000.0,32697000000.0,5.06906418805101,2839000000.0,26498000000.0,Hong Kong,4.78,2.48,1.17,1.93,0.64,5.0,hong kong
9636,4,24.1,26.8,21.9,asia,"A bustling metropolis where neon lights reflect off harbor waters, offering a vibrant mix of street markets, towering skyscrapers, and serene parks.",22.2793278,114.1628131,21.434219656282,100.0,7177.2380952381,100.0,95.9778,50562.3633144379,100.0,1.1215,272.89665985,4.5,22.95,4.635,10.84,85.2473170731707,0.0,100.0,3569000.0,8261000.0,32697000000.0,5.06906418805101,2839000000.0,26498000000.0,Hong Kong,4.78,2.48,1.17,1.93,0.64,5.0,hong kong
9658,5,26.7,29.3,24.8,asia,"A bustling metropolis where neon lights reflect off harbor waters, offering a vibrant mix of street markets, towering skyscrapers, and serene parks.",22.2793278,114.1628131,21.434219656282,100.0,7177.2380952381,100.0,95.9778,50562.3633144379,100.0,1.1215,272.89665985,4.5,22.95,4.635,10.84,85.2473170731707,0.0,100.0,3569000.0,8261000.0,32697000000.0,5.06906418805101,2839000000.0,26498000000.0,Hong Kong,4.78,2.48,1.17,1.93,0.64,5.0,hong kong
9680,6,29.2,31.7,27.2,asia,"A bustling metropolis where neon lights reflect off harbor waters, offering a vibrant mix of street markets, towering skyscrapers, and serene parks.",22.2793278,114.1628131,21.434219656282,100.0,7177.2380952381,100.0,95.9778,50562.3633144379,100.0,1.1215,272.89665985,4.5,22.95,4.635,10.84,85.2473170731707,0.0,100.0,3569000.0,8261000.0,32697000000.0,5.06906418805101,2839000000.0,26498000000.0,Hong Kong,4.78,2.48,1.17,1.93,0.64,5.0,hong kong
9702,7,30.0,32.7,27.9,asia,"A bustling metropolis where neon lights reflect off harbor waters, offering a vibrant mix of street markets, towering skyscrapers, and serene parks.",22.2793278,114.1628131,21.434219656282,100.0,7177.2380952381,100.0,95.9778,50562.3633144379,100.0,1.1215,272.89665985,4.5,22.95,4.635,10.84,85.2473170731707,0.0,100.0,3569000.0,8261000.0,32697000000.0,5.06906418805101,2839000000.0,26498000000.0,Hong Kong,4.78,2.48,1.17,1.93,0.64,5.0,hong kong
9724,8,29.4,32.0,27.2,asia,"A bustling metropolis where neon lights reflect off harbor waters, offering a vibrant mix of street markets, towering skyscrapers, and serene parks.",22.2793278,114.1628131,21.434219656282,100.0,7177.2380952381,100.0,95.9778,50562.3633144379,100.0,1.1215,272.89665985,4.5,22.95,4.635,10.84,85.2473170731707,0.0,100.0,3569000.0,8261000.0,32697000000.0,5.06906418805101,2839000000.0,26498000000.0,Hong Kong,4.78,2.48,1.17,1.93,0.64,5.0,hong kong
9746,9,29.1,31.9,27.0,asia,"A bustling metropolis where neon lights reflect off harbor waters, offering a vibrant mix of street markets, towering skyscrapers, and serene parks.",22.2793278,114.1628131,21.434219656282,100.0,7177.2380952381,100.0,95.9778,50562.3633144379,100.0,1.1215,272.89665985,4.5,22.95,4.635,10.84,85.2473170731707,0.0,100.0,3569000.0,8261000.0,32697000000.0,5.06906418805101,2839000000.0,26498000000.0,Hong Kong,4.78,2.48,1.17,1.93,0.64,5.0,hong kong
9768,1,20.6,23.9,18.0,asia,"Ancient temples and serene riverside views offer a peaceful escape, with fragrant street food and friendly locals adding to the charm.",16.4639321,107.5863388,32.034926797665804,99.8,320.175197572656,19.0160579651314,78.08,4323.35031982451,98.160662651459,1.107,197.19210815,1.6,4.2,7.71,16.59,74.588,61.8701095581055,38.1298904418945,3837000.0,1070000.0,3232000000.0,1.11360339593907,199000000.0,4360000000.0,Hue,0.11,0.55,0.16,0.29,0.08,0.27,vietnam
9790,10,25.7,29.0,23.4,asia,"Ancient temples and serene riverside views offer a peaceful escape, with fragrant street food and friendly locals adding to the charm.",16.4639321,107.5863388,32.034926797665804,99.8,320.175197572656,19.0160579651314,78.08,4323.35031982451,98.160662651459,1.107,197.19210815,1.6,4.2,7.71,16.59,74.588,61.8701095581055,38.1298904418945,3837000.0,1070000.0,3232000000.0,1.11360339593907,199000000.0,4360000000.0,Hue,0.11,0.55,0.16,0.29,0.08,0.27,vietnam
9812,11,24.4,27.7,22.0,asia,"Ancient temples and serene riverside views offer a peaceful escape, with fragrant street food and friendly locals adding to the charm.",16.4639321,107.5863388,32.034926797665804,99.8,320.175197572656,19.0160579651314,78.08,4323.35031982451,98.160662651459,1.107,197.19210815,1.6,4.2,7.71,16.59,74.588,61.8701095581055,38.1298904418945,3837000.0,1070000.0,3232000000.0,1.11360339593907,199000000.0,4360000000.0,Hue,0.11,0.55,0.16,0.29,0.08,0.27,vietnam
9834,12,21.0,23.4,19.0,asia,"Ancient temples and serene riverside views offer a peaceful escape, with fragrant street food and friendly locals adding to the charm.",16.4639321,107.5863388,32.034926797665804,99.8,320.175197572656,19.0160579651314,78.08,4323.35031982451,98.160662651459,1.107,197.19210815,1.6,4.2,7.71,16.59,74.588,61.8701095581055,38.1298904418945,3837000.0,1070000.0,3232000000.0,1.11360339593907,199000000.0,4360000000.0,Hue,0.11,0.55,0.16,0.29,0.08,0.27,vietnam
9856,2,21.5,25.5,18.5,asia,"Ancient temples and serene riverside views offer a peaceful escape, with fragrant street food and friendly locals adding to the charm.",16.4639321,107.5863388,32.034926797665804,99.8,320.175197572656,19.0160579651314,78.08,4323.35031982451,98.160662651459,1.107,197.19210815,1.6,4.2,7.71,16.59,74.588,61.8701095581055,38.1298904418945,3837000.0,1070000.0,3232000000.0,1.11360339593907,199000000.0,4360000000.0,Hue,0.11,0.55,0.16,0.29,0.08,0.27,vietnam
9878,3,24.4,28.8,21.2,asia,"Ancient temples and serene riverside views offer a peaceful escape, with fragrant street food and friendly locals adding to the charm.",16.4639321,107.5863388,32.034926797665804,99.8,320.175197572656,19.0160579651314,78.08,4323.35031982451,98.160662651459,1.107,197.19210815,1.6,4.2,7.71,16.59,74.588,61.8701095581055,38.1298904418945,3837000.0,1070000.0,3232000000.0,1.11360339593907,199000000.0,4360000000.0,Hue,0.11,0.55,0.16,0.29,0.08,0.27,vietnam
9900,4,26.9,31.8,23.3,asia,"Ancient temples and serene riverside views offer a peaceful escape, with fragrant street food and friendly locals adding to the charm.",16.4639321,107.5863388,32.034926797665804,99.8,320.175197572656,19.0160579651314,78.08,4323.35031982451,98.160662651459,1.107,197.19210815,1.6,4.2,7.71,16.59,74.588,61.8701095581055,38.1298904418945,3837000.0,1070000.0,3232000000.0,1.11360339593907,199000000.0,4360000000.0,Hue,0.11,0.55,0.16,0.29,0.08,0.27,vietnam
9922,5,29.0,34.3,25.1,asia,"Ancient temples and serene riverside views offer a peaceful escape, with fragrant street food and friendly locals adding to the charm.",16.4639321,107.5863388,32.034926797665804,99.8,320.175197572656,19.0160579651314,78.08,4323.35031982451,98.160662651459,1.107,197.19210815,1.6,4.2,7.71,16.59,74.588,61.8701095581055,38.1298904418945,3837000.0,1070000.0,3232000000.0,1.11360339593907,199000000.0,4360000000.0,Hue,0.11,0.55,0.16,0.29,0.08,0.27,vietnam
9944,6,30.5,36.2,25.9,asia,"Ancient temples and serene riverside views offer a peaceful escape, with fragrant street food and friendly locals adding to the charm.",16.4639321,107.5863388,32.034926797665804,99.8,320.175197572656,19.0160579651314,78.08,4323.35031982451,98.160662651459,1.107,197.19210815,1.6,4.2,7.71,16.59,74.588,61.8701095581055,38.1298904418945,3837000.0,1070000.0,3232000000.0,1.11360339593907,199000000.0,4360000000.0,Hue,0.11,0.55,0.16,0.29,0.08,0.27,vietnam
9966,7,30.0,35.6,25.6,asia,"Ancient temples and serene riverside views offer a peaceful escape, with fragrant street food and friendly locals adding to the charm.",16.4639321,107.5863388,32.034926797665804,99.8,320.175197572656,19.0160579651314,78.08,4323.35031982451,98.160662651459,1.107,197.19210815,1.6,4.2,7.71,16.59,74.588,61.8701095581055,38.1298904418945,3837000.0,1070000.0,3232000000.0,1.11360339593907,199000000.0,4360000000.0,Hue,0.11,0.55,0.16,0.29,0.08,0.27,vietnam
9988,8,30.0,35.8,25.8,asia,"Ancient temples and serene riverside views offer a peaceful escape, with fragrant street food and friendly locals adding to the charm.",16.4639321,107.5863388,32.034926797665804,99.8,320.175197572656,19.0160579651314,78.08,4323.35031982451,98.160662651459,1.107,197.19210815,1.6,4.2,7.71,16.59,74.588,61.8701095581055,38.1298904418945,3837000.0,1070000.0,3232000000.0,1.11360339593907,199000000.0,4360000000.0,Hue,0.11,0.55,0.16,0.29,0.08,0.27,vietnam
10010,9,28.0,32.8,24.7,asia,"Ancient temples and serene riverside views offer a peaceful escape, with fragrant street food and friendly locals adding to the charm.",16.4639321,107.5863388,32.034926797665804,99.8,320.175197572656,19.0160579651314,78.08,4323.35031982451,98.160662651459,1.107,197.19210815,1.6,4.2,7.71,16.59,74.588,61.8701095581055,38.1298904418945,3837000.0,1070000.0,3232000000.0,1.11360339593907,199000000.0,4360000000.0,Hue,0.11,0.55,0.16,0.29,0.08,0.27,vietnam
10032,1,10.8,16.9,5.0,asia,"Serene tree-lined streets, vibrant markets, and stunning views of the Margalla Hills offer a peaceful yet dynamic experience.",33.6938118,73.0651511,11.5994120076556,95.6,321.067474833956,19.6667418100831,27.3759,1360.32417758419,90.6815872292919,1.16,30.48608398,16.5,21.9,3.09,5.43,67.649,61.1808138127209,38.8191861872791,966000.0,1070000.0,765000000.0,2.79880745192545,439000000.0,1245000000.0,Islamabad,0.25,0.52,0.25,0.24,0.01,0.4,pakistan
10054,10,23.5,30.0,17.0,asia,"Serene tree-lined streets, vibrant markets, and stunning views of the Margalla Hills offer a peaceful yet dynamic experience.",33.6938118,73.0651511,11.5994120076556,95.6,321.067474833956,19.6667418100831,27.3759,1360.32417758419,90.6815872292919,1.16,30.48608398,16.5,21.9,3.09,5.43,67.649,61.1808138127209,38.8191861872791,966000.0,1070000.0,765000000.0,2.79880745192545,439000000.0,1245000000.0,Islamabad,0.25,0.52,0.25,0.24,0.01,0.4,pakistan
10076,11,16.8,23.7,11.2,asia,"Serene tree-lined streets, vibrant markets, and stunning views of the Margalla Hills offer a peaceful yet dynamic experience.",33.6938118,73.0651511,11.5994120076556,95.6,321.067474833956,19.6667418100831,27.3759,1360.32417758419,90.6815872292919,1.16,30.48608398,16.5,21.9,3.09,5.43,67.649,61.1808138127209,38.8191861872791,966000.0,1070000.0,765000000.0,2.79880745192545,439000000.0,1245000000.0,Islamabad,0.25,0.52,0.25,0.24,0.01,0.4,pakistan
10098,12,12.0,19.2,5.7,asia,"Serene tree-lined streets, vibrant markets, and stunning views of the Margalla Hills offer a peaceful yet dynamic experience.",33.6938118,73.0651511,11.5994120076556,95.6,321.067474833956,19.6667418100831,27.3759,1360.32417758419,90.6815872292919,1.16,30.48608398,16.5,21.9,3.09,5.43,67.649,61.1808138127209,38.8191861872791,966000.0,1070000.0,765000000.0,2.79880745192545,439000000.0,1245000000.0,Islamabad,0.25,0.52,0.25,0.24,0.01,0.4,pakistan
10120,2,14.4,20.7,8.2,asia,"Serene tree-lined streets, vibrant markets, and stunning views of the Margalla Hills offer a peaceful yet dynamic experience.",33.6938118,73.0651511,11.5994120076556,95.6,321.067474833956,19.6667418100831,27.3759,1360.32417758419,90.6815872292919,1.16,30.48608398,16.5,21.9,3.09,5.43,67.649,61.1808138127209,38.8191861872791,966000.0,1070000.0,765000000.0,2.79880745192545,439000000.0,1245000000.0,Islamabad,0.25,0.52,0.25,0.24,0.01,0.4,pakistan
10142,3,18.7,24.6,13.2,asia,"Serene tree-lined streets, vibrant markets, and stunning views of the Margalla Hills offer a peaceful yet dynamic experience.",33.6938118,73.0651511,11.5994120076556,95.6,321.067474833956,19.6667418100831,27.3759,1360.32417758419,90.6815872292919,1.16,30.48608398,16.5,21.9,3.09,5.43,67.649,61.1808138127209,38.8191861872791,966000.0,1070000.0,765000000.0,2.79880745192545,439000000.0,1245000000.0,Islamabad,0.25,0.52,0.25,0.24,0.01,0.4,pakistan
10164,4,24.0,30.3,17.9,asia,"Serene tree-lined streets, vibrant markets, and stunning views of the Margalla Hills offer a peaceful yet dynamic experience.",33.6938118,73.0651511,11.5994120076556,95.6,321.067474833956,19.6667418100831,27.3759,1360.32417758419,90.6815872292919,1.16,30.48608398,16.5,21.9,3.09,5.43,67.649,61.1808138127209,38.8191861872791,966000.0,1070000.0,765000000.0,2.79880745192545,439000000.0,1245000000.0,Islamabad,0.25,0.52,0.25,0.24,0.01,0.4,pakistan
10186,5,28.8,34.9,21.8,asia,"Serene tree-lined streets, vibrant markets, and stunning views of the Margalla Hills offer a peaceful yet dynamic experience.",33.6938118,73.0651511,11.5994120076556,95.6,321.067474833956,19.6667418100831,27.3759,1360.32417758419,90.6815872292919,1.16,30.48608398,16.5,21.9,3.09,5.43,67.649,61.1808138127209,38.8191861872791,966000.0,1070000.0,765000000.0,2.79880745192545,439000000.0,1245000000.0,Islamabad,0.25,0.52,0.25,0.24,0.01,0.4,pakistan
10208,6,31.3,37.5,24.7,asia,"Serene tree-lined streets, vibrant markets, and stunning views of the Margalla Hills offer a peaceful yet dynamic experience.",33.6938118,73.0651511,11.5994120076556,95.6,321.067474833956,19.6667418100831,27.3759,1360.32417758419,90.6815872292919,1.16,30.48608398,16.5,21.9,3.09,5.43,67.649,61.1808138127209,38.8191861872791,966000.0,1070000.0,765000000.0,2.79880745192545,439000000.0,1245000000.0,Islamabad,0.25,0.52,0.25,0.24,0.01,0.4,pakistan
10230,7,29.9,34.6,25.2,asia,"Serene tree-lined streets, vibrant markets, and stunning views of the Margalla Hills offer a peaceful yet dynamic experience.",33.6938118,73.0651511,11.5994120076556,95.6,321.067474833956,19.6667418100831,27.3759,1360.32417758419,90.6815872292919,1.16,30.48608398,16.5,21.9,3.09,5.43,67.649,61.1808138127209,38.8191861872791,966000.0,1070000.0,765000000.0,2.79880745192545,439000000.0,1245000000.0,Islamabad,0.25,0.52,0.25,0.24,0.01,0.4,pakistan
10252,8,29.4,33.9,24.9,asia,"Serene tree-lined streets, vibrant markets, and stunning views of the Margalla Hills offer a peaceful yet dynamic experience.",33.6938118,73.0651511,11.5994120076556,95.6,321.067474833956,19.6667418100831,27.3759,1360.32417758419,90.6815872292919,1.16,30.48608398,16.5,21.9,3.09,5.43,67.649,61.1808138127209,38.8191861872791,966000.0,1070000.0,765000000.0,2.79880745192545,439000000.0,1245000000.0,Islamabad,0.25,0.52,0.25,0.24,0.01,0.4,pakistan
10274,9,28.2,33.6,23.3,asia,"Serene tree-lined streets, vibrant markets, and stunning views of the Margalla Hills offer a peaceful yet dynamic experience.",33.6938118,73.0651511,11.5994120076556,95.6,321.067474833956,19.6667418100831,27.3759,1360.32417758419,90.6815872292919,1.16,30.48608398,16.5,21.9,3.09,5.43,67.649,61.1808138127209,38.8191861872791,966000.0,1070000.0,765000000.0,2.79880745192545,439000000.0,1245000000.0,Islamabad,0.25,0.52,0.25,0.24,0.01,0.4,pakistan
10296,1,26.6,31.3,21.8,asia,"Lush hills, serene lakes, and the scent of temple incense create a tranquil atmosphere that's both spiritually uplifting and visually stunning.",7.2931208,80.6350358,38.180356791846,100.0,356.239896540576,19.5003943309627,51.2,3798.89016573011,90.1950284141998,1.136,134.23654175,2.7,14.3,4.9,10.58,77.483,79.8544651557537,20.1455348442463,540000.0,305000.0,1076000000.0,8.22453929535838,682000000.0,803000000.0,Kandy,0.09,0.8,0.12,0.09,0.01,0.55,sri lanka
10318,10,26.9,31.0,23.5,asia,"Lush hills, serene lakes, and the scent of temple incense create a tranquil atmosphere that's both spiritually uplifting and visually stunning.",7.2931208,80.6350358,38.180356791846,100.0,356.239896540576,19.5003943309627,51.2,3798.89016573011,90.1950284141998,1.136,134.23654175,2.7,14.3,4.9,10.58,77.483,79.8544651557537,20.1455348442463,540000.0,305000.0,1076000000.0,8.22453929535838,682000000.0,803000000.0,Kandy,0.09,0.8,0.12,0.09,0.01,0.55,sri lanka
10340,11,26.6,31.1,22.8,asia,"Lush hills, serene lakes, and the scent of temple incense create a tranquil atmosphere that's both spiritually uplifting and visually stunning.",7.2931208,80.6350358,38.180356791846,100.0,356.239896540576,19.5003943309627,51.2,3798.89016573011,90.1950284141998,1.136,134.23654175,2.7,14.3,4.9,10.58,77.483,79.8544651557537,20.1455348442463,540000.0,305000.0,1076000000.0,8.22453929535838,682000000.0,803000000.0,Kandy,0.09,0.8,0.12,0.09,0.01,0.55,sri lanka
10362,12,26.4,30.8,22.6,asia,"Lush hills, serene lakes, and the scent of temple incense create a tranquil atmosphere that's both spiritually uplifting and visually stunning.",7.2931208,80.6350358,38.180356791846,100.0,356.239896540576,19.5003943309627,51.2,3798.89016573011,90.1950284141998,1.136,134.23654175,2.7,14.3,4.9,10.58,77.483,79.8544651557537,20.1455348442463,540000.0,305000.0,1076000000.0,8.22453929535838,682000000.0,803000000.0,Kandy,0.09,0.8,0.12,0.09,0.01,0.55,sri lanka
10384,2,27.2,33.2,21.9,asia,"Lush hills, serene lakes, and the scent of temple incense create a tranquil atmosphere that's both spiritually uplifting and visually stunning.",7.2931208,80.6350358,38.180356791846,100.0,356.239896540576,19.5003943309627,51.2,3798.89016573011,90.1950284141998,1.136,134.23654175,2.7,14.3,4.9,10.58,77.483,79.8544651557537,20.1455348442463,540000.0,305000.0,1076000000.0,8.22453929535838,682000000.0,803000000.0,Kandy,0.09,0.8,0.12,0.09,0.01,0.55,sri lanka
10406,3,28.7,34.8,23.0,asia,"Lush hills, serene lakes, and the scent of temple incense create a tranquil atmosphere that's both spiritually uplifting and visually stunning.",7.2931208,80.6350358,38.180356791846,100.0,356.239896540576,19.5003943309627,51.2,3798.89016573011,90.1950284141998,1.136,134.23654175,2.7,14.3,4.9,10.58,77.483,79.8544651557537,20.1455348442463,540000.0,305000.0,1076000000.0,8.22453929535838,682000000.0,803000000.0,Kandy,0.09,0.8,0.12,0.09,0.01,0.55,sri lanka
10428,4,28.8,34.2,23.9,asia,"Lush hills, serene lakes, and the scent of temple incense create a tranquil atmosphere that's both spiritually uplifting and visually stunning.",7.2931208,80.6350358,38.180356791846,100.0,356.239896540576,19.5003943309627,51.2,3798.89016573011,90.1950284141998,1.136,134.23654175,2.7,14.3,4.9,10.58,77.483,79.8544651557537,20.1455348442463,540000.0,305000.0,1076000000.0,8.22453929535838,682000000.0,803000000.0,Kandy,0.09,0.8,0.12,0.09,0.01,0.55,sri lanka
10450,5,28.4,32.6,24.7,asia,"Lush hills, serene lakes, and the scent of temple incense create a tranquil atmosphere that's both spiritually uplifting and visually stunning.",7.2931208,80.6350358,38.180356791846,100.0,356.239896540576,19.5003943309627,51.2,3798.89016573011,90.1950284141998,1.136,134.23654175,2.7,14.3,4.9,10.58,77.483,79.8544651557537,20.1455348442463,540000.0,305000.0,1076000000.0,8.22453929535838,682000000.0,803000000.0,Kandy,0.09,0.8,0.12,0.09,0.01,0.55,sri lanka
10472,6,28.1,31.6,24.9,asia,"Lush hills, serene lakes, and the scent of temple incense create a tranquil atmosphere that's both spiritually uplifting and visually stunning.",7.2931208,80.6350358,38.180356791846,100.0,356.239896540576,19.5003943309627,51.2,3798.89016573011,90.1950284141998,1.136,134.23654175,2.7,14.3,4.9,10.58,77.483,79.8544651557537,20.1455348442463,540000.0,305000.0,1076000000.0,8.22453929535838,682000000.0,803000000.0,Kandy,0.09,0.8,0.12,0.09,0.01,0.55,sri lanka
10494,7,27.8,31.4,24.6,asia,"Lush hills, serene lakes, and the scent of temple incense create a tranquil atmosphere that's both spiritually uplifting and visually stunning.",7.2931208,80.6350358,38.180356791846,100.0,356.239896540576,19.5003943309627,51.2,3798.89016573011,90.1950284141998,1.136,134.23654175,2.7,14.3,4.9,10.58,77.483,79.8544651557537,20.1455348442463,540000.0,305000.0,1076000000.0,8.22453929535838,682000000.0,803000000.0,Kandy,0.09,0.8,0.12,0.09,0.01,0.55,sri lanka
10516,8,27.9,31.8,24.5,asia,"Lush hills, serene lakes, and the scent of temple incense create a tranquil atmosphere that's both spiritually uplifting and visually stunning.",7.2931208,80.6350358,38.180356791846,100.0,356.239896540576,19.5003943309627,51.2,3798.89016573011,90.1950284141998,1.136,134.23654175,2.7,14.3,4.9,10.58,77.483,79.8544651557537,20.1455348442463,540000.0,305000.0,1076000000.0,8.22453929535838,682000000.0,803000000.0,Kandy,0.09,0.8,0.12,0.09,0.01,0.55,sri lanka
10538,9,27.2,30.9,24.0,asia,"Lush hills, serene lakes, and the scent of temple incense create a tranquil atmosphere that's both spiritually uplifting and visually stunning.",7.2931208,80.6350358,38.180356791846,100.0,356.239896540576,19.5003943309627,51.2,3798.89016573011,90.1950284141998,1.136,134.23654175,2.7,14.3,4.9,10.58,77.483,79.8544651557537,20.1455348442463,540000.0,305000.0,1076000000.0,8.22453929535838,682000000.0,803000000.0,Kandy,0.09,0.8,0.12,0.09,0.01,0.55,sri lanka
10560,1,21.2,27.0,17.0,africa,Rolling hills meet vibrant city life where markets buzz with energy and the aroma of fresh coffee fills the air.,-1.8859597,30.1296751,53.9729058197817,63.9,565.645358735306,8.94015258622129,34.2005,1027.03446826565,60.8290423575481,0.09,52.65630722,38.6,27.4,1.39,3.5,67.785,71.1444689354523,28.8555310645477,1634000.0,1070000.0,212000000.0,10.9903672762396,120000000.0,127000000.0,Kigali,0.09,0.16,0.05,0.1,0.16,0.29,rwanda
10582,10,21.3,27.0,17.1,africa,Rolling hills meet vibrant city life where markets buzz with energy and the aroma of fresh coffee fills the air.,-1.8859597,30.1296751,53.9729058197817,63.9,565.645358735306,8.94015258622129,34.2005,1027.03446826565,60.8290423575481,0.09,52.65630722,38.6,27.4,1.39,3.5,67.785,71.1444689354523,28.8555310645477,1634000.0,1070000.0,212000000.0,10.9903672762396,120000000.0,127000000.0,Kigali,0.09,0.16,0.05,0.1,0.16,0.29,rwanda
10604,11,20.3,26.2,16.8,africa,Rolling hills meet vibrant city life where markets buzz with energy and the aroma of fresh coffee fills the air.,-1.8859597,30.1296751,53.9729058197817,63.9,565.645358735306,8.94015258622129,34.2005,1027.03446826565,60.8290423575481,0.09,52.65630722,38.6,27.4,1.39,3.5,67.785,71.1444689354523,28.8555310645477,1634000.0,1070000.0,212000000.0,10.9903672762396,120000000.0,127000000.0,Kigali,0.09,0.16,0.05,0.1,0.16,0.29,rwanda
10626,12,20.7,26.7,16.8,africa,Rolling hills meet vibrant city life where markets buzz with energy and the aroma of fresh coffee fills the air.,-1.8859597,30.1296751,53.9729058197817,63.9,565.645358735306,8.94015258622129,34.2005,1027.03446826565,60.8290423575481,0.09,52.65630722,38.6,27.4,1.39,3.5,67.785,71.1444689354523,28.8555310645477,1634000.0,1070000.0,212000000.0,10.9903672762396,120000000.0,127000000.0,Kigali,0.09,0.16,0.05,0.1,0.16,0.29,rwanda
10648,2,21.3,27.0,17.1,africa,Rolling hills meet vibrant city life where markets buzz with energy and the aroma of fresh coffee fills the air.,-1.8859597,30.1296751,53.9729058197817,63.9,565.645358735306,8.94015258622129,34.2005,1027.03446826565,60.8290423575481,0.09,52.65630722,38.6,27.4,1.39,3.5,67.785,71.1444689354523,28.8555310645477,1634000.0,1070000.0,212000000.0,10.9903672762396,120000000.0,127000000.0,Kigali,0.09,0.16,0.05,0.1,0.16,0.29,rwanda
10670,3,21.1,26.8,17.0,africa,Rolling hills meet vibrant city life where markets buzz with energy and the aroma of fresh coffee fills the air.,-1.8859597,30.1296751,53.9729058197817,63.9,565.645358735306,8.94015258622129,34.2005,1027.03446826565,60.8290423575481,0.09,52.65630722,38.6,27.4,1.39,3.5,67.785,71.1444689354523,28.8555310645477,1634000.0,1070000.0,212000000.0,10.9903672762396,120000000.0,127000000.0,Kigali,0.09,0.16,0.05,0.1,0.16,0.29,rwanda
10692,4,20.7,25.9,17.3,africa,Rolling hills meet vibrant city life where markets buzz with energy and the aroma of fresh coffee fills the air.,-1.8859597,30.1296751,53.9729058197817,63.9,565.645358735306,8.94015258622129,34.2005,1027.03446826565,60.8290423575481,0.09,52.65630722,38.6,27.4,1.39,3.5,67.785,71.1444689354523,28.8555310645477,1634000.0,1070000.0,212000000.0,10.9903672762396,120000000.0,127000000.0,Kigali,0.09,0.16,0.05,0.1,0.16,0.29,rwanda
10714,5,21.3,26.2,17.7,africa,Rolling hills meet vibrant city life where markets buzz with energy and the aroma of fresh coffee fills the air.,-1.8859597,30.1296751,53.9729058197817,63.9,565.645358735306,8.94015258622129,34.2005,1027.03446826565,60.8290423575481,0.09,52.65630722,38.6,27.4,1.39,3.5,67.785,71.1444689354523,28.8555310645477,1634000.0,1070000.0,212000000.0,10.9903672762396,120000000.0,127000000.0,Kigali,0.09,0.16,0.05,0.1,0.16,0.29,rwanda
10736,6,21.7,26.4,17.1,africa,Rolling hills meet vibrant city life where markets buzz with energy and the aroma of fresh coffee fills the air.,-1.8859597,30.1296751,53.9729058197817,63.9,565.645358735306,8.94015258622129,34.2005,1027.03446826565,60.8290423575481,0.09,52.65630722,38.6,27.4,1.39,3.5,67.785,71.1444689354523,28.8555310645477,1634000.0,1070000.0,212000000.0,10.9903672762396,120000000.0,127000000.0,Kigali,0.09,0.16,0.05,0.1,0.16,0.29,rwanda
10758,7,21.9,27.0,17.0,africa,Rolling hills meet vibrant city life where markets buzz with energy and the aroma of fresh coffee fills the air.,-1.8859597,30.1296751,53.9729058197817,63.9,565.645358735306,8.94015258622129,34.2005,1027.03446826565,60.8290423575481,0.09,52.65630722,38.6,27.4,1.39,3.5,67.785,71.1444689354523,28.8555310645477,1634000.0,1070000.0,212000000.0,10.9903672762396,120000000.0,127000000.0,Kigali,0.09,0.16,0.05,0.1,0.16,0.29,rwanda
10780,8,22.6,27.8,17.5,africa,Rolling hills meet vibrant city life where markets buzz with energy and the aroma of fresh coffee fills the air.,-1.8859597,30.1296751,53.9729058197817,63.9,565.645358735306,8.94015258622129,34.2005,1027.03446826565,60.8290423575481,0.09,52.65630722,38.6,27.4,1.39,3.5,67.785,71.1444689354523,28.8555310645477,1634000.0,1070000.0,212000000.0,10.9903672762396,120000000.0,127000000.0,Kigali,0.09,0.16,0.05,0.1,0.16,0.29,rwanda
10802,9,21.9,27.7,17.3,africa,Rolling hills meet vibrant city life where markets buzz with energy and the aroma of fresh coffee fills the air.,-1.8859597,30.1296751,53.9729058197817,63.9,565.645358735306,8.94015258622129,34.2005,1027.03446826565,60.8290423575481,0.09,52.65630722,38.6,27.4,1.39,3.5,67.785,71.1444689354523,28.8555310645477,1634000.0,1070000.0,212000000.0,10.9903672762396,120000000.0,127000000.0,Kigali,0.09,0.16,0.05,0.1,0.16,0.29,rwanda
10824,1,-2.0,0.4,-4.5,europe,"Strolling through lively squares and historic streets, you'll feel the vibrant energy of a city rich in culture and warm hospitality.",50.4500336,30.5241361,5.16202867124443,100.0,65.1239834311357,14.431878377761,82.3755,5139.59814453125,93.517329658926,3.531,369.90487671,0.0,23.2,9.46,15.57,73.422,30.5245544972394,69.4754455027606,3382000.0,11251000.0,687000000.0,1.1316652115901,374000000.0,4823000000.0,Kyiv,1.09,2.43,1.53,1.44,1.27,4.44,ukraine
10846,10,9.5,14.0,5.7,europe,"Strolling through lively squares and historic streets, you'll feel the vibrant energy of a city rich in culture and warm hospitality.",50.4500336,30.5241361,5.16202867124443,100.0,65.1239834311357,14.431878377761,82.3755,5139.59814453125,93.517329658926,3.531,369.90487671,0.0,23.2,9.46,15.57,73.422,30.5245544972394,69.4754455027606,3382000.0,11251000.0,687000000.0,1.1316652115901,374000000.0,4823000000.0,Kyiv,1.09,2.43,1.53,1.44,1.27,4.44,ukraine
10868,11,3.2,5.7,0.8,europe,"Strolling through lively squares and historic streets, you'll feel the vibrant energy of a city rich in culture and warm hospitality.",50.4500336,30.5241361,5.16202867124443,100.0,65.1239834311357,14.431878377761,82.3755,5139.59814453125,93.517329658926,3.531,369.90487671,0.0,23.2,9.46,15.57,73.422,30.5245544972394,69.4754455027606,3382000.0,11251000.0,687000000.0,1.1316652115901,374000000.0,4823000000.0,Kyiv,1.09,2.43,1.53,1.44,1.27,4.44,ukraine
10890,12,0.0,2.0,-2.0,europe,"Strolling through lively squares and historic streets, you'll feel the vibrant energy of a city rich in culture and warm hospitality.",50.4500336,30.5241361,5.16202867124443,100.0,65.1239834311357,14.431878377761,82.3755,5139.59814453125,93.517329658926,3.531,369.90487671,0.0,23.2,9.46,15.57,73.422,30.5245544972394,69.4754455027606,3382000.0,11251000.0,687000000.0,1.1316652115901,374000000.0,4823000000.0,Kyiv,1.09,2.43,1.53,1.44,1.27,4.44,ukraine
10912,2,-0.6,2.2,-3.6,europe,"Strolling through lively squares and historic streets, you'll feel the vibrant energy of a city rich in culture and warm hospitality.",50.4500336,30.5241361,5.16202867124443,100.0,65.1239834311357,14.431878377761,82.3755,5139.59814453125,93.517329658926,3.531,369.90487671,0.0,23.2,9.46,15.57,73.422,30.5245544972394,69.4754455027606,3382000.0,11251000.0,687000000.0,1.1316652115901,374000000.0,4823000000.0,Kyiv,1.09,2.43,1.53,1.44,1.27,4.44,ukraine
10934,3,4.2,8.1,1.3,europe,"Strolling through lively squares and historic streets, you'll feel the vibrant energy of a city rich in culture and warm hospitality.",50.4500336,30.5241361,5.16202867124443,100.0,65.1239834311357,14.431878377761,82.3755,5139.59814453125,93.517329658926,3.531,369.90487671,0.0,23.2,9.46,15.57,73.422,30.5245544972394,69.4754455027606,3382000.0,11251000.0,687000000.0,1.1316652115901,374000000.0,4823000000.0,Kyiv,1.09,2.43,1.53,1.44,1.27,4.44,ukraine
10956,4,10.3,15.4,5.4,europe,"Strolling through lively squares and historic streets, you'll feel the vibrant energy of a city rich in culture and warm hospitality.",50.4500336,30.5241361,5.16202867124443,100.0,65.1239834311357,14.431878377761,82.3755,5139.59814453125,93.517329658926,3.531,369.90487671,0.0,23.2,9.46,15.57,73.422,30.5245544972394,69.4754455027606,3382000.0,11251000.0,687000000.0,1.1316652115901,374000000.0,4823000000.0,Kyiv,1.09,2.43,1.53,1.44,1.27,4.44,ukraine
10978,5,15.5,20.8,10.0,europe,"Strolling through lively squares and historic streets, you'll feel the vibrant energy of a city rich in culture and warm hospitality.",50.4500336,30.5241361,5.16202867124443,100.0,65.1239834311357,14.431878377761,82.3755,5139.59814453125,93.517329658926,3.531,369.90487671,0.0,23.2,9.46,15.57,73.422,30.5245544972394,69.4754455027606,3382000.0,11251000.0,687000000.0,1.1316652115901,374000000.0,4823000000.0,Kyiv,1.09,2.43,1.53,1.44,1.27,4.44,ukraine
11000,6,21.0,26.4,15.6,europe,"Strolling through lively squares and historic streets, you'll feel the vibrant energy of a city rich in culture and warm hospitality.",50.4500336,30.5241361,5.16202867124443,100.0,65.1239834311357,14.431878377761,82.3755,5139.59814453125,93.517329658926,3.531,369.90487671,0.0,23.2,9.46,15.57,73.422,30.5245544972394,69.4754455027606,3382000.0,11251000.0,687000000.0,1.1316652115901,374000000.0,4823000000.0,Kyiv,1.09,2.43,1.53,1.44,1.27,4.44,ukraine
11022,7,21.8,27.2,16.6,europe,"Strolling through lively squares and historic streets, you'll feel the vibrant energy of a city rich in culture and warm hospitality.",50.4500336,30.5241361,5.16202867124443,100.0,65.1239834311357,14.431878377761,82.3755,5139.59814453125,93.517329658926,3.531,369.90487671,0.0,23.2,9.46,15.57,73.422,30.5245544972394,69.4754455027606,3382000.0,11251000.0,687000000.0,1.1316652115901,374000000.0,4823000000.0,Kyiv,1.09,2.43,1.53,1.44,1.27,4.44,ukraine
11044,8,21.8,27.8,16.1,europe,"Strolling through lively squares and historic streets, you'll feel the vibrant energy of a city rich in culture and warm hospitality.",50.4500336,30.5241361,5.16202867124443,100.0,65.1239834311357,14.431878377761,82.3755,5139.59814453125,93.517329658926,3.531,369.90487671,0.0,23.2,9.46,15.57,73.422,30.5245544972394,69.4754455027606,3382000.0,11251000.0,687000000.0,1.1316652115901,374000000.0,4823000000.0,Kyiv,1.09,2.43,1.53,1.44,1.27,4.44,ukraine
11066,9,16.5,22.2,11.5,europe,"Strolling through lively squares and historic streets, you'll feel the vibrant energy of a city rich in culture and warm hospitality.",50.4500336,30.5241361,5.16202867124443,100.0,65.1239834311357,14.431878377761,82.3755,5139.59814453125,93.517329658926,3.531,369.90487671,0.0,23.2,9.46,15.57,73.422,30.5245544972394,69.4754455027606,3382000.0,11251000.0,687000000.0,1.1316652115901,374000000.0,4823000000.0,Kyiv,1.09,2.43,1.53,1.44,1.27,4.44,ukraine
11088,1,28.1,30.7,25.0,africa,"Lush greenery mingles with urban life, offering a unique blend of vibrant markets, diverse wildlife, and a laid-back coastal vibe.",0.4086518,9.4418849,9.0702920197525,94.1,9.64329956921644,19.5003943309627,71.9256,7802.82433276138,88.479261326667,0.521,252.98246765,3.8,33.4,4.635,10.84,68.337,8.3624037202687,91.6375962797313,870000.0,1070000.0,28700000.7629395,0.532471529483251,25000000.0,346000000.0,Libreville,0.02,0.12,0.07,0.1,0.33,0.2,gabon
11110,10,26.5,29.3,24.1,africa,"Lush greenery mingles with urban life, offering a unique blend of vibrant markets, diverse wildlife, and a laid-back coastal vibe.",0.4086518,9.4418849,9.0702920197525,94.1,9.64329956921644,19.5003943309627,71.9256,7802.82433276138,88.479261326667,0.521,252.98246765,3.8,33.4,4.635,10.84,68.337,8.3624037202687,91.6375962797313,870000.0,1070000.0,28700000.7629395,0.532471529483251,25000000.0,346000000.0,Libreville,0.02,0.12,0.07,0.1,0.33,0.2,gabon
11132,11,26.9,29.7,24.1,africa,"Lush greenery mingles with urban life, offering a unique blend of vibrant markets, diverse wildlife, and a laid-back coastal vibe.",0.4086518,9.4418849,9.0702920197525,94.1,9.64329956921644,19.5003943309627,71.9256,7802.82433276138,88.479261326667,0.521,252.98246765,3.8,33.4,4.635,10.84,68.337,8.3624037202687,91.6375962797313,870000.0,1070000.0,28700000.7629395,0.532471529483251,25000000.0,346000000.0,Libreville,0.02,0.12,0.07,0.1,0.33,0.2,gabon
11154,12,27.6,30.2,24.6,africa,"Lush greenery mingles with urban life, offering a unique blend of vibrant markets, diverse wildlife, and a laid-back coastal vibe.",0.4086518,9.4418849,9.0702920197525,94.1,9.64329956921644,19.5003943309627,71.9256,7802.82433276138,88.479261326667,0.521,252.98246765,3.8,33.4,4.635,10.84,68.337,8.3624037202687,91.6375962797313,870000.0,1070000.0,28700000.7629395,0.532471529483251,25000000.0,346000000.0,Libreville,0.02,0.12,0.07,0.1,0.33,0.2,gabon
11176,2,28.3,31.1,25.2,africa,"Lush greenery mingles with urban life, offering a unique blend of vibrant markets, diverse wildlife, and a laid-back coastal vibe.",0.4086518,9.4418849,9.0702920197525,94.1,9.64329956921644,19.5003943309627,71.9256,7802.82433276138,88.479261326667,0.521,252.98246765,3.8,33.4,4.635,10.84,68.337,8.3624037202687,91.6375962797313,870000.0,1070000.0,28700000.7629395,0.532471529483251,25000000.0,346000000.0,Libreville,0.02,0.12,0.07,0.1,0.33,0.2,gabon
11198,3,28.0,31.1,24.7,africa,"Lush greenery mingles with urban life, offering a unique blend of vibrant markets, diverse wildlife, and a laid-back coastal vibe.",0.4086518,9.4418849,9.0702920197525,94.1,9.64329956921644,19.5003943309627,71.9256,7802.82433276138,88.479261326667,0.521,252.98246765,3.8,33.4,4.635,10.84,68.337,8.3624037202687,91.6375962797313,870000.0,1070000.0,28700000.7629395,0.532471529483251,25000000.0,346000000.0,Libreville,0.02,0.12,0.07,0.1,0.33,0.2,gabon
11220,4,27.7,31.0,24.6,africa,"Lush greenery mingles with urban life, offering a unique blend of vibrant markets, diverse wildlife, and a laid-back coastal vibe.",0.4086518,9.4418849,9.0702920197525,94.1,9.64329956921644,19.5003943309627,71.9256,7802.82433276138,88.479261326667,0.521,252.98246765,3.8,33.4,4.635,10.84,68.337,8.3624037202687,91.6375962797313,870000.0,1070000.0,28700000.7629395,0.532471529483251,25000000.0,346000000.0,Libreville,0.02,0.12,0.07,0.1,0.33,0.2,gabon
11242,5,27.6,30.6,25.0,africa,"Lush greenery mingles with urban life, offering a unique blend of vibrant markets, diverse wildlife, and a laid-back coastal vibe.",0.4086518,9.4418849,9.0702920197525,94.1,9.64329956921644,19.5003943309627,71.9256,7802.82433276138,88.479261326667,0.521,252.98246765,3.8,33.4,4.635,10.84,68.337,8.3624037202687,91.6375962797313,870000.0,1070000.0,28700000.7629395,0.532471529483251,25000000.0,346000000.0,Libreville,0.02,0.12,0.07,0.1,0.33,0.2,gabon
11264,6,26.4,28.8,24.5,africa,"Lush greenery mingles with urban life, offering a unique blend of vibrant markets, diverse wildlife, and a laid-back coastal vibe.",0.4086518,9.4418849,9.0702920197525,94.1,9.64329956921644,19.5003943309627,71.9256,7802.82433276138,88.479261326667,0.521,252.98246765,3.8,33.4,4.635,10.84,68.337,8.3624037202687,91.6375962797313,870000.0,1070000.0,28700000.7629395,0.532471529483251,25000000.0,346000000.0,Libreville,0.02,0.12,0.07,0.1,0.33,0.2,gabon
11286,7,25.5,27.9,23.6,africa,"Lush greenery mingles with urban life, offering a unique blend of vibrant markets, diverse wildlife, and a laid-back coastal vibe.",0.4086518,9.4418849,9.0702920197525,94.1,9.64329956921644,19.5003943309627,71.9256,7802.82433276138,88.479261326667,0.521,252.98246765,3.8,33.4,4.635,10.84,68.337,8.3624037202687,91.6375962797313,870000.0,1070000.0,28700000.7629395,0.532471529483251,25000000.0,346000000.0,Libreville,0.02,0.12,0.07,0.1,0.33,0.2,gabon
11308,8,25.5,28.2,23.6,africa,"Lush greenery mingles with urban life, offering a unique blend of vibrant markets, diverse wildlife, and a laid-back coastal vibe.",0.4086518,9.4418849,9.0702920197525,94.1,9.64329956921644,19.5003943309627,71.9256,7802.82433276138,88.479261326667,0.521,252.98246765,3.8,33.4,4.635,10.84,68.337,8.3624037202687,91.6375962797313,870000.0,1070000.0,28700000.7629395,0.532471529483251,25000000.0,346000000.0,Libreville,0.02,0.12,0.07,0.1,0.33,0.2,gabon
11330,9,26.4,28.9,24.1,africa,"Lush greenery mingles with urban life, offering a unique blend of vibrant markets, diverse wildlife, and a laid-back coastal vibe.",0.4086518,9.4418849,9.0702920197525,94.1,9.64329956921644,19.5003943309627,71.9256,7802.82433276138,88.479261326667,0.521,252.98246765,3.8,33.4,4.635,10.84,68.337,8.3624037202687,91.6375962797313,870000.0,1070000.0,28700000.7629395,0.532471529483251,25000000.0,346000000.0,Libreville,0.02,0.12,0.07,0.1,0.33,0.2,gabon
11352,1,4.2,7.0,1.6,europe,"Charming cobblestone streets, vibrant squares, and a mix of Flemish and French influences create a welcoming atmosphere full of character and warmth.",50.6365654,3.0635282,19.0414647963516,100.0,126.862020595603,22.927852668258,86.8364,44700.1384177544,100.0,3.281,5149.0546875,0.1,15.6,34.41,66.8,82.9292682926829,21.2195676873453,78.7804323126547,117109000.0,21287000.0,35958000000.0,4.80404188740469,32646000000.0,31193000000.0,Lille,0.35,0.5,0.37,0.39,0.78,0.44,france
11374,10,12.4,16.5,8.8,europe,"Charming cobblestone streets, vibrant squares, and a mix of Flemish and French influences create a welcoming atmosphere full of character and warmth.",50.6365654,3.0635282,19.0414647963516,100.0,126.862020595603,22.927852668258,86.8364,44700.1384177544,100.0,3.281,5149.0546875,0.1,15.6,34.41,66.8,82.9292682926829,21.2195676873453,78.7804323126547,117109000.0,21287000.0,35958000000.0,4.80404188740469,32646000000.0,31193000000.0,Lille,0.35,0.5,0.37,0.39,0.78,0.44,france
11396,11,7.9,11.0,5.0,europe,"Charming cobblestone streets, vibrant squares, and a mix of Flemish and French influences create a welcoming atmosphere full of character and warmth.",50.6365654,3.0635282,19.0414647963516,100.0,126.862020595603,22.927852668258,86.8364,44700.1384177544,100.0,3.281,5149.0546875,0.1,15.6,34.41,66.8,82.9292682926829,21.2195676873453,78.7804323126547,117109000.0,21287000.0,35958000000.0,4.80404188740469,32646000000.0,31193000000.0,Lille,0.35,0.5,0.37,0.39,0.78,0.44,france
11418,12,6.0,8.6,3.6,europe,"Charming cobblestone streets, vibrant squares, and a mix of Flemish and French influences create a welcoming atmosphere full of character and warmth.",50.6365654,3.0635282,19.0414647963516,100.0,126.862020595603,22.927852668258,86.8364,44700.1384177544,100.0,3.281,5149.0546875,0.1,15.6,34.41,66.8,82.9292682926829,21.2195676873453,78.7804323126547,117109000.0,21287000.0,35958000000.0,4.80404188740469,32646000000.0,31193000000.0,Lille,0.35,0.5,0.37,0.39,0.78,0.44,france
11440,2,5.6,9.0,2.6,europe,"Charming cobblestone streets, vibrant squares, and a mix of Flemish and French influences create a welcoming atmosphere full of character and warmth.",50.6365654,3.0635282,19.0414647963516,100.0,126.862020595603,22.927852668258,86.8364,44700.1384177544,100.0,3.281,5149.0546875,0.1,15.6,34.41,66.8,82.9292682926829,21.2195676873453,78.7804323126547,117109000.0,21287000.0,35958000000.0,4.80404188740469,32646000000.0,31193000000.0,Lille,0.35,0.5,0.37,0.39,0.78,0.44,france
11462,3,7.7,11.7,4.0,europe,"Charming cobblestone streets, vibrant squares, and a mix of Flemish and French influences create a welcoming atmosphere full of character and warmth.",50.6365654,3.0635282,19.0414647963516,100.0,126.862020595603,22.927852668258,86.8364,44700.1384177544,100.0,3.281,5149.0546875,0.1,15.6,34.41,66.8,82.9292682926829,21.2195676873453,78.7804323126547,117109000.0,21287000.0,35958000000.0,4.80404188740469,32646000000.0,31193000000.0,Lille,0.35,0.5,0.37,0.39,0.78,0.44,france
11484,4,10.4,15.6,5.7,europe,"Charming cobblestone streets, vibrant squares, and a mix of Flemish and French influences create a welcoming atmosphere full of character and warmth.",50.6365654,3.0635282,19.0414647963516,100.0,126.862020595603,22.927852668258,86.8364,44700.1384177544,100.0,3.281,5149.0546875,0.1,15.6,34.41,66.8,82.9292682926829,21.2195676873453,78.7804323126547,117109000.0,21287000.0,35958000000.0,4.80404188740469,32646000000.0,31193000000.0,Lille,0.35,0.5,0.37,0.39,0.78,0.44,france
11506,5,14.2,19.5,9.4,europe,"Charming cobblestone streets, vibrant squares, and a mix of Flemish and French influences create a welcoming atmosphere full of character and warmth.",50.6365654,3.0635282,19.0414647963516,100.0,126.862020595603,22.927852668258,86.8364,44700.1384177544,100.0,3.281,5149.0546875,0.1,15.6,34.41,66.8,82.9292682926829,21.2195676873453,78.7804323126547,117109000.0,21287000.0,35958000000.0,4.80404188740469,32646000000.0,31193000000.0,Lille,0.35,0.5,0.37,0.39,0.78,0.44,france
11528,6,17.9,23.2,12.9,europe,"Charming cobblestone streets, vibrant squares, and a mix of Flemish and French influences create a welcoming atmosphere full of character and warmth.",50.6365654,3.0635282,19.0414647963516,100.0,126.862020595603,22.927852668258,86.8364,44700.1384177544,100.0,3.281,5149.0546875,0.1,15.6,34.41,66.8,82.9292682926829,21.2195676873453,78.7804323126547,117109000.0,21287000.0,35958000000.0,4.80404188740469,32646000000.0,31193000000.0,Lille,0.35,0.5,0.37,0.39,0.78,0.44,france
11550,7,19.4,25.1,14.5,europe,"Charming cobblestone streets, vibrant squares, and a mix of Flemish and French influences create a welcoming atmosphere full of character and warmth.",50.6365654,3.0635282,19.0414647963516,100.0,126.862020595603,22.927852668258,86.8364,44700.1384177544,100.0,3.281,5149.0546875,0.1,15.6,34.41,66.8,82.9292682926829,21.2195676873453,78.7804323126547,117109000.0,21287000.0,35958000000.0,4.80404188740469,32646000000.0,31193000000.0,Lille,0.35,0.5,0.37,0.39,0.78,0.44,france
11572,8,19.4,25.1,14.6,europe,"Charming cobblestone streets, vibrant squares, and a mix of Flemish and French influences create a welcoming atmosphere full of character and warmth.",50.6365654,3.0635282,19.0414647963516,100.0,126.862020595603,22.927852668258,86.8364,44700.1384177544,100.0,3.281,5149.0546875,0.1,15.6,34.41,66.8,82.9292682926829,21.2195676873453,78.7804323126547,117109000.0,21287000.0,35958000000.0,4.80404188740469,32646000000.0,31193000000.0,Lille,0.35,0.5,0.37,0.39,0.78,0.44,france
11594,9,16.1,21.4,11.5,europe,"Charming cobblestone streets, vibrant squares, and a mix of Flemish and French influences create a welcoming atmosphere full of character and warmth.",50.6365654,3.0635282,19.0414647963516,100.0,126.862020595603,22.927852668258,86.8364,44700.1384177544,100.0,3.281,5149.0546875,0.1,15.6,34.41,66.8,82.9292682926829,21.2195676873453,78.7804323126547,117109000.0,21287000.0,35958000000.0,4.80404188740469,32646000000.0,31193000000.0,Lille,0.35,0.5,0.37,0.39,0.78,0.44,france
11616,1,11.9,15.5,9.2,europe,"Hillside streets alive with music, pastel-colored buildings, sunlit plazas, and the scent of fresh pastries give this city an irresistible warmth.",38.7077507,-9.1365919,47.7343491046383,100.0,115.475189289738,40.887850776514,85.7901,27634.6183139773,99.2762210572337,5.851,2762.26293945,0.4,16.4,20.44,41.07,82.2804878048781,38.7951347366336,61.2048652633664,4208000.0,680000.0,10522000000.0,12.2444835483225,8835000000.0,3536000000.0,Lisbon,0.78,1.43,1.18,1.47,0.97,1.8,portugal
11638,10,19.3,23.4,16.2,europe,"Hillside streets alive with music, pastel-colored buildings, sunlit plazas, and the scent of fresh pastries give this city an irresistible warmth.",38.7077507,-9.1365919,47.7343491046383,100.0,115.475189289738,40.887850776514,85.7901,27634.6183139773,99.2762210572337,5.851,2762.26293945,0.4,16.4,20.44,41.07,82.2804878048781,38.7951347366336,61.2048652633664,4208000.0,680000.0,10522000000.0,12.2444835483225,8835000000.0,3536000000.0,Lisbon,0.78,1.43,1.18,1.47,0.97,1.8,portugal
11660,11,15.3,18.5,12.8,europe,"Hillside streets alive with music, pastel-colored buildings, sunlit plazas, and the scent of fresh pastries give this city an irresistible warmth.",38.7077507,-9.1365919,47.7343491046383,100.0,115.475189289738,40.887850776514,85.7901,27634.6183139773,99.2762210572337,5.851,2762.26293945,0.4,16.4,20.44,41.07,82.2804878048781,38.7951347366336,61.2048652633664,4208000.0,680000.0,10522000000.0,12.2444835483225,8835000000.0,3536000000.0,Lisbon,0.78,1.43,1.18,1.47,0.97,1.8,portugal
11682,12,13.0,16.0,10.4,europe,"Hillside streets alive with music, pastel-colored buildings, sunlit plazas, and the scent of fresh pastries give this city an irresistible warmth.",38.7077507,-9.1365919,47.7343491046383,100.0,115.475189289738,40.887850776514,85.7901,27634.6183139773,99.2762210572337,5.851,2762.26293945,0.4,16.4,20.44,41.07,82.2804878048781,38.7951347366336,61.2048652633664,4208000.0,680000.0,10522000000.0,12.2444835483225,8835000000.0,3536000000.0,Lisbon,0.78,1.43,1.18,1.47,0.97,1.8,portugal
11704,2,12.9,16.6,10.0,europe,"Hillside streets alive with music, pastel-colored buildings, sunlit plazas, and the scent of fresh pastries give this city an irresistible warmth.",38.7077507,-9.1365919,47.7343491046383,100.0,115.475189289738,40.887850776514,85.7901,27634.6183139773,99.2762210572337,5.851,2762.26293945,0.4,16.4,20.44,41.07,82.2804878048781,38.7951347366336,61.2048652633664,4208000.0,680000.0,10522000000.0,12.2444835483225,8835000000.0,3536000000.0,Lisbon,0.78,1.43,1.18,1.47,0.97,1.8,portugal
11726,3,14.1,18.4,10.7,europe,"Hillside streets alive with music, pastel-colored buildings, sunlit plazas, and the scent of fresh pastries give this city an irresistible warmth.",38.7077507,-9.1365919,47.7343491046383,100.0,115.475189289738,40.887850776514,85.7901,27634.6183139773,99.2762210572337,5.851,2762.26293945,0.4,16.4,20.44,41.07,82.2804878048781,38.7951347366336,61.2048652633664,4208000.0,680000.0,10522000000.0,12.2444835483225,8835000000.0,3536000000.0,Lisbon,0.78,1.43,1.18,1.47,0.97,1.8,portugal
11748,4,16.1,20.8,12.7,europe,"Hillside streets alive with music, pastel-colored buildings, sunlit plazas, and the scent of fresh pastries give this city an irresistible warmth.",38.7077507,-9.1365919,47.7343491046383,100.0,115.475189289738,40.887850776514,85.7901,27634.6183139773,99.2762210572337,5.851,2762.26293945,0.4,16.4,20.44,41.07,82.2804878048781,38.7951347366336,61.2048652633664,4208000.0,680000.0,10522000000.0,12.2444835483225,8835000000.0,3536000000.0,Lisbon,0.78,1.43,1.18,1.47,0.97,1.8,portugal
11770,5,19.4,24.3,15.4,europe,"Hillside streets alive with music, pastel-colored buildings, sunlit plazas, and the scent of fresh pastries give this city an irresistible warmth.",38.7077507,-9.1365919,47.7343491046383,100.0,115.475189289738,40.887850776514,85.7901,27634.6183139773,99.2762210572337,5.851,2762.26293945,0.4,16.4,20.44,41.07,82.2804878048781,38.7951347366336,61.2048652633664,4208000.0,680000.0,10522000000.0,12.2444835483225,8835000000.0,3536000000.0,Lisbon,0.78,1.43,1.18,1.47,0.97,1.8,portugal
11792,6,20.8,26.1,17.0,europe,"Hillside streets alive with music, pastel-colored buildings, sunlit plazas, and the scent of fresh pastries give this city an irresistible warmth.",38.7077507,-9.1365919,47.7343491046383,100.0,115.475189289738,40.887850776514,85.7901,27634.6183139773,99.2762210572337,5.851,2762.26293945,0.4,16.4,20.44,41.07,82.2804878048781,38.7951347366336,61.2048652633664,4208000.0,680000.0,10522000000.0,12.2444835483225,8835000000.0,3536000000.0,Lisbon,0.78,1.43,1.18,1.47,0.97,1.8,portugal
11814,7,22.8,28.5,18.6,europe,"Hillside streets alive with music, pastel-colored buildings, sunlit plazas, and the scent of fresh pastries give this city an irresistible warmth.",38.7077507,-9.1365919,47.7343491046383,100.0,115.475189289738,40.887850776514,85.7901,27634.6183139773,99.2762210572337,5.851,2762.26293945,0.4,16.4,20.44,41.07,82.2804878048781,38.7951347366336,61.2048652633664,4208000.0,680000.0,10522000000.0,12.2444835483225,8835000000.0,3536000000.0,Lisbon,0.78,1.43,1.18,1.47,0.97,1.8,portugal
11836,8,23.1,29.2,18.9,europe,"Hillside streets alive with music, pastel-colored buildings, sunlit plazas, and the scent of fresh pastries give this city an irresistible warmth.",38.7077507,-9.1365919,47.7343491046383,100.0,115.475189289738,40.887850776514,85.7901,27634.6183139773,99.2762210572337,5.851,2762.26293945,0.4,16.4,20.44,41.07,82.2804878048781,38.7951347366336,61.2048652633664,4208000.0,680000.0,10522000000.0,12.2444835483225,8835000000.0,3536000000.0,Lisbon,0.78,1.43,1.18,1.47,0.97,1.8,portugal
11858,9,21.9,26.9,18.0,europe,"Hillside streets alive with music, pastel-colored buildings, sunlit plazas, and the scent of fresh pastries give this city an irresistible warmth.",38.7077507,-9.1365919,47.7343491046383,100.0,115.475189289738,40.887850776514,85.7901,27634.6183139773,99.2762210572337,5.851,2762.26293945,0.4,16.4,20.44,41.07,82.2804878048781,38.7951347366336,61.2048652633664,4208000.0,680000.0,10522000000.0,12.2444835483225,8835000000.0,3536000000.0,Lisbon,0.78,1.43,1.18,1.47,0.97,1.8,portugal
11880,1,28.4,33.0,25.5,africa,"Bustling markets filled with vibrant textiles and the scent of spices create an energetic atmosphere, while palm-lined beaches offer serene escapes.",6.130419,1.215829,14.976443683236,59.2,171.067052767053,21.2977560894452,37.0223,1055.01727877926,63.7824051013865,0.08,59.60503769,34.4,43.8,2.25,5.06,62.739,56.7503146967564,43.2496853032436,482000.0,269000.0,264000000.0,15.8545530420201,149000000.0,61000000.0,Lomé,0.06,0.38,0.13,0.19,1.22,0.43,togo
11902,10,27.4,30.6,24.7,africa,"Bustling markets filled with vibrant textiles and the scent of spices create an energetic atmosphere, while palm-lined beaches offer serene escapes.",6.130419,1.215829,14.976443683236,59.2,171.067052767053,21.2977560894452,37.0223,1055.01727877926,63.7824051013865,0.08,59.60503769,34.4,43.8,2.25,5.06,62.739,56.7503146967564,43.2496853032436,482000.0,269000.0,264000000.0,15.8545530420201,149000000.0,61000000.0,Lomé,0.06,0.38,0.13,0.19,1.22,0.43,togo
11924,11,28.6,32.1,25.7,africa,"Bustling markets filled with vibrant textiles and the scent of spices create an energetic atmosphere, while palm-lined beaches offer serene escapes.",6.130419,1.215829,14.976443683236,59.2,171.067052767053,21.2977560894452,37.0223,1055.01727877926,63.7824051013865,0.08,59.60503769,34.4,43.8,2.25,5.06,62.739,56.7503146967564,43.2496853032436,482000.0,269000.0,264000000.0,15.8545530420201,149000000.0,61000000.0,Lomé,0.06,0.38,0.13,0.19,1.22,0.43,togo
11946,12,28.6,33.2,25.2,africa,"Bustling markets filled with vibrant textiles and the scent of spices create an energetic atmosphere, while palm-lined beaches offer serene escapes.",6.130419,1.215829,14.976443683236,59.2,171.067052767053,21.2977560894452,37.0223,1055.01727877926,63.7824051013865,0.08,59.60503769,34.4,43.8,2.25,5.06,62.739,56.7503146967564,43.2496853032436,482000.0,269000.0,264000000.0,15.8545530420201,149000000.0,61000000.0,Lomé,0.06,0.38,0.13,0.19,1.22,0.43,togo
11968,2,29.3,33.1,26.6,africa,"Bustling markets filled with vibrant textiles and the scent of spices create an energetic atmosphere, while palm-lined beaches offer serene escapes.",6.130419,1.215829,14.976443683236,59.2,171.067052767053,21.2977560894452,37.0223,1055.01727877926,63.7824051013865,0.08,59.60503769,34.4,43.8,2.25,5.06,62.739,56.7503146967564,43.2496853032436,482000.0,269000.0,264000000.0,15.8545530420201,149000000.0,61000000.0,Lomé,0.06,0.38,0.13,0.19,1.22,0.43,togo
11990,3,29.4,32.9,27.0,africa,"Bustling markets filled with vibrant textiles and the scent of spices create an energetic atmosphere, while palm-lined beaches offer serene escapes.",6.130419,1.215829,14.976443683236,59.2,171.067052767053,21.2977560894452,37.0223,1055.01727877926,63.7824051013865,0.08,59.60503769,34.4,43.8,2.25,5.06,62.739,56.7503146967564,43.2496853032436,482000.0,269000.0,264000000.0,15.8545530420201,149000000.0,61000000.0,Lomé,0.06,0.38,0.13,0.19,1.22,0.43,togo
12012,4,29.1,32.5,26.3,africa,"Bustling markets filled with vibrant textiles and the scent of spices create an energetic atmosphere, while palm-lined beaches offer serene escapes.",6.130419,1.215829,14.976443683236,59.2,171.067052767053,21.2977560894452,37.0223,1055.01727877926,63.7824051013865,0.08,59.60503769,34.4,43.8,2.25,5.06,62.739,56.7503146967564,43.2496853032436,482000.0,269000.0,264000000.0,15.8545530420201,149000000.0,61000000.0,Lomé,0.06,0.38,0.13,0.19,1.22,0.43,togo
12034,5,28.6,32.0,25.8,africa,"Bustling markets filled with vibrant textiles and the scent of spices create an energetic atmosphere, while palm-lined beaches offer serene escapes.",6.130419,1.215829,14.976443683236,59.2,171.067052767053,21.2977560894452,37.0223,1055.01727877926,63.7824051013865,0.08,59.60503769,34.4,43.8,2.25,5.06,62.739,56.7503146967564,43.2496853032436,482000.0,269000.0,264000000.0,15.8545530420201,149000000.0,61000000.0,Lomé,0.06,0.38,0.13,0.19,1.22,0.43,togo
12056,6,27.1,30.2,24.6,africa,"Bustling markets filled with vibrant textiles and the scent of spices create an energetic atmosphere, while palm-lined beaches offer serene escapes.",6.130419,1.215829,14.976443683236,59.2,171.067052767053,21.2977560894452,37.0223,1055.01727877926,63.7824051013865,0.08,59.60503769,34.4,43.8,2.25,5.06,62.739,56.7503146967564,43.2496853032436,482000.0,269000.0,264000000.0,15.8545530420201,149000000.0,61000000.0,Lomé,0.06,0.38,0.13,0.19,1.22,0.43,togo
12078,7,26.2,29.2,24.5,africa,"Bustling markets filled with vibrant textiles and the scent of spices create an energetic atmosphere, while palm-lined beaches offer serene escapes.",6.130419,1.215829,14.976443683236,59.2,171.067052767053,21.2977560894452,37.0223,1055.01727877926,63.7824051013865,0.08,59.60503769,34.4,43.8,2.25,5.06,62.739,56.7503146967564,43.2496853032436,482000.0,269000.0,264000000.0,15.8545530420201,149000000.0,61000000.0,Lomé,0.06,0.38,0.13,0.19,1.22,0.43,togo
12100,8,25.8,28.8,23.9,africa,"Bustling markets filled with vibrant textiles and the scent of spices create an energetic atmosphere, while palm-lined beaches offer serene escapes.",6.130419,1.215829,14.976443683236,59.2,171.067052767053,21.2977560894452,37.0223,1055.01727877926,63.7824051013865,0.08,59.60503769,34.4,43.8,2.25,5.06,62.739,56.7503146967564,43.2496853032436,482000.0,269000.0,264000000.0,15.8545530420201,149000000.0,61000000.0,Lomé,0.06,0.38,0.13,0.19,1.22,0.43,togo
12122,9,26.5,29.6,24.2,africa,"Bustling markets filled with vibrant textiles and the scent of spices create an energetic atmosphere, while palm-lined beaches offer serene escapes.",6.130419,1.215829,14.976443683236,59.2,171.067052767053,21.2977560894452,37.0223,1055.01727877926,63.7824051013865,0.08,59.60503769,34.4,43.8,2.25,5.06,62.739,56.7503146967564,43.2496853032436,482000.0,269000.0,264000000.0,15.8545530420201,149000000.0,61000000.0,Lomé,0.06,0.38,0.13,0.19,1.22,0.43,togo
12144,1,27.4,31.0,24.7,africa,"A bustling port city with vibrant markets, lively music scenes, and a warm coastal breeze that invites exploration and discovery.",-8.8272699,13.2439512,9.92333136036058,51.1,29.4777460495709,25.2853327026197,44.7581,2916.13663284275,67.2244252588497,0.244,76.07118225,39.3,32.3,4.635,10.84,64.617,30.1484967779543,69.8515032220457,218000.0,1070000.0,19000000.0,0.090457043181433,16000000.0,691000000.0,Luanda,0.04,0.13,0.12,0.14,0.18,0.18,angola
12166,10,25.4,28.7,23.2,africa,"A bustling port city with vibrant markets, lively music scenes, and a warm coastal breeze that invites exploration and discovery.",-8.8272699,13.2439512,9.92333136036058,51.1,29.4777460495709,25.2853327026197,44.7581,2916.13663284275,67.2244252588497,0.244,76.07118225,39.3,32.3,4.635,10.84,64.617,30.1484967779543,69.8515032220457,218000.0,1070000.0,19000000.0,0.090457043181433,16000000.0,691000000.0,Luanda,0.04,0.13,0.12,0.14,0.18,0.18,angola
12188,11,26.7,29.8,24.3,africa,"A bustling port city with vibrant markets, lively music scenes, and a warm coastal breeze that invites exploration and discovery.",-8.8272699,13.2439512,9.92333136036058,51.1,29.4777460495709,25.2853327026197,44.7581,2916.13663284275,67.2244252588497,0.244,76.07118225,39.3,32.3,4.635,10.84,64.617,30.1484967779543,69.8515032220457,218000.0,1070000.0,19000000.0,0.090457043181433,16000000.0,691000000.0,Luanda,0.04,0.13,0.12,0.14,0.18,0.18,angola
12210,12,27.0,30.5,24.4,africa,"A bustling port city with vibrant markets, lively music scenes, and a warm coastal breeze that invites exploration and discovery.",-8.8272699,13.2439512,9.92333136036058,51.1,29.4777460495709,25.2853327026197,44.7581,2916.13663284275,67.2244252588497,0.244,76.07118225,39.3,32.3,4.635,10.84,64.617,30.1484967779543,69.8515032220457,218000.0,1070000.0,19000000.0,0.090457043181433,16000000.0,691000000.0,Luanda,0.04,0.13,0.12,0.14,0.18,0.18,angola
12232,2,27.7,31.4,25.0,africa,"A bustling port city with vibrant markets, lively music scenes, and a warm coastal breeze that invites exploration and discovery.",-8.8272699,13.2439512,9.92333136036058,51.1,29.4777460495709,25.2853327026197,44.7581,2916.13663284275,67.2244252588497,0.244,76.07118225,39.3,32.3,4.635,10.84,64.617,30.1484967779543,69.8515032220457,218000.0,1070000.0,19000000.0,0.090457043181433,16000000.0,691000000.0,Luanda,0.04,0.13,0.12,0.14,0.18,0.18,angola
12254,3,28.0,31.8,25.2,africa,"A bustling port city with vibrant markets, lively music scenes, and a warm coastal breeze that invites exploration and discovery.",-8.8272699,13.2439512,9.92333136036058,51.1,29.4777460495709,25.2853327026197,44.7581,2916.13663284275,67.2244252588497,0.244,76.07118225,39.3,32.3,4.635,10.84,64.617,30.1484967779543,69.8515032220457,218000.0,1070000.0,19000000.0,0.090457043181433,16000000.0,691000000.0,Luanda,0.04,0.13,0.12,0.14,0.18,0.18,angola
12276,4,27.6,31.5,24.7,africa,"A bustling port city with vibrant markets, lively music scenes, and a warm coastal breeze that invites exploration and discovery.",-8.8272699,13.2439512,9.92333136036058,51.1,29.4777460495709,25.2853327026197,44.7581,2916.13663284275,67.2244252588497,0.244,76.07118225,39.3,32.3,4.635,10.84,64.617,30.1484967779543,69.8515032220457,218000.0,1070000.0,19000000.0,0.090457043181433,16000000.0,691000000.0,Luanda,0.04,0.13,0.12,0.14,0.18,0.18,angola
12298,5,26.6,30.5,24.4,africa,"A bustling port city with vibrant markets, lively music scenes, and a warm coastal breeze that invites exploration and discovery.",-8.8272699,13.2439512,9.92333136036058,51.1,29.4777460495709,25.2853327026197,44.7581,2916.13663284275,67.2244252588497,0.244,76.07118225,39.3,32.3,4.635,10.84,64.617,30.1484967779543,69.8515032220457,218000.0,1070000.0,19000000.0,0.090457043181433,16000000.0,691000000.0,Luanda,0.04,0.13,0.12,0.14,0.18,0.18,angola
12320,6,23.8,27.6,21.6,africa,"A bustling port city with vibrant markets, lively music scenes, and a warm coastal breeze that invites exploration and discovery.",-8.8272699,13.2439512,9.92333136036058,51.1,29.4777460495709,25.2853327026197,44.7581,2916.13663284275,67.2244252588497,0.244,76.07118225,39.3,32.3,4.635,10.84,64.617,30.1484967779543,69.8515032220457,218000.0,1070000.0,19000000.0,0.090457043181433,16000000.0,691000000.0,Luanda,0.04,0.13,0.12,0.14,0.18,0.18,angola
12342,7,22.3,25.7,20.0,africa,"A bustling port city with vibrant markets, lively music scenes, and a warm coastal breeze that invites exploration and discovery.",-8.8272699,13.2439512,9.92333136036058,51.1,29.4777460495709,25.2853327026197,44.7581,2916.13663284275,67.2244252588497,0.244,76.07118225,39.3,32.3,4.635,10.84,64.617,30.1484967779543,69.8515032220457,218000.0,1070000.0,19000000.0,0.090457043181433,16000000.0,691000000.0,Luanda,0.04,0.13,0.12,0.14,0.18,0.18,angola
12364,8,22.1,25.8,19.9,africa,"A bustling port city with vibrant markets, lively music scenes, and a warm coastal breeze that invites exploration and discovery.",-8.8272699,13.2439512,9.92333136036058,51.1,29.4777460495709,25.2853327026197,44.7581,2916.13663284275,67.2244252588497,0.244,76.07118225,39.3,32.3,4.635,10.84,64.617,30.1484967779543,69.8515032220457,218000.0,1070000.0,19000000.0,0.090457043181433,16000000.0,691000000.0,Luanda,0.04,0.13,0.12,0.14,0.18,0.18,angola
12386,9,23.4,27.0,21.2,africa,"A bustling port city with vibrant markets, lively music scenes, and a warm coastal breeze that invites exploration and discovery.",-8.8272699,13.2439512,9.92333136036058,51.1,29.4777460495709,25.2853327026197,44.7581,2916.13663284275,67.2244252588497,0.244,76.07118225,39.3,32.3,4.635,10.84,64.617,30.1484967779543,69.8515032220457,218000.0,1070000.0,19000000.0,0.090457043181433,16000000.0,691000000.0,Luanda,0.04,0.13,0.12,0.14,0.18,0.18,angola
12408,1,1.9,4.1,-0.5,europe,"Charming cobblestone streets wind through lush valleys and historic fortresses, creating a serene yet vibrant atmosphere that's both inviting and intriguing.",49.6112768,6.129799,4.21245674569761,100.0,258.862052624628,19.5003943309627,99.3479,133230.619178899,99.9999993622078,2.984,7510.99414063,0.1,17.3,50.65,106.1,83.3585365853659,5.1984699679213,94.8015300320787,525000.0,1460000.0,4454000000.0,2.96570117034456,4189000000.0,2458000000.0,Luxembourg City,0.0,0.0,0.0,0.0,0.0,0.0,luxembourg
12430,10,10.7,14.4,7.4,europe,"Charming cobblestone streets wind through lush valleys and historic fortresses, creating a serene yet vibrant atmosphere that's both inviting and intriguing.",49.6112768,6.129799,4.21245674569761,100.0,258.862052624628,19.5003943309627,99.3479,133230.619178899,99.9999993622078,2.984,7510.99414063,0.1,17.3,50.65,106.1,83.3585365853659,5.1984699679213,94.8015300320787,525000.0,1460000.0,4454000000.0,2.96570117034456,4189000000.0,2458000000.0,Luxembourg City,0.0,0.0,0.0,0.0,0.0,0.0,luxembourg
12452,11,5.8,8.3,3.3,europe,"Charming cobblestone streets wind through lush valleys and historic fortresses, creating a serene yet vibrant atmosphere that's both inviting and intriguing.",49.6112768,6.129799,4.21245674569761,100.0,258.862052624628,19.5003943309627,99.3479,133230.619178899,99.9999993622078,2.984,7510.99414063,0.1,17.3,50.65,106.1,83.3585365853659,5.1984699679213,94.8015300320787,525000.0,1460000.0,4454000000.0,2.96570117034456,4189000000.0,2458000000.0,Luxembourg City,0.0,0.0,0.0,0.0,0.0,0.0,luxembourg
12474,12,3.6,5.7,1.5,europe,"Charming cobblestone streets wind through lush valleys and historic fortresses, creating a serene yet vibrant atmosphere that's both inviting and intriguing.",49.6112768,6.129799,4.21245674569761,100.0,258.862052624628,19.5003943309627,99.3479,133230.619178899,99.9999993622078,2.984,7510.99414063,0.1,17.3,50.65,106.1,83.3585365853659,5.1984699679213,94.8015300320787,525000.0,1460000.0,4454000000.0,2.96570117034456,4189000000.0,2458000000.0,Luxembourg City,0.0,0.0,0.0,0.0,0.0,0.0,luxembourg
12496,2,3.5,6.6,0.6,europe,"Charming cobblestone streets wind through lush valleys and historic fortresses, creating a serene yet vibrant atmosphere that's both inviting and intriguing.",49.6112768,6.129799,4.21245674569761,100.0,258.862052624628,19.5003943309627,99.3479,133230.619178899,99.9999993622078,2.984,7510.99414063,0.1,17.3,50.65,106.1,83.3585365853659,5.1984699679213,94.8015300320787,525000.0,1460000.0,4454000000.0,2.96570117034456,4189000000.0,2458000000.0,Luxembourg City,0.0,0.0,0.0,0.0,0.0,0.0,luxembourg
12518,3,6.4,10.4,2.4,europe,"Charming cobblestone streets wind through lush valleys and historic fortresses, creating a serene yet vibrant atmosphere that's both inviting and intriguing.",49.6112768,6.129799,4.21245674569761,100.0,258.862052624628,19.5003943309627,99.3479,133230.619178899,99.9999993622078,2.984,7510.99414063,0.1,17.3,50.65,106.1,83.3585365853659,5.1984699679213,94.8015300320787,525000.0,1460000.0,4454000000.0,2.96570117034456,4189000000.0,2458000000.0,Luxembourg City,0.0,0.0,0.0,0.0,0.0,0.0,luxembourg
12540,4,9.5,14.4,4.6,europe,"Charming cobblestone streets wind through lush valleys and historic fortresses, creating a serene yet vibrant atmosphere that's both inviting and intriguing.",49.6112768,6.129799,4.21245674569761,100.0,258.862052624628,19.5003943309627,99.3479,133230.619178899,99.9999993622078,2.984,7510.99414063,0.1,17.3,50.65,106.1,83.3585365853659,5.1984699679213,94.8015300320787,525000.0,1460000.0,4454000000.0,2.96570117034456,4189000000.0,2458000000.0,Luxembourg City,0.0,0.0,0.0,0.0,0.0,0.0,luxembourg
12562,5,13.6,18.6,8.6,europe,"Charming cobblestone streets wind through lush valleys and historic fortresses, creating a serene yet vibrant atmosphere that's both inviting and intriguing.",49.6112768,6.129799,4.21245674569761,100.0,258.862052624628,19.5003943309627,99.3479,133230.619178899,99.9999993622078,2.984,7510.99414063,0.1,17.3,50.65,106.1,83.3585365853659,5.1984699679213,94.8015300320787,525000.0,1460000.0,4454000000.0,2.96570117034456,4189000000.0,2458000000.0,Luxembourg City,0.0,0.0,0.0,0.0,0.0,0.0,luxembourg
12584,6,18.0,23.2,12.9,europe,"Charming cobblestone streets wind through lush valleys and historic fortresses, creating a serene yet vibrant atmosphere that's both inviting and intriguing.",49.6112768,6.129799,4.21245674569761,100.0,258.862052624628,19.5003943309627,99.3479,133230.619178899,99.9999993622078,2.984,7510.99414063,0.1,17.3,50.65,106.1,83.3585365853659,5.1984699679213,94.8015300320787,525000.0,1460000.0,4454000000.0,2.96570117034456,4189000000.0,2458000000.0,Luxembourg City,0.0,0.0,0.0,0.0,0.0,0.0,luxembourg
12606,7,19.4,24.7,14.2,europe,"Charming cobblestone streets wind through lush valleys and historic fortresses, creating a serene yet vibrant atmosphere that's both inviting and intriguing.",49.6112768,6.129799,4.21245674569761,100.0,258.862052624628,19.5003943309627,99.3479,133230.619178899,99.9999993622078,2.984,7510.99414063,0.1,17.3,50.65,106.1,83.3585365853659,5.1984699679213,94.8015300320787,525000.0,1460000.0,4454000000.0,2.96570117034456,4189000000.0,2458000000.0,Luxembourg City,0.0,0.0,0.0,0.0,0.0,0.0,luxembourg
12628,8,19.3,24.5,14.3,europe,"Charming cobblestone streets wind through lush valleys and historic fortresses, creating a serene yet vibrant atmosphere that's both inviting and intriguing.",49.6112768,6.129799,4.21245674569761,100.0,258.862052624628,19.5003943309627,99.3479,133230.619178899,99.9999993622078,2.984,7510.99414063,0.1,17.3,50.65,106.1,83.3585365853659,5.1984699679213,94.8015300320787,525000.0,1460000.0,4454000000.0,2.96570117034456,4189000000.0,2458000000.0,Luxembourg City,0.0,0.0,0.0,0.0,0.0,0.0,luxembourg
12650,9,15.2,20.1,10.7,europe,"Charming cobblestone streets wind through lush valleys and historic fortresses, creating a serene yet vibrant atmosphere that's both inviting and intriguing.",49.6112768,6.129799,4.21245674569761,100.0,258.862052624628,19.5003943309627,99.3479,133230.619178899,99.9999993622078,2.984,7510.99414063,0.1,17.3,50.65,106.1,83.3585365853659,5.1984699679213,94.8015300320787,525000.0,1460000.0,4454000000.0,2.96570117034456,4189000000.0,2458000000.0,Luxembourg City,0.0,0.0,0.0,0.0,0.0,0.0,luxembourg
12672,1,-1.2,1.6,-4.6,europe,"Cobblestone streets, charming coffeehouses, and a rich tapestry of history and culture create a warm and inviting atmosphere for exploration.",49.841952,24.0315921,5.16202867124443,100.0,65.1239834311357,14.431878377761,82.3755,5139.59814453125,93.517329658926,3.531,369.90487671,0.0,23.2,9.46,15.57,73.422,30.5245544972394,69.4754455027606,3382000.0,11251000.0,687000000.0,1.1316652115901,374000000.0,4823000000.0,Lviv,0.16,0.58,0.52,0.45,0.47,1.04,ukraine
12694,10,9.2,14.4,4.8,europe,"Cobblestone streets, charming coffeehouses, and a rich tapestry of history and culture create a warm and inviting atmosphere for exploration.",49.841952,24.0315921,5.16202867124443,100.0,65.1239834311357,14.431878377761,82.3755,5139.59814453125,93.517329658926,3.531,369.90487671,0.0,23.2,9.46,15.57,73.422,30.5245544972394,69.4754455027606,3382000.0,11251000.0,687000000.0,1.1316652115901,374000000.0,4823000000.0,Lviv,0.16,0.58,0.52,0.45,0.47,1.04,ukraine
12716,11,3.8,7.1,0.5,europe,"Cobblestone streets, charming coffeehouses, and a rich tapestry of history and culture create a warm and inviting atmosphere for exploration.",49.841952,24.0315921,5.16202867124443,100.0,65.1239834311357,14.431878377761,82.3755,5139.59814453125,93.517329658926,3.531,369.90487671,0.0,23.2,9.46,15.57,73.422,30.5245544972394,69.4754455027606,3382000.0,11251000.0,687000000.0,1.1316652115901,374000000.0,4823000000.0,Lviv,0.16,0.58,0.52,0.45,0.47,1.04,ukraine
12738,12,0.6,3.1,-2.3,europe,"Cobblestone streets, charming coffeehouses, and a rich tapestry of history and culture create a warm and inviting atmosphere for exploration.",49.841952,24.0315921,5.16202867124443,100.0,65.1239834311357,14.431878377761,82.3755,5139.59814453125,93.517329658926,3.531,369.90487671,0.0,23.2,9.46,15.57,73.422,30.5245544972394,69.4754455027606,3382000.0,11251000.0,687000000.0,1.1316652115901,374000000.0,4823000000.0,Lviv,0.16,0.58,0.52,0.45,0.47,1.04,ukraine
12760,2,0.5,4.0,-3.6,europe,"Cobblestone streets, charming coffeehouses, and a rich tapestry of history and culture create a warm and inviting atmosphere for exploration.",49.841952,24.0315921,5.16202867124443,100.0,65.1239834311357,14.431878377761,82.3755,5139.59814453125,93.517329658926,3.531,369.90487671,0.0,23.2,9.46,15.57,73.422,30.5245544972394,69.4754455027606,3382000.0,11251000.0,687000000.0,1.1316652115901,374000000.0,4823000000.0,Lviv,0.16,0.58,0.52,0.45,0.47,1.04,ukraine
12782,3,3.5,8.2,-2.4,europe,"Cobblestone streets, charming coffeehouses, and a rich tapestry of history and culture create a warm and inviting atmosphere for exploration.",49.841952,24.0315921,5.16202867124443,100.0,65.1239834311357,14.431878377761,82.3755,5139.59814453125,93.517329658926,3.531,369.90487671,0.0,23.2,9.46,15.57,73.422,30.5245544972394,69.4754455027606,3382000.0,11251000.0,687000000.0,1.1316652115901,374000000.0,4823000000.0,Lviv,0.16,0.58,0.52,0.45,0.47,1.04,ukraine
12804,4,9.0,14.8,3.2,europe,"Cobblestone streets, charming coffeehouses, and a rich tapestry of history and culture create a warm and inviting atmosphere for exploration.",49.841952,24.0315921,5.16202867124443,100.0,65.1239834311357,14.431878377761,82.3755,5139.59814453125,93.517329658926,3.531,369.90487671,0.0,23.2,9.46,15.57,73.422,30.5245544972394,69.4754455027606,3382000.0,11251000.0,687000000.0,1.1316652115901,374000000.0,4823000000.0,Lviv,0.16,0.58,0.52,0.45,0.47,1.04,ukraine
12826,5,13.9,19.3,8.0,europe,"Cobblestone streets, charming coffeehouses, and a rich tapestry of history and culture create a warm and inviting atmosphere for exploration.",49.841952,24.0315921,5.16202867124443,100.0,65.1239834311357,14.431878377761,82.3755,5139.59814453125,93.517329658926,3.531,369.90487671,0.0,23.2,9.46,15.57,73.422,30.5245544972394,69.4754455027606,3382000.0,11251000.0,687000000.0,1.1316652115901,374000000.0,4823000000.0,Lviv,0.16,0.58,0.52,0.45,0.47,1.04,ukraine
12848,6,18.6,24.5,12.9,europe,"Cobblestone streets, charming coffeehouses, and a rich tapestry of history and culture create a warm and inviting atmosphere for exploration.",49.841952,24.0315921,5.16202867124443,100.0,65.1239834311357,14.431878377761,82.3755,5139.59814453125,93.517329658926,3.531,369.90487671,0.0,23.2,9.46,15.57,73.422,30.5245544972394,69.4754455027606,3382000.0,11251000.0,687000000.0,1.1316652115901,374000000.0,4823000000.0,Lviv,0.16,0.58,0.52,0.45,0.47,1.04,ukraine
12870,7,19.6,25.6,13.9,europe,"Cobblestone streets, charming coffeehouses, and a rich tapestry of history and culture create a warm and inviting atmosphere for exploration.",49.841952,24.0315921,5.16202867124443,100.0,65.1239834311357,14.431878377761,82.3755,5139.59814453125,93.517329658926,3.531,369.90487671,0.0,23.2,9.46,15.57,73.422,30.5245544972394,69.4754455027606,3382000.0,11251000.0,687000000.0,1.1316652115901,374000000.0,4823000000.0,Lviv,0.16,0.58,0.52,0.45,0.47,1.04,ukraine
12892,8,19.8,26.4,13.7,europe,"Cobblestone streets, charming coffeehouses, and a rich tapestry of history and culture create a warm and inviting atmosphere for exploration.",49.841952,24.0315921,5.16202867124443,100.0,65.1239834311357,14.431878377761,82.3755,5139.59814453125,93.517329658926,3.531,369.90487671,0.0,23.2,9.46,15.57,73.422,30.5245544972394,69.4754455027606,3382000.0,11251000.0,687000000.0,1.1316652115901,374000000.0,4823000000.0,Lviv,0.16,0.58,0.52,0.45,0.47,1.04,ukraine
12914,9,14.9,20.7,9.7,europe,"Cobblestone streets, charming coffeehouses, and a rich tapestry of history and culture create a warm and inviting atmosphere for exploration.",49.841952,24.0315921,5.16202867124443,100.0,65.1239834311357,14.431878377761,82.3755,5139.59814453125,93.517329658926,3.531,369.90487671,0.0,23.2,9.46,15.57,73.422,30.5245544972394,69.4754455027606,3382000.0,11251000.0,687000000.0,1.1316652115901,374000000.0,4823000000.0,Lviv,0.16,0.58,0.52,0.45,0.47,1.04,ukraine
12936,1,4.6,7.2,1.8,europe,"Charming cobblestone streets, riverside views, and an irresistible culinary scene make every moment feel like a delightful discovery.",45.7578137,4.8320114,19.0414647963516,100.0,126.862020595603,22.927852668258,86.8364,44700.1384177544,100.0,3.281,5149.0546875,0.1,15.6,34.41,66.8,82.9292682926829,21.2195676873453,78.7804323126547,117109000.0,21287000.0,35958000000.0,4.80404188740469,32646000000.0,31193000000.0,Lyon,1.38,0.82,0.96,0.89,1.18,1.62,france
12958,10,14.0,18.4,10.2,europe,"Charming cobblestone streets, riverside views, and an irresistible culinary scene make every moment feel like a delightful discovery.",45.7578137,4.8320114,19.0414647963516,100.0,126.862020595603,22.927852668258,86.8364,44700.1384177544,100.0,3.281,5149.0546875,0.1,15.6,34.41,66.8,82.9292682926829,21.2195676873453,78.7804323126547,117109000.0,21287000.0,35958000000.0,4.80404188740469,32646000000.0,31193000000.0,Lyon,1.38,0.82,0.96,0.89,1.18,1.62,france
12980,11,8.4,11.7,5.5,europe,"Charming cobblestone streets, riverside views, and an irresistible culinary scene make every moment feel like a delightful discovery.",45.7578137,4.8320114,19.0414647963516,100.0,126.862020595603,22.927852668258,86.8364,44700.1384177544,100.0,3.281,5149.0546875,0.1,15.6,34.41,66.8,82.9292682926829,21.2195676873453,78.7804323126547,117109000.0,21287000.0,35958000000.0,4.80404188740469,32646000000.0,31193000000.0,Lyon,1.38,0.82,0.96,0.89,1.18,1.62,france
13002,12,5.6,8.5,2.8,europe,"Charming cobblestone streets, riverside views, and an irresistible culinary scene make every moment feel like a delightful discovery.",45.7578137,4.8320114,19.0414647963516,100.0,126.862020595603,22.927852668258,86.8364,44700.1384177544,100.0,3.281,5149.0546875,0.1,15.6,34.41,66.8,82.9292682926829,21.2195676873453,78.7804323126547,117109000.0,21287000.0,35958000000.0,4.80404188740469,32646000000.0,31193000000.0,Lyon,1.38,0.82,0.96,0.89,1.18,1.62,france
13024,2,6.6,10.6,3.0,europe,"Charming cobblestone streets, riverside views, and an irresistible culinary scene make every moment feel like a delightful discovery.",45.7578137,4.8320114,19.0414647963516,100.0,126.862020595603,22.927852668258,86.8364,44700.1384177544,100.0,3.281,5149.0546875,0.1,15.6,34.41,66.8,82.9292682926829,21.2195676873453,78.7804323126547,117109000.0,21287000.0,35958000000.0,4.80404188740469,32646000000.0,31193000000.0,Lyon,1.38,0.82,0.96,0.89,1.18,1.62,france
13046,3,9.2,14.1,5.0,europe,"Charming cobblestone streets, riverside views, and an irresistible culinary scene make every moment feel like a delightful discovery.",45.7578137,4.8320114,19.0414647963516,100.0,126.862020595603,22.927852668258,86.8364,44700.1384177544,100.0,3.281,5149.0546875,0.1,15.6,34.41,66.8,82.9292682926829,21.2195676873453,78.7804323126547,117109000.0,21287000.0,35958000000.0,4.80404188740469,32646000000.0,31193000000.0,Lyon,1.38,0.82,0.96,0.89,1.18,1.62,france
13068,4,12.5,17.4,7.6,europe,"Charming cobblestone streets, riverside views, and an irresistible culinary scene make every moment feel like a delightful discovery.",45.7578137,4.8320114,19.0414647963516,100.0,126.862020595603,22.927852668258,86.8364,44700.1384177544,100.0,3.281,5149.0546875,0.1,15.6,34.41,66.8,82.9292682926829,21.2195676873453,78.7804323126547,117109000.0,21287000.0,35958000000.0,4.80404188740469,32646000000.0,31193000000.0,Lyon,1.38,0.82,0.96,0.89,1.18,1.62,france
13090,5,16.3,21.1,11.5,europe,"Charming cobblestone streets, riverside views, and an irresistible culinary scene make every moment feel like a delightful discovery.",45.7578137,4.8320114,19.0414647963516,100.0,126.862020595603,22.927852668258,86.8364,44700.1384177544,100.0,3.281,5149.0546875,0.1,15.6,34.41,66.8,82.9292682926829,21.2195676873453,78.7804323126547,117109000.0,21287000.0,35958000000.0,4.80404188740469,32646000000.0,31193000000.0,Lyon,1.38,0.82,0.96,0.89,1.18,1.62,france
13112,6,21.3,26.4,16.1,europe,"Charming cobblestone streets, riverside views, and an irresistible culinary scene make every moment feel like a delightful discovery.",45.7578137,4.8320114,19.0414647963516,100.0,126.862020595603,22.927852668258,86.8364,44700.1384177544,100.0,3.281,5149.0546875,0.1,15.6,34.41,66.8,82.9292682926829,21.2195676873453,78.7804323126547,117109000.0,21287000.0,35958000000.0,4.80404188740469,32646000000.0,31193000000.0,Lyon,1.38,0.82,0.96,0.89,1.18,1.62,france
13134,7,23.8,29.1,17.7,europe,"Charming cobblestone streets, riverside views, and an irresistible culinary scene make every moment feel like a delightful discovery.",45.7578137,4.8320114,19.0414647963516,100.0,126.862020595603,22.927852668258,86.8364,44700.1384177544,100.0,3.281,5149.0546875,0.1,15.6,34.41,66.8,82.9292682926829,21.2195676873453,78.7804323126547,117109000.0,21287000.0,35958000000.0,4.80404188740469,32646000000.0,31193000000.0,Lyon,1.38,0.82,0.96,0.89,1.18,1.62,france
13156,8,23.2,28.7,17.6,europe,"Charming cobblestone streets, riverside views, and an irresistible culinary scene make every moment feel like a delightful discovery.",45.7578137,4.8320114,19.0414647963516,100.0,126.862020595603,22.927852668258,86.8364,44700.1384177544,100.0,3.281,5149.0546875,0.1,15.6,34.41,66.8,82.9292682926829,21.2195676873453,78.7804323126547,117109000.0,21287000.0,35958000000.0,4.80404188740469,32646000000.0,31193000000.0,Lyon,1.38,0.82,0.96,0.89,1.18,1.62,france
13178,9,18.7,24.1,13.8,europe,"Charming cobblestone streets, riverside views, and an irresistible culinary scene make every moment feel like a delightful discovery.",45.7578137,4.8320114,19.0414647963516,100.0,126.862020595603,22.927852668258,86.8364,44700.1384177544,100.0,3.281,5149.0546875,0.1,15.6,34.41,66.8,82.9292682926829,21.2195676873453,78.7804323126547,117109000.0,21287000.0,35958000000.0,4.80404188740469,32646000000.0,31193000000.0,Lyon,1.38,0.82,0.96,0.89,1.18,1.62,france
13200,1,17.4,19.2,15.4,europe,"Lush landscapes meet dramatic cliffs, where ocean breezes carry the scent of flowers and adventure awaits around every winding path.",32.751750099999995,-16.98174865726062,47.7343491046383,100.0,115.475189289738,40.887850776514,85.7901,27634.6183139773,99.2762210572337,5.851,2762.26293945,0.4,16.4,20.44,41.07,82.2804878048781,38.7951347366336,61.2048652633664,4208000.0,680000.0,10522000000.0,12.2444835483225,8835000000.0,3536000000.0,Madeira,1.16,0.68,0.34,0.47,1.28,3.33,portugal
13222,10,22.3,24.8,20.0,europe,"Lush landscapes meet dramatic cliffs, where ocean breezes carry the scent of flowers and adventure awaits around every winding path.",32.751750099999995,-16.98174865726062,47.7343491046383,100.0,115.475189289738,40.887850776514,85.7901,27634.6183139773,99.2762210572337,5.851,2762.26293945,0.4,16.4,20.44,41.07,82.2804878048781,38.7951347366336,61.2048652633664,4208000.0,680000.0,10522000000.0,12.2444835483225,8835000000.0,3536000000.0,Madeira,1.16,0.68,0.34,0.47,1.28,3.33,portugal
13244,11,20.0,21.7,17.8,europe,"Lush landscapes meet dramatic cliffs, where ocean breezes carry the scent of flowers and adventure awaits around every winding path.",32.751750099999995,-16.98174865726062,47.7343491046383,100.0,115.475189289738,40.887850776514,85.7901,27634.6183139773,99.2762210572337,5.851,2762.26293945,0.4,16.4,20.44,41.07,82.2804878048781,38.7951347366336,61.2048652633664,4208000.0,680000.0,10522000000.0,12.2444835483225,8835000000.0,3536000000.0,Madeira,1.16,0.68,0.34,0.47,1.28,3.33,portugal
13266,12,18.7,20.2,16.5,europe,"Lush landscapes meet dramatic cliffs, where ocean breezes carry the scent of flowers and adventure awaits around every winding path.",32.751750099999995,-16.98174865726062,47.7343491046383,100.0,115.475189289738,40.887850776514,85.7901,27634.6183139773,99.2762210572337,5.851,2762.26293945,0.4,16.4,20.44,41.07,82.2804878048781,38.7951347366336,61.2048652633664,4208000.0,680000.0,10522000000.0,12.2444835483225,8835000000.0,3536000000.0,Madeira,1.16,0.68,0.34,0.47,1.28,3.33,portugal
13288,2,17.2,19.4,15.0,europe,"Lush landscapes meet dramatic cliffs, where ocean breezes carry the scent of flowers and adventure awaits around every winding path.",32.751750099999995,-16.98174865726062,47.7343491046383,100.0,115.475189289738,40.887850776514,85.7901,27634.6183139773,99.2762210572337,5.851,2762.26293945,0.4,16.4,20.44,41.07,82.2804878048781,38.7951347366336,61.2048652633664,4208000.0,680000.0,10522000000.0,12.2444835483225,8835000000.0,3536000000.0,Madeira,1.16,0.68,0.34,0.47,1.28,3.33,portugal
13310,3,17.4,21.0,15.0,europe,"Lush landscapes meet dramatic cliffs, where ocean breezes carry the scent of flowers and adventure awaits around every winding path.",32.751750099999995,-16.98174865726062,47.7343491046383,100.0,115.475189289738,40.887850776514,85.7901,27634.6183139773,99.2762210572337,5.851,2762.26293945,0.4,16.4,20.44,41.07,82.2804878048781,38.7951347366336,61.2048652633664,4208000.0,680000.0,10522000000.0,12.2444835483225,8835000000.0,3536000000.0,Madeira,1.16,0.68,0.34,0.47,1.28,3.33,portugal
13332,4,18.2,21.2,15.9,europe,"Lush landscapes meet dramatic cliffs, where ocean breezes carry the scent of flowers and adventure awaits around every winding path.",32.751750099999995,-16.98174865726062,47.7343491046383,100.0,115.475189289738,40.887850776514,85.7901,27634.6183139773,99.2762210572337,5.851,2762.26293945,0.4,16.4,20.44,41.07,82.2804878048781,38.7951347366336,61.2048652633664,4208000.0,680000.0,10522000000.0,12.2444835483225,8835000000.0,3536000000.0,Madeira,1.16,0.68,0.34,0.47,1.28,3.33,portugal
13354,5,19.5,22.6,17.4,europe,"Lush landscapes meet dramatic cliffs, where ocean breezes carry the scent of flowers and adventure awaits around every winding path.",32.751750099999995,-16.98174865726062,47.7343491046383,100.0,115.475189289738,40.887850776514,85.7901,27634.6183139773,99.2762210572337,5.851,2762.26293945,0.4,16.4,20.44,41.07,82.2804878048781,38.7951347366336,61.2048652633664,4208000.0,680000.0,10522000000.0,12.2444835483225,8835000000.0,3536000000.0,Madeira,1.16,0.68,0.34,0.47,1.28,3.33,portugal
13376,6,21.0,23.6,18.7,europe,"Lush landscapes meet dramatic cliffs, where ocean breezes carry the scent of flowers and adventure awaits around every winding path.",32.751750099999995,-16.98174865726062,47.7343491046383,100.0,115.475189289738,40.887850776514,85.7901,27634.6183139773,99.2762210572337,5.851,2762.26293945,0.4,16.4,20.44,41.07,82.2804878048781,38.7951347366336,61.2048652633664,4208000.0,680000.0,10522000000.0,12.2444835483225,8835000000.0,3536000000.0,Madeira,1.16,0.68,0.34,0.47,1.28,3.33,portugal
13398,7,22.6,25.5,20.3,europe,"Lush landscapes meet dramatic cliffs, where ocean breezes carry the scent of flowers and adventure awaits around every winding path.",32.751750099999995,-16.98174865726062,47.7343491046383,100.0,115.475189289738,40.887850776514,85.7901,27634.6183139773,99.2762210572337,5.851,2762.26293945,0.4,16.4,20.44,41.07,82.2804878048781,38.7951347366336,61.2048652633664,4208000.0,680000.0,10522000000.0,12.2444835483225,8835000000.0,3536000000.0,Madeira,1.16,0.68,0.34,0.47,1.28,3.33,portugal
13420,8,23.9,27.2,21.4,europe,"Lush landscapes meet dramatic cliffs, where ocean breezes carry the scent of flowers and adventure awaits around every winding path.",32.751750099999995,-16.98174865726062,47.7343491046383,100.0,115.475189289738,40.887850776514,85.7901,27634.6183139773,99.2762210572337,5.851,2762.26293945,0.4,16.4,20.44,41.07,82.2804878048781,38.7951347366336,61.2048652633664,4208000.0,680000.0,10522000000.0,12.2444835483225,8835000000.0,3536000000.0,Madeira,1.16,0.68,0.34,0.47,1.28,3.33,portugal
13442,9,23.3,26.2,21.0,europe,"Lush landscapes meet dramatic cliffs, where ocean breezes carry the scent of flowers and adventure awaits around every winding path.",32.751750099999995,-16.98174865726062,47.7343491046383,100.0,115.475189289738,40.887850776514,85.7901,27634.6183139773,99.2762210572337,5.851,2762.26293945,0.4,16.4,20.44,41.07,82.2804878048781,38.7951347366336,61.2048652633664,4208000.0,680000.0,10522000000.0,12.2444835483225,8835000000.0,3536000000.0,Madeira,1.16,0.68,0.34,0.47,1.28,3.33,portugal
13464,1,28.6,31.1,26.6,asia,"Vibrant markets, azure waters, and the gentle hum of island life create an inviting atmosphere that feels both exotic and familiar.",4.1779879,73.5107387,94.8852203653254,100.0,1765.08053691275,19.5003943309627,84.6851,12587.6126038651,99.7301882656937,2.235,1159.02819824,0.0,5.4,4.635,10.84,81.041,58.4903167066027,41.5096832933973,555000.0,1070000.0,1409000000.0,78.8690076112034,1398000000.0,106000000.0,Malé,0.04,0.06,0.03,0.13,0.02,0.09,maldives
13486,10,28.7,30.9,26.2,asia,"Vibrant markets, azure waters, and the gentle hum of island life create an inviting atmosphere that feels both exotic and familiar.",4.1779879,73.5107387,94.8852203653254,100.0,1765.08053691275,19.5003943309627,84.6851,12587.6126038651,99.7301882656937,2.235,1159.02819824,0.0,5.4,4.635,10.84,81.041,58.4903167066027,41.5096832933973,555000.0,1070000.0,1409000000.0,78.8690076112034,1398000000.0,106000000.0,Malé,0.04,0.06,0.03,0.13,0.02,0.09,maldives
13508,11,28.6,30.9,26.2,asia,"Vibrant markets, azure waters, and the gentle hum of island life create an inviting atmosphere that feels both exotic and familiar.",4.1779879,73.5107387,94.8852203653254,100.0,1765.08053691275,19.5003943309627,84.6851,12587.6126038651,99.7301882656937,2.235,1159.02819824,0.0,5.4,4.635,10.84,81.041,58.4903167066027,41.5096832933973,555000.0,1070000.0,1409000000.0,78.8690076112034,1398000000.0,106000000.0,Malé,0.04,0.06,0.03,0.13,0.02,0.09,maldives
13530,12,28.6,31.0,26.4,asia,"Vibrant markets, azure waters, and the gentle hum of island life create an inviting atmosphere that feels both exotic and familiar.",4.1779879,73.5107387,94.8852203653254,100.0,1765.08053691275,19.5003943309627,84.6851,12587.6126038651,99.7301882656937,2.235,1159.02819824,0.0,5.4,4.635,10.84,81.041,58.4903167066027,41.5096832933973,555000.0,1070000.0,1409000000.0,78.8690076112034,1398000000.0,106000000.0,Malé,0.04,0.06,0.03,0.13,0.02,0.09,maldives
13552,2,29.0,31.5,27.0,asia,"Vibrant markets, azure waters, and the gentle hum of island life create an inviting atmosphere that feels both exotic and familiar.",4.1779879,73.5107387,94.8852203653254,100.0,1765.08053691275,19.5003943309627,84.6851,12587.6126038651,99.7301882656937,2.235,1159.02819824,0.0,5.4,4.635,10.84,81.041,58.4903167066027,41.5096832933973,555000.0,1070000.0,1409000000.0,78.8690076112034,1398000000.0,106000000.0,Malé,0.04,0.06,0.03,0.13,0.02,0.09,maldives
13574,3,29.6,32.0,27.3,asia,"Vibrant markets, azure waters, and the gentle hum of island life create an inviting atmosphere that feels both exotic and familiar.",4.1779879,73.5107387,94.8852203653254,100.0,1765.08053691275,19.5003943309627,84.6851,12587.6126038651,99.7301882656937,2.235,1159.02819824,0.0,5.4,4.635,10.84,81.041,58.4903167066027,41.5096832933973,555000.0,1070000.0,1409000000.0,78.8690076112034,1398000000.0,106000000.0,Malé,0.04,0.06,0.03,0.13,0.02,0.09,maldives
13596,4,30.2,32.6,27.7,asia,"Vibrant markets, azure waters, and the gentle hum of island life create an inviting atmosphere that feels both exotic and familiar.",4.1779879,73.5107387,94.8852203653254,100.0,1765.08053691275,19.5003943309627,84.6851,12587.6126038651,99.7301882656937,2.235,1159.02819824,0.0,5.4,4.635,10.84,81.041,58.4903167066027,41.5096832933973,555000.0,1070000.0,1409000000.0,78.8690076112034,1398000000.0,106000000.0,Malé,0.04,0.06,0.03,0.13,0.02,0.09,maldives
13618,5,29.7,32.1,27.4,asia,"Vibrant markets, azure waters, and the gentle hum of island life create an inviting atmosphere that feels both exotic and familiar.",4.1779879,73.5107387,94.8852203653254,100.0,1765.08053691275,19.5003943309627,84.6851,12587.6126038651,99.7301882656937,2.235,1159.02819824,0.0,5.4,4.635,10.84,81.041,58.4903167066027,41.5096832933973,555000.0,1070000.0,1409000000.0,78.8690076112034,1398000000.0,106000000.0,Malé,0.04,0.06,0.03,0.13,0.02,0.09,maldives
13640,6,29.7,32.0,27.6,asia,"Vibrant markets, azure waters, and the gentle hum of island life create an inviting atmosphere that feels both exotic and familiar.",4.1779879,73.5107387,94.8852203653254,100.0,1765.08053691275,19.5003943309627,84.6851,12587.6126038651,99.7301882656937,2.235,1159.02819824,0.0,5.4,4.635,10.84,81.041,58.4903167066027,41.5096832933973,555000.0,1070000.0,1409000000.0,78.8690076112034,1398000000.0,106000000.0,Malé,0.04,0.06,0.03,0.13,0.02,0.09,maldives
13662,7,29.3,31.7,27.0,asia,"Vibrant markets, azure waters, and the gentle hum of island life create an inviting atmosphere that feels both exotic and familiar.",4.1779879,73.5107387,94.8852203653254,100.0,1765.08053691275,19.5003943309627,84.6851,12587.6126038651,99.7301882656937,2.235,1159.02819824,0.0,5.4,4.635,10.84,81.041,58.4903167066027,41.5096832933973,555000.0,1070000.0,1409000000.0,78.8690076112034,1398000000.0,106000000.0,Malé,0.04,0.06,0.03,0.13,0.02,0.09,maldives
13684,8,29.1,31.4,26.7,asia,"Vibrant markets, azure waters, and the gentle hum of island life create an inviting atmosphere that feels both exotic and familiar.",4.1779879,73.5107387,94.8852203653254,100.0,1765.08053691275,19.5003943309627,84.6851,12587.6126038651,99.7301882656937,2.235,1159.02819824,0.0,5.4,4.635,10.84,81.041,58.4903167066027,41.5096832933973,555000.0,1070000.0,1409000000.0,78.8690076112034,1398000000.0,106000000.0,Malé,0.04,0.06,0.03,0.13,0.02,0.09,maldives
13706,9,28.8,31.2,26.4,asia,"Vibrant markets, azure waters, and the gentle hum of island life create an inviting atmosphere that feels both exotic and familiar.",4.1779879,73.5107387,94.8852203653254,100.0,1765.08053691275,19.5003943309627,84.6851,12587.6126038651,99.7301882656937,2.235,1159.02819824,0.0,5.4,4.635,10.84,81.041,58.4903167066027,41.5096832933973,555000.0,1070000.0,1409000000.0,78.8690076112034,1398000000.0,106000000.0,Malé,0.04,0.06,0.03,0.13,0.02,0.09,maldives
13728,1,26.9,29.9,24.2,asia,"Bustling streets filled with vibrant jeepneys and the aroma of street food create an exciting, sensory-rich experience that's uniquely captivating.",14.5904492,120.9803621,18.8662543546901,98.0,385.321122178623,14.4628040656099,83.7661,3804.08274131097,95.465506033898,0.792,194.05484009,5.3,15.5,4.37,9.93,69.833,44.8757283831149,55.1242716168851,1483000.0,1483000.0,2769000000.0,3.45979194990587,2010000000.0,4872000000.0,Manila,0.16,0.75,0.35,0.57,0.18,0.38,philippines
13750,10,28.7,31.7,25.8,asia,"Bustling streets filled with vibrant jeepneys and the aroma of street food create an exciting, sensory-rich experience that's uniquely captivating.",14.5904492,120.9803621,18.8662543546901,98.0,385.321122178623,14.4628040656099,83.7661,3804.08274131097,95.465506033898,0.792,194.05484009,5.3,15.5,4.37,9.93,69.833,44.8757283831149,55.1242716168851,1483000.0,1483000.0,2769000000.0,3.45979194990587,2010000000.0,4872000000.0,Manila,0.16,0.75,0.35,0.57,0.18,0.38,philippines
13772,11,28.6,31.8,25.5,asia,"Bustling streets filled with vibrant jeepneys and the aroma of street food create an exciting, sensory-rich experience that's uniquely captivating.",14.5904492,120.9803621,18.8662543546901,98.0,385.321122178623,14.4628040656099,83.7661,3804.08274131097,95.465506033898,0.792,194.05484009,5.3,15.5,4.37,9.93,69.833,44.8757283831149,55.1242716168851,1483000.0,1483000.0,2769000000.0,3.45979194990587,2010000000.0,4872000000.0,Manila,0.16,0.75,0.35,0.57,0.18,0.38,philippines
13794,12,27.6,30.7,24.9,asia,"Bustling streets filled with vibrant jeepneys and the aroma of street food create an exciting, sensory-rich experience that's uniquely captivating.",14.5904492,120.9803621,18.8662543546901,98.0,385.321122178623,14.4628040656099,83.7661,3804.08274131097,95.465506033898,0.792,194.05484009,5.3,15.5,4.37,9.93,69.833,44.8757283831149,55.1242716168851,1483000.0,1483000.0,2769000000.0,3.45979194990587,2010000000.0,4872000000.0,Manila,0.16,0.75,0.35,0.57,0.18,0.38,philippines
13816,2,27.3,30.6,24.2,asia,"Bustling streets filled with vibrant jeepneys and the aroma of street food create an exciting, sensory-rich experience that's uniquely captivating.",14.5904492,120.9803621,18.8662543546901,98.0,385.321122178623,14.4628040656099,83.7661,3804.08274131097,95.465506033898,0.792,194.05484009,5.3,15.5,4.37,9.93,69.833,44.8757283831149,55.1242716168851,1483000.0,1483000.0,2769000000.0,3.45979194990587,2010000000.0,4872000000.0,Manila,0.16,0.75,0.35,0.57,0.18,0.38,philippines
13838,3,28.6,32.4,25.2,asia,"Bustling streets filled with vibrant jeepneys and the aroma of street food create an exciting, sensory-rich experience that's uniquely captivating.",14.5904492,120.9803621,18.8662543546901,98.0,385.321122178623,14.4628040656099,83.7661,3804.08274131097,95.465506033898,0.792,194.05484009,5.3,15.5,4.37,9.93,69.833,44.8757283831149,55.1242716168851,1483000.0,1483000.0,2769000000.0,3.45979194990587,2010000000.0,4872000000.0,Manila,0.16,0.75,0.35,0.57,0.18,0.38,philippines
13860,4,30.0,34.0,26.4,asia,"Bustling streets filled with vibrant jeepneys and the aroma of street food create an exciting, sensory-rich experience that's uniquely captivating.",14.5904492,120.9803621,18.8662543546901,98.0,385.321122178623,14.4628040656099,83.7661,3804.08274131097,95.465506033898,0.792,194.05484009,5.3,15.5,4.37,9.93,69.833,44.8757283831149,55.1242716168851,1483000.0,1483000.0,2769000000.0,3.45979194990587,2010000000.0,4872000000.0,Manila,0.16,0.75,0.35,0.57,0.18,0.38,philippines
13882,5,30.6,34.4,27.2,asia,"Bustling streets filled with vibrant jeepneys and the aroma of street food create an exciting, sensory-rich experience that's uniquely captivating.",14.5904492,120.9803621,18.8662543546901,98.0,385.321122178623,14.4628040656099,83.7661,3804.08274131097,95.465506033898,0.792,194.05484009,5.3,15.5,4.37,9.93,69.833,44.8757283831149,55.1242716168851,1483000.0,1483000.0,2769000000.0,3.45979194990587,2010000000.0,4872000000.0,Manila,0.16,0.75,0.35,0.57,0.18,0.38,philippines
13904,6,29.7,33.2,26.4,asia,"Bustling streets filled with vibrant jeepneys and the aroma of street food create an exciting, sensory-rich experience that's uniquely captivating.",14.5904492,120.9803621,18.8662543546901,98.0,385.321122178623,14.4628040656099,83.7661,3804.08274131097,95.465506033898,0.792,194.05484009,5.3,15.5,4.37,9.93,69.833,44.8757283831149,55.1242716168851,1483000.0,1483000.0,2769000000.0,3.45979194990587,2010000000.0,4872000000.0,Manila,0.16,0.75,0.35,0.57,0.18,0.38,philippines
13926,7,28.7,32.0,25.8,asia,"Bustling streets filled with vibrant jeepneys and the aroma of street food create an exciting, sensory-rich experience that's uniquely captivating.",14.5904492,120.9803621,18.8662543546901,98.0,385.321122178623,14.4628040656099,83.7661,3804.08274131097,95.465506033898,0.792,194.05484009,5.3,15.5,4.37,9.93,69.833,44.8757283831149,55.1242716168851,1483000.0,1483000.0,2769000000.0,3.45979194990587,2010000000.0,4872000000.0,Manila,0.16,0.75,0.35,0.57,0.18,0.38,philippines
13948,8,28.8,31.6,26.0,asia,"Bustling streets filled with vibrant jeepneys and the aroma of street food create an exciting, sensory-rich experience that's uniquely captivating.",14.5904492,120.9803621,18.8662543546901,98.0,385.321122178623,14.4628040656099,83.7661,3804.08274131097,95.465506033898,0.792,194.05484009,5.3,15.5,4.37,9.93,69.833,44.8757283831149,55.1242716168851,1483000.0,1483000.0,2769000000.0,3.45979194990587,2010000000.0,4872000000.0,Manila,0.16,0.75,0.35,0.57,0.18,0.38,philippines
13970,9,28.7,31.8,25.8,asia,"Bustling streets filled with vibrant jeepneys and the aroma of street food create an exciting, sensory-rich experience that's uniquely captivating.",14.5904492,120.9803621,18.8662543546901,98.0,385.321122178623,14.4628040656099,83.7661,3804.08274131097,95.465506033898,0.792,194.05484009,5.3,15.5,4.37,9.93,69.833,44.8757283831149,55.1242716168851,1483000.0,1483000.0,2769000000.0,3.45979194990587,2010000000.0,4872000000.0,Manila,0.16,0.75,0.35,0.57,0.18,0.38,philippines
13992,1,20.8,25.8,17.1,north_america,"Lush rainforests meet sandy beaches under a vibrant sun, where playful monkeys and colorful birds create an enchanting, tropical experience.",9.3701476,-84.1520793,32.2235243287816,100.0,99.9906972189581,28.6354292653547,85.3951,16942.0268119375,99.8143035929016,2.687,1163.30224609,1.5,24.4,8.93,27.98,80.799,21.1180606358298,78.8819393641702,1146500.0,324000.0,1479000000.0,7.40531362400925,1356000000.0,697000000.0,Manuel Antonio National Park,0.01,0.0,0.0,0.0,0.0,0.01,costa rica
14014,10,21.0,26.3,17.8,north_america,"Lush rainforests meet sandy beaches under a vibrant sun, where playful monkeys and colorful birds create an enchanting, tropical experience.",9.3701476,-84.1520793,32.2235243287816,100.0,99.9906972189581,28.6354292653547,85.3951,16942.0268119375,99.8143035929016,2.687,1163.30224609,1.5,24.4,8.93,27.98,80.799,21.1180606358298,78.8819393641702,1146500.0,324000.0,1479000000.0,7.40531362400925,1356000000.0,697000000.0,Manuel Antonio National Park,0.01,0.0,0.0,0.0,0.0,0.01,costa rica
14036,11,20.9,25.4,18.0,north_america,"Lush rainforests meet sandy beaches under a vibrant sun, where playful monkeys and colorful birds create an enchanting, tropical experience.",9.3701476,-84.1520793,32.2235243287816,100.0,99.9906972189581,28.6354292653547,85.3951,16942.0268119375,99.8143035929016,2.687,1163.30224609,1.5,24.4,8.93,27.98,80.799,21.1180606358298,78.8819393641702,1146500.0,324000.0,1479000000.0,7.40531362400925,1356000000.0,697000000.0,Manuel Antonio National Park,0.01,0.0,0.0,0.0,0.0,0.01,costa rica
14058,12,20.9,25.7,17.4,north_america,"Lush rainforests meet sandy beaches under a vibrant sun, where playful monkeys and colorful birds create an enchanting, tropical experience.",9.3701476,-84.1520793,32.2235243287816,100.0,99.9906972189581,28.6354292653547,85.3951,16942.0268119375,99.8143035929016,2.687,1163.30224609,1.5,24.4,8.93,27.98,80.799,21.1180606358298,78.8819393641702,1146500.0,324000.0,1479000000.0,7.40531362400925,1356000000.0,697000000.0,Manuel Antonio National Park,0.01,0.0,0.0,0.0,0.0,0.01,costa rica
14080,2,20.8,26.1,17.0,north_america,"Lush rainforests meet sandy beaches under a vibrant sun, where playful monkeys and colorful birds create an enchanting, tropical experience.",9.3701476,-84.1520793,32.2235243287816,100.0,99.9906972189581,28.6354292653547,85.3951,16942.0268119375,99.8143035929016,2.687,1163.30224609,1.5,24.4,8.93,27.98,80.799,21.1180606358298,78.8819393641702,1146500.0,324000.0,1479000000.0,7.40531362400925,1356000000.0,697000000.0,Manuel Antonio National Park,0.01,0.0,0.0,0.0,0.0,0.01,costa rica
14102,3,21.3,27.1,17.1,north_america,"Lush rainforests meet sandy beaches under a vibrant sun, where playful monkeys and colorful birds create an enchanting, tropical experience.",9.3701476,-84.1520793,32.2235243287816,100.0,99.9906972189581,28.6354292653547,85.3951,16942.0268119375,99.8143035929016,2.687,1163.30224609,1.5,24.4,8.93,27.98,80.799,21.1180606358298,78.8819393641702,1146500.0,324000.0,1479000000.0,7.40531362400925,1356000000.0,697000000.0,Manuel Antonio National Park,0.01,0.0,0.0,0.0,0.0,0.01,costa rica
14124,4,21.7,27.4,17.7,north_america,"Lush rainforests meet sandy beaches under a vibrant sun, where playful monkeys and colorful birds create an enchanting, tropical experience.",9.3701476,-84.1520793,32.2235243287816,100.0,99.9906972189581,28.6354292653547,85.3951,16942.0268119375,99.8143035929016,2.687,1163.30224609,1.5,24.4,8.93,27.98,80.799,21.1180606358298,78.8819393641702,1146500.0,324000.0,1479000000.0,7.40531362400925,1356000000.0,697000000.0,Manuel Antonio National Park,0.01,0.0,0.0,0.0,0.0,0.01,costa rica
14146,5,22.2,27.6,18.5,north_america,"Lush rainforests meet sandy beaches under a vibrant sun, where playful monkeys and colorful birds create an enchanting, tropical experience.",9.3701476,-84.1520793,32.2235243287816,100.0,99.9906972189581,28.6354292653547,85.3951,16942.0268119375,99.8143035929016,2.687,1163.30224609,1.5,24.4,8.93,27.98,80.799,21.1180606358298,78.8819393641702,1146500.0,324000.0,1479000000.0,7.40531362400925,1356000000.0,697000000.0,Manuel Antonio National Park,0.01,0.0,0.0,0.0,0.0,0.01,costa rica
14168,6,21.3,26.4,18.0,north_america,"Lush rainforests meet sandy beaches under a vibrant sun, where playful monkeys and colorful birds create an enchanting, tropical experience.",9.3701476,-84.1520793,32.2235243287816,100.0,99.9906972189581,28.6354292653547,85.3951,16942.0268119375,99.8143035929016,2.687,1163.30224609,1.5,24.4,8.93,27.98,80.799,21.1180606358298,78.8819393641702,1146500.0,324000.0,1479000000.0,7.40531362400925,1356000000.0,697000000.0,Manuel Antonio National Park,0.01,0.0,0.0,0.0,0.0,0.01,costa rica
14190,7,21.7,26.4,18.4,north_america,"Lush rainforests meet sandy beaches under a vibrant sun, where playful monkeys and colorful birds create an enchanting, tropical experience.",9.3701476,-84.1520793,32.2235243287816,100.0,99.9906972189581,28.6354292653547,85.3951,16942.0268119375,99.8143035929016,2.687,1163.30224609,1.5,24.4,8.93,27.98,80.799,21.1180606358298,78.8819393641702,1146500.0,324000.0,1479000000.0,7.40531362400925,1356000000.0,697000000.0,Manuel Antonio National Park,0.01,0.0,0.0,0.0,0.0,0.01,costa rica
14212,8,21.3,26.5,18.1,north_america,"Lush rainforests meet sandy beaches under a vibrant sun, where playful monkeys and colorful birds create an enchanting, tropical experience.",9.3701476,-84.1520793,32.2235243287816,100.0,99.9906972189581,28.6354292653547,85.3951,16942.0268119375,99.8143035929016,2.687,1163.30224609,1.5,24.4,8.93,27.98,80.799,21.1180606358298,78.8819393641702,1146500.0,324000.0,1479000000.0,7.40531362400925,1356000000.0,697000000.0,Manuel Antonio National Park,0.01,0.0,0.0,0.0,0.0,0.01,costa rica
14234,9,21.2,26.6,17.7,north_america,"Lush rainforests meet sandy beaches under a vibrant sun, where playful monkeys and colorful birds create an enchanting, tropical experience.",9.3701476,-84.1520793,32.2235243287816,100.0,99.9906972189581,28.6354292653547,85.3951,16942.0268119375,99.8143035929016,2.687,1163.30224609,1.5,24.4,8.93,27.98,80.799,21.1180606358298,78.8819393641702,1146500.0,324000.0,1479000000.0,7.40531362400925,1356000000.0,697000000.0,Manuel Antonio National Park,0.01,0.0,0.0,0.0,0.0,0.01,costa rica
14256,1,26.8,31.4,23.0,africa,"Bustling markets, vibrant street life, and the rhythmic sounds of local music create a lively and colorful atmosphere to explore.",-25.966213,32.56745,19.6097029909906,36.0,42.7721457819375,8.96442294313451,19.8434,622.000297682823,64.5157588929919,0.175,52.96166611,81.4,65.0,0.79,2.38,63.611,64.2850216851593,35.7149783148407,2033000.0,1070000.0,113000000.0,2.51037793162729,90000000.0,95000000.0,Maputo,0.08,0.25,0.33,0.12,0.58,0.2,mozambique
14278,10,23.4,28.5,18.7,africa,"Bustling markets, vibrant street life, and the rhythmic sounds of local music create a lively and colorful atmosphere to explore.",-25.966213,32.56745,19.6097029909906,36.0,42.7721457819375,8.96442294313451,19.8434,622.000297682823,64.5157588929919,0.175,52.96166611,81.4,65.0,0.79,2.38,63.611,64.2850216851593,35.7149783148407,2033000.0,1070000.0,113000000.0,2.51037793162729,90000000.0,95000000.0,Maputo,0.08,0.25,0.33,0.12,0.58,0.2,mozambique
14300,11,24.7,30.0,20.6,africa,"Bustling markets, vibrant street life, and the rhythmic sounds of local music create a lively and colorful atmosphere to explore.",-25.966213,32.56745,19.6097029909906,36.0,42.7721457819375,8.96442294313451,19.8434,622.000297682823,64.5157588929919,0.175,52.96166611,81.4,65.0,0.79,2.38,63.611,64.2850216851593,35.7149783148407,2033000.0,1070000.0,113000000.0,2.51037793162729,90000000.0,95000000.0,Maputo,0.08,0.25,0.33,0.12,0.58,0.2,mozambique
14322,12,26.5,31.1,22.4,africa,"Bustling markets, vibrant street life, and the rhythmic sounds of local music create a lively and colorful atmosphere to explore.",-25.966213,32.56745,19.6097029909906,36.0,42.7721457819375,8.96442294313451,19.8434,622.000297682823,64.5157588929919,0.175,52.96166611,81.4,65.0,0.79,2.38,63.611,64.2850216851593,35.7149783148407,2033000.0,1070000.0,113000000.0,2.51037793162729,90000000.0,95000000.0,Maputo,0.08,0.25,0.33,0.12,0.58,0.2,mozambique
14344,2,26.9,31.3,23.1,africa,"Bustling markets, vibrant street life, and the rhythmic sounds of local music create a lively and colorful atmosphere to explore.",-25.966213,32.56745,19.6097029909906,36.0,42.7721457819375,8.96442294313451,19.8434,622.000297682823,64.5157588929919,0.175,52.96166611,81.4,65.0,0.79,2.38,63.611,64.2850216851593,35.7149783148407,2033000.0,1070000.0,113000000.0,2.51037793162729,90000000.0,95000000.0,Maputo,0.08,0.25,0.33,0.12,0.58,0.2,mozambique
14366,3,26.3,31.0,22.1,africa,"Bustling markets, vibrant street life, and the rhythmic sounds of local music create a lively and colorful atmosphere to explore.",-25.966213,32.56745,19.6097029909906,36.0,42.7721457819375,8.96442294313451,19.8434,622.000297682823,64.5157588929919,0.175,52.96166611,81.4,65.0,0.79,2.38,63.611,64.2850216851593,35.7149783148407,2033000.0,1070000.0,113000000.0,2.51037793162729,90000000.0,95000000.0,Maputo,0.08,0.25,0.33,0.12,0.58,0.2,mozambique
14388,4,24.3,29.6,19.8,africa,"Bustling markets, vibrant street life, and the rhythmic sounds of local music create a lively and colorful atmosphere to explore.",-25.966213,32.56745,19.6097029909906,36.0,42.7721457819375,8.96442294313451,19.8434,622.000297682823,64.5157588929919,0.175,52.96166611,81.4,65.0,0.79,2.38,63.611,64.2850216851593,35.7149783148407,2033000.0,1070000.0,113000000.0,2.51037793162729,90000000.0,95000000.0,Maputo,0.08,0.25,0.33,0.12,0.58,0.2,mozambique
14410,5,22.3,28.4,17.0,africa,"Bustling markets, vibrant street life, and the rhythmic sounds of local music create a lively and colorful atmosphere to explore.",-25.966213,32.56745,19.6097029909906,36.0,42.7721457819375,8.96442294313451,19.8434,622.000297682823,64.5157588929919,0.175,52.96166611,81.4,65.0,0.79,2.38,63.611,64.2850216851593,35.7149783148407,2033000.0,1070000.0,113000000.0,2.51037793162729,90000000.0,95000000.0,Maputo,0.08,0.25,0.33,0.12,0.58,0.2,mozambique
14432,6,20.2,26.3,14.4,africa,"Bustling markets, vibrant street life, and the rhythmic sounds of local music create a lively and colorful atmosphere to explore.",-25.966213,32.56745,19.6097029909906,36.0,42.7721457819375,8.96442294313451,19.8434,622.000297682823,64.5157588929919,0.175,52.96166611,81.4,65.0,0.79,2.38,63.611,64.2850216851593,35.7149783148407,2033000.0,1070000.0,113000000.0,2.51037793162729,90000000.0,95000000.0,Maputo,0.08,0.25,0.33,0.12,0.58,0.2,mozambique
14454,7,19.7,26.5,13.9,africa,"Bustling markets, vibrant street life, and the rhythmic sounds of local music create a lively and colorful atmosphere to explore.",-25.966213,32.56745,19.6097029909906,36.0,42.7721457819375,8.96442294313451,19.8434,622.000297682823,64.5157588929919,0.175,52.96166611,81.4,65.0,0.79,2.38,63.611,64.2850216851593,35.7149783148407,2033000.0,1070000.0,113000000.0,2.51037793162729,90000000.0,95000000.0,Maputo,0.08,0.25,0.33,0.12,0.58,0.2,mozambique
14476,8,20.9,27.5,15.6,africa,"Bustling markets, vibrant street life, and the rhythmic sounds of local music create a lively and colorful atmosphere to explore.",-25.966213,32.56745,19.6097029909906,36.0,42.7721457819375,8.96442294313451,19.8434,622.000297682823,64.5157588929919,0.175,52.96166611,81.4,65.0,0.79,2.38,63.611,64.2850216851593,35.7149783148407,2033000.0,1070000.0,113000000.0,2.51037793162729,90000000.0,95000000.0,Maputo,0.08,0.25,0.33,0.12,0.58,0.2,mozambique
14498,9,22.4,28.5,17.3,africa,"Bustling markets, vibrant street life, and the rhythmic sounds of local music create a lively and colorful atmosphere to explore.",-25.966213,32.56745,19.6097029909906,36.0,42.7721457819375,8.96442294313451,19.8434,622.000297682823,64.5157588929919,0.175,52.96166611,81.4,65.0,0.79,2.38,63.611,64.2850216851593,35.7149783148407,2033000.0,1070000.0,113000000.0,2.51037793162729,90000000.0,95000000.0,Maputo,0.08,0.25,0.33,0.12,0.58,0.2,mozambique
14520,1,7.7,12.3,3.6,europe,"A lively port city with Mediterranean flair, bustling markets, and a mix of historic charm and modern vibrancy, offering endless exploration.",43.2961743,5.3699525,19.0414647963516,100.0,126.862020595603,22.927852668258,86.8364,44700.1384177544,100.0,3.281,5149.0546875,0.1,15.6,34.41,66.8,82.9292682926829,21.2195676873453,78.7804323126547,117109000.0,21287000.0,35958000000.0,4.80404188740469,32646000000.0,31193000000.0,Marseille,1.51,1.23,0.82,0.68,0.83,4.05,france
14542,10,17.2,22.3,12.8,europe,"A lively port city with Mediterranean flair, bustling markets, and a mix of historic charm and modern vibrancy, offering endless exploration.",43.2961743,5.3699525,19.0414647963516,100.0,126.862020595603,22.927852668258,86.8364,44700.1384177544,100.0,3.281,5149.0546875,0.1,15.6,34.41,66.8,82.9292682926829,21.2195676873453,78.7804323126547,117109000.0,21287000.0,35958000000.0,4.80404188740469,32646000000.0,31193000000.0,Marseille,1.51,1.23,0.82,0.68,0.83,4.05,france
14564,11,12.0,16.5,8.1,europe,"A lively port city with Mediterranean flair, bustling markets, and a mix of historic charm and modern vibrancy, offering endless exploration.",43.2961743,5.3699525,19.0414647963516,100.0,126.862020595603,22.927852668258,86.8364,44700.1384177544,100.0,3.281,5149.0546875,0.1,15.6,34.41,66.8,82.9292682926829,21.2195676873453,78.7804323126547,117109000.0,21287000.0,35958000000.0,4.80404188740469,32646000000.0,31193000000.0,Marseille,1.51,1.23,0.82,0.68,0.83,4.05,france
14586,12,8.8,13.5,4.8,europe,"A lively port city with Mediterranean flair, bustling markets, and a mix of historic charm and modern vibrancy, offering endless exploration.",43.2961743,5.3699525,19.0414647963516,100.0,126.862020595603,22.927852668258,86.8364,44700.1384177544,100.0,3.281,5149.0546875,0.1,15.6,34.41,66.8,82.9292682926829,21.2195676873453,78.7804323126547,117109000.0,21287000.0,35958000000.0,4.80404188740469,32646000000.0,31193000000.0,Marseille,1.51,1.23,0.82,0.68,0.83,4.05,france
14608,2,9.3,14.2,4.9,europe,"A lively port city with Mediterranean flair, bustling markets, and a mix of historic charm and modern vibrancy, offering endless exploration.",43.2961743,5.3699525,19.0414647963516,100.0,126.862020595603,22.927852668258,86.8364,44700.1384177544,100.0,3.281,5149.0546875,0.1,15.6,34.41,66.8,82.9292682926829,21.2195676873453,78.7804323126547,117109000.0,21287000.0,35958000000.0,4.80404188740469,32646000000.0,31193000000.0,Marseille,1.51,1.23,0.82,0.68,0.83,4.05,france
14630,3,11.5,16.8,6.6,europe,"A lively port city with Mediterranean flair, bustling markets, and a mix of historic charm and modern vibrancy, offering endless exploration.",43.2961743,5.3699525,19.0414647963516,100.0,126.862020595603,22.927852668258,86.8364,44700.1384177544,100.0,3.281,5149.0546875,0.1,15.6,34.41,66.8,82.9292682926829,21.2195676873453,78.7804323126547,117109000.0,21287000.0,35958000000.0,4.80404188740469,32646000000.0,31193000000.0,Marseille,1.51,1.23,0.82,0.68,0.83,4.05,france
14652,4,14.4,19.8,9.2,europe,"A lively port city with Mediterranean flair, bustling markets, and a mix of historic charm and modern vibrancy, offering endless exploration.",43.2961743,5.3699525,19.0414647963516,100.0,126.862020595603,22.927852668258,86.8364,44700.1384177544,100.0,3.281,5149.0546875,0.1,15.6,34.41,66.8,82.9292682926829,21.2195676873453,78.7804323126547,117109000.0,21287000.0,35958000000.0,4.80404188740469,32646000000.0,31193000000.0,Marseille,1.51,1.23,0.82,0.68,0.83,4.05,france
14674,5,18.5,23.9,13.3,europe,"A lively port city with Mediterranean flair, bustling markets, and a mix of historic charm and modern vibrancy, offering endless exploration.",43.2961743,5.3699525,19.0414647963516,100.0,126.862020595603,22.927852668258,86.8364,44700.1384177544,100.0,3.281,5149.0546875,0.1,15.6,34.41,66.8,82.9292682926829,21.2195676873453,78.7804323126547,117109000.0,21287000.0,35958000000.0,4.80404188740469,32646000000.0,31193000000.0,Marseille,1.51,1.23,0.82,0.68,0.83,4.05,france
14696,6,23.6,29.2,18.2,europe,"A lively port city with Mediterranean flair, bustling markets, and a mix of historic charm and modern vibrancy, offering endless exploration.",43.2961743,5.3699525,19.0414647963516,100.0,126.862020595603,22.927852668258,86.8364,44700.1384177544,100.0,3.281,5149.0546875,0.1,15.6,34.41,66.8,82.9292682926829,21.2195676873453,78.7804323126547,117109000.0,21287000.0,35958000000.0,4.80404188740469,32646000000.0,31193000000.0,Marseille,1.51,1.23,0.82,0.68,0.83,4.05,france
14718,7,26.3,32.3,20.7,europe,"A lively port city with Mediterranean flair, bustling markets, and a mix of historic charm and modern vibrancy, offering endless exploration.",43.2961743,5.3699525,19.0414647963516,100.0,126.862020595603,22.927852668258,86.8364,44700.1384177544,100.0,3.281,5149.0546875,0.1,15.6,34.41,66.8,82.9292682926829,21.2195676873453,78.7804323126547,117109000.0,21287000.0,35958000000.0,4.80404188740469,32646000000.0,31193000000.0,Marseille,1.51,1.23,0.82,0.68,0.83,4.05,france
14740,8,25.5,31.5,19.8,europe,"A lively port city with Mediterranean flair, bustling markets, and a mix of historic charm and modern vibrancy, offering endless exploration.",43.2961743,5.3699525,19.0414647963516,100.0,126.862020595603,22.927852668258,86.8364,44700.1384177544,100.0,3.281,5149.0546875,0.1,15.6,34.41,66.8,82.9292682926829,21.2195676873453,78.7804323126547,117109000.0,21287000.0,35958000000.0,4.80404188740469,32646000000.0,31193000000.0,Marseille,1.51,1.23,0.82,0.68,0.83,4.05,france
14762,9,21.4,26.9,16.5,europe,"A lively port city with Mediterranean flair, bustling markets, and a mix of historic charm and modern vibrancy, offering endless exploration.",43.2961743,5.3699525,19.0414647963516,100.0,126.862020595603,22.927852668258,86.8364,44700.1384177544,100.0,3.281,5149.0546875,0.1,15.6,34.41,66.8,82.9292682926829,21.2195676873453,78.7804323126547,117109000.0,21287000.0,35958000000.0,4.80404188740469,32646000000.0,31193000000.0,Marseille,1.51,1.23,0.82,0.68,0.83,4.05,france
14784,1,18.9,25.3,13.4,africa,"Surrounded by dramatic landscapes, this city offers a blend of bustling markets, friendly locals, and a unique cultural tapestry to explore.",-29.310054,27.478222,63.3572653752999,57.3,76.135441370224,19.5003943309627,47.991,916.282976983803,77.481451488906,0.235,122.63982391,41.9,49.7,4.635,10.84,57.375,57.3218403195215,42.6781596804785,1142000.0,1070000.0,228000000.0,4.68270262123323,5000000.0,277000000.0,Maseru,1.67,1.45,0.05,0.03,0.12,0.1,lesotho
14806,10,16.2,23.6,9.5,africa,"Surrounded by dramatic landscapes, this city offers a blend of bustling markets, friendly locals, and a unique cultural tapestry to explore.",-29.310054,27.478222,63.3572653752999,57.3,76.135441370224,19.5003943309627,47.991,916.282976983803,77.481451488906,0.235,122.63982391,41.9,49.7,4.635,10.84,57.375,57.3218403195215,42.6781596804785,1142000.0,1070000.0,228000000.0,4.68270262123323,5000000.0,277000000.0,Maseru,1.67,1.45,0.05,0.03,0.12,0.1,lesotho
14828,11,17.3,24.4,11.2,africa,"Surrounded by dramatic landscapes, this city offers a blend of bustling markets, friendly locals, and a unique cultural tapestry to explore.",-29.310054,27.478222,63.3572653752999,57.3,76.135441370224,19.5003943309627,47.991,916.282976983803,77.481451488906,0.235,122.63982391,41.9,49.7,4.635,10.84,57.375,57.3218403195215,42.6781596804785,1142000.0,1070000.0,228000000.0,4.68270262123323,5000000.0,277000000.0,Maseru,1.67,1.45,0.05,0.03,0.12,0.1,lesotho
14850,12,17.7,23.8,12.7,africa,"Surrounded by dramatic landscapes, this city offers a blend of bustling markets, friendly locals, and a unique cultural tapestry to explore.",-29.310054,27.478222,63.3572653752999,57.3,76.135441370224,19.5003943309627,47.991,916.282976983803,77.481451488906,0.235,122.63982391,41.9,49.7,4.635,10.84,57.375,57.3218403195215,42.6781596804785,1142000.0,1070000.0,228000000.0,4.68270262123323,5000000.0,277000000.0,Maseru,1.67,1.45,0.05,0.03,0.12,0.1,lesotho
14872,2,18.7,24.9,13.3,africa,"Surrounded by dramatic landscapes, this city offers a blend of bustling markets, friendly locals, and a unique cultural tapestry to explore.",-29.310054,27.478222,63.3572653752999,57.3,76.135441370224,19.5003943309627,47.991,916.282976983803,77.481451488906,0.235,122.63982391,41.9,49.7,4.635,10.84,57.375,57.3218403195215,42.6781596804785,1142000.0,1070000.0,228000000.0,4.68270262123323,5000000.0,277000000.0,Maseru,1.67,1.45,0.05,0.03,0.12,0.1,lesotho
14894,3,17.2,23.8,11.5,africa,"Surrounded by dramatic landscapes, this city offers a blend of bustling markets, friendly locals, and a unique cultural tapestry to explore.",-29.310054,27.478222,63.3572653752999,57.3,76.135441370224,19.5003943309627,47.991,916.282976983803,77.481451488906,0.235,122.63982391,41.9,49.7,4.635,10.84,57.375,57.3218403195215,42.6781596804785,1142000.0,1070000.0,228000000.0,4.68270262123323,5000000.0,277000000.0,Maseru,1.67,1.45,0.05,0.03,0.12,0.1,lesotho
14916,4,13.5,20.4,8.0,africa,"Surrounded by dramatic landscapes, this city offers a blend of bustling markets, friendly locals, and a unique cultural tapestry to explore.",-29.310054,27.478222,63.3572653752999,57.3,76.135441370224,19.5003943309627,47.991,916.282976983803,77.481451488906,0.235,122.63982391,41.9,49.7,4.635,10.84,57.375,57.3218403195215,42.6781596804785,1142000.0,1070000.0,228000000.0,4.68270262123323,5000000.0,277000000.0,Maseru,1.67,1.45,0.05,0.03,0.12,0.1,lesotho
14938,5,11.1,19.1,5.2,africa,"Surrounded by dramatic landscapes, this city offers a blend of bustling markets, friendly locals, and a unique cultural tapestry to explore.",-29.310054,27.478222,63.3572653752999,57.3,76.135441370224,19.5003943309627,47.991,916.282976983803,77.481451488906,0.235,122.63982391,41.9,49.7,4.635,10.84,57.375,57.3218403195215,42.6781596804785,1142000.0,1070000.0,228000000.0,4.68270262123323,5000000.0,277000000.0,Maseru,1.67,1.45,0.05,0.03,0.12,0.1,lesotho
14960,6,7.1,14.7,1.5,africa,"Surrounded by dramatic landscapes, this city offers a blend of bustling markets, friendly locals, and a unique cultural tapestry to explore.",-29.310054,27.478222,63.3572653752999,57.3,76.135441370224,19.5003943309627,47.991,916.282976983803,77.481451488906,0.235,122.63982391,41.9,49.7,4.635,10.84,57.375,57.3218403195215,42.6781596804785,1142000.0,1070000.0,228000000.0,4.68270262123323,5000000.0,277000000.0,Maseru,1.67,1.45,0.05,0.03,0.12,0.1,lesotho
14982,7,6.6,14.6,0.4,africa,"Surrounded by dramatic landscapes, this city offers a blend of bustling markets, friendly locals, and a unique cultural tapestry to explore.",-29.310054,27.478222,63.3572653752999,57.3,76.135441370224,19.5003943309627,47.991,916.282976983803,77.481451488906,0.235,122.63982391,41.9,49.7,4.635,10.84,57.375,57.3218403195215,42.6781596804785,1142000.0,1070000.0,228000000.0,4.68270262123323,5000000.0,277000000.0,Maseru,1.67,1.45,0.05,0.03,0.12,0.1,lesotho
15004,8,9.4,17.6,2.7,africa,"Surrounded by dramatic landscapes, this city offers a blend of bustling markets, friendly locals, and a unique cultural tapestry to explore.",-29.310054,27.478222,63.3572653752999,57.3,76.135441370224,19.5003943309627,47.991,916.282976983803,77.481451488906,0.235,122.63982391,41.9,49.7,4.635,10.84,57.375,57.3218403195215,42.6781596804785,1142000.0,1070000.0,228000000.0,4.68270262123323,5000000.0,277000000.0,Maseru,1.67,1.45,0.05,0.03,0.12,0.1,lesotho
15026,9,14.2,22.2,7.3,africa,"Surrounded by dramatic landscapes, this city offers a blend of bustling markets, friendly locals, and a unique cultural tapestry to explore.",-29.310054,27.478222,63.3572653752999,57.3,76.135441370224,19.5003943309627,47.991,916.282976983803,77.481451488906,0.235,122.63982391,41.9,49.7,4.635,10.84,57.375,57.3218403195215,42.6781596804785,1142000.0,1070000.0,228000000.0,4.68270262123323,5000000.0,277000000.0,Maseru,1.67,1.45,0.05,0.03,0.12,0.1,lesotho
15048,1,28.0,32.8,24.7,africa,"Lively markets, stunning beaches, and a fusion of cultures create a vibrant atmosphere where you can feel the ocean breeze and hear Swahili melodies.",-4.05052,39.667169,39.509464216411,76.2,95.2681371231706,12.2256557459122,35.0,1942.58802756191,64.7820788557808,0.289,84.958992,46.9,39.8,1.98,4.34,63.646,68.3669659183571,31.6330340816429,2049000.0,1070000.0,1762000000.0,15.3601464458292,1007000000.0,277000000.0,Mombasa,0.03,0.14,0.06,0.05,0.12,0.41,kenya
15070,10,26.7,30.3,23.4,africa,"Lively markets, stunning beaches, and a fusion of cultures create a vibrant atmosphere where you can feel the ocean breeze and hear Swahili melodies.",-4.05052,39.667169,39.509464216411,76.2,95.2681371231706,12.2256557459122,35.0,1942.58802756191,64.7820788557808,0.289,84.958992,46.9,39.8,1.98,4.34,63.646,68.3669659183571,31.6330340816429,2049000.0,1070000.0,1762000000.0,15.3601464458292,1007000000.0,277000000.0,Mombasa,0.03,0.14,0.06,0.05,0.12,0.41,kenya
15092,11,27.5,31.2,24.1,africa,"Lively markets, stunning beaches, and a fusion of cultures create a vibrant atmosphere where you can feel the ocean breeze and hear Swahili melodies.",-4.05052,39.667169,39.509464216411,76.2,95.2681371231706,12.2256557459122,35.0,1942.58802756191,64.7820788557808,0.289,84.958992,46.9,39.8,1.98,4.34,63.646,68.3669659183571,31.6330340816429,2049000.0,1070000.0,1762000000.0,15.3601464458292,1007000000.0,277000000.0,Mombasa,0.03,0.14,0.06,0.05,0.12,0.41,kenya
15114,12,28.0,32.1,24.6,africa,"Lively markets, stunning beaches, and a fusion of cultures create a vibrant atmosphere where you can feel the ocean breeze and hear Swahili melodies.",-4.05052,39.667169,39.509464216411,76.2,95.2681371231706,12.2256557459122,35.0,1942.58802756191,64.7820788557808,0.289,84.958992,46.9,39.8,1.98,4.34,63.646,68.3669659183571,31.6330340816429,2049000.0,1070000.0,1762000000.0,15.3601464458292,1007000000.0,277000000.0,Mombasa,0.03,0.14,0.06,0.05,0.12,0.41,kenya
15136,2,28.4,33.2,24.7,africa,"Lively markets, stunning beaches, and a fusion of cultures create a vibrant atmosphere where you can feel the ocean breeze and hear Swahili melodies.",-4.05052,39.667169,39.509464216411,76.2,95.2681371231706,12.2256557459122,35.0,1942.58802756191,64.7820788557808,0.289,84.958992,46.9,39.8,1.98,4.34,63.646,68.3669659183571,31.6330340816429,2049000.0,1070000.0,1762000000.0,15.3601464458292,1007000000.0,277000000.0,Mombasa,0.03,0.14,0.06,0.05,0.12,0.41,kenya
15158,3,28.9,33.4,25.4,africa,"Lively markets, stunning beaches, and a fusion of cultures create a vibrant atmosphere where you can feel the ocean breeze and hear Swahili melodies.",-4.05052,39.667169,39.509464216411,76.2,95.2681371231706,12.2256557459122,35.0,1942.58802756191,64.7820788557808,0.289,84.958992,46.9,39.8,1.98,4.34,63.646,68.3669659183571,31.6330340816429,2049000.0,1070000.0,1762000000.0,15.3601464458292,1007000000.0,277000000.0,Mombasa,0.03,0.14,0.06,0.05,0.12,0.41,kenya
15180,4,28.2,32.0,25.0,africa,"Lively markets, stunning beaches, and a fusion of cultures create a vibrant atmosphere where you can feel the ocean breeze and hear Swahili melodies.",-4.05052,39.667169,39.509464216411,76.2,95.2681371231706,12.2256557459122,35.0,1942.58802756191,64.7820788557808,0.289,84.958992,46.9,39.8,1.98,4.34,63.646,68.3669659183571,31.6330340816429,2049000.0,1070000.0,1762000000.0,15.3601464458292,1007000000.0,277000000.0,Mombasa,0.03,0.14,0.06,0.05,0.12,0.41,kenya
15202,5,26.6,30.5,23.6,africa,"Lively markets, stunning beaches, and a fusion of cultures create a vibrant atmosphere where you can feel the ocean breeze and hear Swahili melodies.",-4.05052,39.667169,39.509464216411,76.2,95.2681371231706,12.2256557459122,35.0,1942.58802756191,64.7820788557808,0.289,84.958992,46.9,39.8,1.98,4.34,63.646,68.3669659183571,31.6330340816429,2049000.0,1070000.0,1762000000.0,15.3601464458292,1007000000.0,277000000.0,Mombasa,0.03,0.14,0.06,0.05,0.12,0.41,kenya
15224,6,25.7,29.6,22.3,africa,"Lively markets, stunning beaches, and a fusion of cultures create a vibrant atmosphere where you can feel the ocean breeze and hear Swahili melodies.",-4.05052,39.667169,39.509464216411,76.2,95.2681371231706,12.2256557459122,35.0,1942.58802756191,64.7820788557808,0.289,84.958992,46.9,39.8,1.98,4.34,63.646,68.3669659183571,31.6330340816429,2049000.0,1070000.0,1762000000.0,15.3601464458292,1007000000.0,277000000.0,Mombasa,0.03,0.14,0.06,0.05,0.12,0.41,kenya
15246,7,24.9,28.8,21.2,africa,"Lively markets, stunning beaches, and a fusion of cultures create a vibrant atmosphere where you can feel the ocean breeze and hear Swahili melodies.",-4.05052,39.667169,39.509464216411,76.2,95.2681371231706,12.2256557459122,35.0,1942.58802756191,64.7820788557808,0.289,84.958992,46.9,39.8,1.98,4.34,63.646,68.3669659183571,31.6330340816429,2049000.0,1070000.0,1762000000.0,15.3601464458292,1007000000.0,277000000.0,Mombasa,0.03,0.14,0.06,0.05,0.12,0.41,kenya
15268,8,25.0,28.8,21.6,africa,"Lively markets, stunning beaches, and a fusion of cultures create a vibrant atmosphere where you can feel the ocean breeze and hear Swahili melodies.",-4.05052,39.667169,39.509464216411,76.2,95.2681371231706,12.2256557459122,35.0,1942.58802756191,64.7820788557808,0.289,84.958992,46.9,39.8,1.98,4.34,63.646,68.3669659183571,31.6330340816429,2049000.0,1070000.0,1762000000.0,15.3601464458292,1007000000.0,277000000.0,Mombasa,0.03,0.14,0.06,0.05,0.12,0.41,kenya
15290,9,25.6,29.5,22.3,africa,"Lively markets, stunning beaches, and a fusion of cultures create a vibrant atmosphere where you can feel the ocean breeze and hear Swahili melodies.",-4.05052,39.667169,39.509464216411,76.2,95.2681371231706,12.2256557459122,35.0,1942.58802756191,64.7820788557808,0.289,84.958992,46.9,39.8,1.98,4.34,63.646,68.3669659183571,31.6330340816429,2049000.0,1070000.0,1762000000.0,15.3601464458292,1007000000.0,277000000.0,Mombasa,0.03,0.14,0.06,0.05,0.12,0.41,kenya
15312,1,8.2,12.3,5.1,europe,"Glamorous streets lined with luxury cars and yachts, where the Mediterranean breeze mingles with the scent of high-end cuisine and opulence.",43.7323492,7.4276832,32.034926797665804,100.0,18692.8982725528,19.5003943309627,99.1497,256799.788612806,100.0,8.609,8004.16845703,4.5,22.95,4.635,10.84,86.372,0.0,100.0,159000.0,1070000.0,228000000.0,4.68270262123323,199000000.0,277000000.0,Monaco,0.06,0.08,0.14,0.06,0.06,0.12,monaco
15334,10,16.8,20.7,13.6,europe,"Glamorous streets lined with luxury cars and yachts, where the Mediterranean breeze mingles with the scent of high-end cuisine and opulence.",43.7323492,7.4276832,32.034926797665804,100.0,18692.8982725528,19.5003943309627,99.1497,256799.788612806,100.0,8.609,8004.16845703,4.5,22.95,4.635,10.84,86.372,0.0,100.0,159000.0,1070000.0,228000000.0,4.68270262123323,199000000.0,277000000.0,Monaco,0.06,0.08,0.14,0.06,0.06,0.12,monaco
15356,11,12.1,15.7,9.2,europe,"Glamorous streets lined with luxury cars and yachts, where the Mediterranean breeze mingles with the scent of high-end cuisine and opulence.",43.7323492,7.4276832,32.034926797665804,100.0,18692.8982725528,19.5003943309627,99.1497,256799.788612806,100.0,8.609,8004.16845703,4.5,22.95,4.635,10.84,86.372,0.0,100.0,159000.0,1070000.0,228000000.0,4.68270262123323,199000000.0,277000000.0,Monaco,0.06,0.08,0.14,0.06,0.06,0.12,monaco
15378,12,9.0,12.9,6.0,europe,"Glamorous streets lined with luxury cars and yachts, where the Mediterranean breeze mingles with the scent of high-end cuisine and opulence.",43.7323492,7.4276832,32.034926797665804,100.0,18692.8982725528,19.5003943309627,99.1497,256799.788612806,100.0,8.609,8004.16845703,4.5,22.95,4.635,10.84,86.372,0.0,100.0,159000.0,1070000.0,228000000.0,4.68270262123323,199000000.0,277000000.0,Monaco,0.06,0.08,0.14,0.06,0.06,0.12,monaco
15400,2,9.2,13.4,5.5,europe,"Glamorous streets lined with luxury cars and yachts, where the Mediterranean breeze mingles with the scent of high-end cuisine and opulence.",43.7323492,7.4276832,32.034926797665804,100.0,18692.8982725528,19.5003943309627,99.1497,256799.788612806,100.0,8.609,8004.16845703,4.5,22.95,4.635,10.84,86.372,0.0,100.0,159000.0,1070000.0,228000000.0,4.68270262123323,199000000.0,277000000.0,Monaco,0.06,0.08,0.14,0.06,0.06,0.12,monaco
15422,3,12.2,15.9,8.7,europe,"Glamorous streets lined with luxury cars and yachts, where the Mediterranean breeze mingles with the scent of high-end cuisine and opulence.",43.7323492,7.4276832,32.034926797665804,100.0,18692.8982725528,19.5003943309627,99.1497,256799.788612806,100.0,8.609,8004.16845703,4.5,22.95,4.635,10.84,86.372,0.0,100.0,159000.0,1070000.0,228000000.0,4.68270262123323,199000000.0,277000000.0,Monaco,0.06,0.08,0.14,0.06,0.06,0.12,monaco
15444,4,13.4,17.5,9.2,europe,"Glamorous streets lined with luxury cars and yachts, where the Mediterranean breeze mingles with the scent of high-end cuisine and opulence.",43.7323492,7.4276832,32.034926797665804,100.0,18692.8982725528,19.5003943309627,99.1497,256799.788612806,100.0,8.609,8004.16845703,4.5,22.95,4.635,10.84,86.372,0.0,100.0,159000.0,1070000.0,228000000.0,4.68270262123323,199000000.0,277000000.0,Monaco,0.06,0.08,0.14,0.06,0.06,0.12,monaco
15466,5,16.9,20.9,12.7,europe,"Glamorous streets lined with luxury cars and yachts, where the Mediterranean breeze mingles with the scent of high-end cuisine and opulence.",43.7323492,7.4276832,32.034926797665804,100.0,18692.8982725528,19.5003943309627,99.1497,256799.788612806,100.0,8.609,8004.16845703,4.5,22.95,4.635,10.84,86.372,0.0,100.0,159000.0,1070000.0,228000000.0,4.68270262123323,199000000.0,277000000.0,Monaco,0.06,0.08,0.14,0.06,0.06,0.12,monaco
15488,6,21.9,25.7,17.8,europe,"Glamorous streets lined with luxury cars and yachts, where the Mediterranean breeze mingles with the scent of high-end cuisine and opulence.",43.7323492,7.4276832,32.034926797665804,100.0,18692.8982725528,19.5003943309627,99.1497,256799.788612806,100.0,8.609,8004.16845703,4.5,22.95,4.635,10.84,86.372,0.0,100.0,159000.0,1070000.0,228000000.0,4.68270262123323,199000000.0,277000000.0,Monaco,0.06,0.08,0.14,0.06,0.06,0.12,monaco
15510,7,25.0,29.1,20.6,europe,"Glamorous streets lined with luxury cars and yachts, where the Mediterranean breeze mingles with the scent of high-end cuisine and opulence.",43.7323492,7.4276832,32.034926797665804,100.0,18692.8982725528,19.5003943309627,99.1497,256799.788612806,100.0,8.609,8004.16845703,4.5,22.95,4.635,10.84,86.372,0.0,100.0,159000.0,1070000.0,228000000.0,4.68270262123323,199000000.0,277000000.0,Monaco,0.06,0.08,0.14,0.06,0.06,0.12,monaco
15532,8,24.7,29.2,20.4,europe,"Glamorous streets lined with luxury cars and yachts, where the Mediterranean breeze mingles with the scent of high-end cuisine and opulence.",43.7323492,7.4276832,32.034926797665804,100.0,18692.8982725528,19.5003943309627,99.1497,256799.788612806,100.0,8.609,8004.16845703,4.5,22.95,4.635,10.84,86.372,0.0,100.0,159000.0,1070000.0,228000000.0,4.68270262123323,199000000.0,277000000.0,Monaco,0.06,0.08,0.14,0.06,0.06,0.12,monaco
15554,9,20.9,25.2,17.0,europe,"Glamorous streets lined with luxury cars and yachts, where the Mediterranean breeze mingles with the scent of high-end cuisine and opulence.",43.7323492,7.4276832,32.034926797665804,100.0,18692.8982725528,19.5003943309627,99.1497,256799.788612806,100.0,8.609,8004.16845703,4.5,22.95,4.635,10.84,86.372,0.0,100.0,159000.0,1070000.0,228000000.0,4.68270262123323,199000000.0,277000000.0,Monaco,0.06,0.08,0.14,0.06,0.06,0.12,monaco
15576,1,20.1,24.6,17.1,north_america,"Misty cloud forests and vibrant wildlife create an enchanting atmosphere, where every trail offers a new sensory delight and adventure.",10.29115145,-84.81364393886889,32.2235243287816,100.0,99.9906972189581,28.6354292653547,85.3951,16942.0268119375,99.8143035929016,2.687,1163.30224609,1.5,24.4,8.93,27.98,80.799,21.1180606358298,78.8819393641702,1146500.0,324000.0,1479000000.0,7.40531362400925,1356000000.0,697000000.0,Monteverde,0.02,0.01,0.01,0.03,0.01,0.14,costa rica
15598,10,19.9,23.2,18.2,north_america,"Misty cloud forests and vibrant wildlife create an enchanting atmosphere, where every trail offers a new sensory delight and adventure.",10.29115145,-84.81364393886889,32.2235243287816,100.0,99.9906972189581,28.6354292653547,85.3951,16942.0268119375,99.8143035929016,2.687,1163.30224609,1.5,24.4,8.93,27.98,80.799,21.1180606358298,78.8819393641702,1146500.0,324000.0,1479000000.0,7.40531362400925,1356000000.0,697000000.0,Monteverde,0.02,0.01,0.01,0.03,0.01,0.14,costa rica
15620,11,19.9,23.2,17.9,north_america,"Misty cloud forests and vibrant wildlife create an enchanting atmosphere, where every trail offers a new sensory delight and adventure.",10.29115145,-84.81364393886889,32.2235243287816,100.0,99.9906972189581,28.6354292653547,85.3951,16942.0268119375,99.8143035929016,2.687,1163.30224609,1.5,24.4,8.93,27.98,80.799,21.1180606358298,78.8819393641702,1146500.0,324000.0,1479000000.0,7.40531362400925,1356000000.0,697000000.0,Monteverde,0.02,0.01,0.01,0.03,0.01,0.14,costa rica
15642,12,20.0,23.8,17.5,north_america,"Misty cloud forests and vibrant wildlife create an enchanting atmosphere, where every trail offers a new sensory delight and adventure.",10.29115145,-84.81364393886889,32.2235243287816,100.0,99.9906972189581,28.6354292653547,85.3951,16942.0268119375,99.8143035929016,2.687,1163.30224609,1.5,24.4,8.93,27.98,80.799,21.1180606358298,78.8819393641702,1146500.0,324000.0,1479000000.0,7.40531362400925,1356000000.0,697000000.0,Monteverde,0.02,0.01,0.01,0.03,0.01,0.14,costa rica
15664,2,20.6,25.9,16.9,north_america,"Misty cloud forests and vibrant wildlife create an enchanting atmosphere, where every trail offers a new sensory delight and adventure.",10.29115145,-84.81364393886889,32.2235243287816,100.0,99.9906972189581,28.6354292653547,85.3951,16942.0268119375,99.8143035929016,2.687,1163.30224609,1.5,24.4,8.93,27.98,80.799,21.1180606358298,78.8819393641702,1146500.0,324000.0,1479000000.0,7.40531362400925,1356000000.0,697000000.0,Monteverde,0.02,0.01,0.01,0.03,0.01,0.14,costa rica
15686,3,21.3,27.0,17.2,north_america,"Misty cloud forests and vibrant wildlife create an enchanting atmosphere, where every trail offers a new sensory delight and adventure.",10.29115145,-84.81364393886889,32.2235243287816,100.0,99.9906972189581,28.6354292653547,85.3951,16942.0268119375,99.8143035929016,2.687,1163.30224609,1.5,24.4,8.93,27.98,80.799,21.1180606358298,78.8819393641702,1146500.0,324000.0,1479000000.0,7.40531362400925,1356000000.0,697000000.0,Monteverde,0.02,0.01,0.01,0.03,0.01,0.14,costa rica
15708,4,21.8,27.2,18.0,north_america,"Misty cloud forests and vibrant wildlife create an enchanting atmosphere, where every trail offers a new sensory delight and adventure.",10.29115145,-84.81364393886889,32.2235243287816,100.0,99.9906972189581,28.6354292653547,85.3951,16942.0268119375,99.8143035929016,2.687,1163.30224609,1.5,24.4,8.93,27.98,80.799,21.1180606358298,78.8819393641702,1146500.0,324000.0,1479000000.0,7.40531362400925,1356000000.0,697000000.0,Monteverde,0.02,0.01,0.01,0.03,0.01,0.14,costa rica
15730,5,21.2,25.3,18.7,north_america,"Misty cloud forests and vibrant wildlife create an enchanting atmosphere, where every trail offers a new sensory delight and adventure.",10.29115145,-84.81364393886889,32.2235243287816,100.0,99.9906972189581,28.6354292653547,85.3951,16942.0268119375,99.8143035929016,2.687,1163.30224609,1.5,24.4,8.93,27.98,80.799,21.1180606358298,78.8819393641702,1146500.0,324000.0,1479000000.0,7.40531362400925,1356000000.0,697000000.0,Monteverde,0.02,0.01,0.01,0.03,0.01,0.14,costa rica
15752,6,20.7,24.2,18.8,north_america,"Misty cloud forests and vibrant wildlife create an enchanting atmosphere, where every trail offers a new sensory delight and adventure.",10.29115145,-84.81364393886889,32.2235243287816,100.0,99.9906972189581,28.6354292653547,85.3951,16942.0268119375,99.8143035929016,2.687,1163.30224609,1.5,24.4,8.93,27.98,80.799,21.1180606358298,78.8819393641702,1146500.0,324000.0,1479000000.0,7.40531362400925,1356000000.0,697000000.0,Monteverde,0.02,0.01,0.01,0.03,0.01,0.14,costa rica
15774,7,20.6,24.1,18.5,north_america,"Misty cloud forests and vibrant wildlife create an enchanting atmosphere, where every trail offers a new sensory delight and adventure.",10.29115145,-84.81364393886889,32.2235243287816,100.0,99.9906972189581,28.6354292653547,85.3951,16942.0268119375,99.8143035929016,2.687,1163.30224609,1.5,24.4,8.93,27.98,80.799,21.1180606358298,78.8819393641702,1146500.0,324000.0,1479000000.0,7.40531362400925,1356000000.0,697000000.0,Monteverde,0.02,0.01,0.01,0.03,0.01,0.14,costa rica
15796,8,20.6,24.3,18.5,north_america,"Misty cloud forests and vibrant wildlife create an enchanting atmosphere, where every trail offers a new sensory delight and adventure.",10.29115145,-84.81364393886889,32.2235243287816,100.0,99.9906972189581,28.6354292653547,85.3951,16942.0268119375,99.8143035929016,2.687,1163.30224609,1.5,24.4,8.93,27.98,80.799,21.1180606358298,78.8819393641702,1146500.0,324000.0,1479000000.0,7.40531362400925,1356000000.0,697000000.0,Monteverde,0.02,0.01,0.01,0.03,0.01,0.14,costa rica
15818,9,20.2,23.8,18.3,north_america,"Misty cloud forests and vibrant wildlife create an enchanting atmosphere, where every trail offers a new sensory delight and adventure.",10.29115145,-84.81364393886889,32.2235243287816,100.0,99.9906972189581,28.6354292653547,85.3951,16942.0268119375,99.8143035929016,2.687,1163.30224609,1.5,24.4,8.93,27.98,80.799,21.1180606358298,78.8819393641702,1146500.0,324000.0,1479000000.0,7.40531362400925,1356000000.0,697000000.0,Monteverde,0.02,0.01,0.01,0.03,0.01,0.14,costa rica
15840,1,-7.4,-3.7,-10.9,north_america,"Charming streets filled with a mix of European elegance and North American vibrancy, offering lively festivals, diverse cuisine, and artistic flair.",45.5031824,-73.5698065,29.408234935715,100.0,4.56079784268436,44.8021259828612,93.9564,54220.3285039875,98.2905039744417,2.819,6186.65234375,0.2,22.95,40.8,77.73,81.6465853658537,17.4749435591654,82.5250564408346,32430000.0,37845898.4375,19994000000.0,3.65670128143171,11256000000.0,41247000000.0,Montreal,3.02,1.01,1.31,1.35,0.94,2.5,canada
15862,10,10.0,14.2,6.5,north_america,"Charming streets filled with a mix of European elegance and North American vibrancy, offering lively festivals, diverse cuisine, and artistic flair.",45.5031824,-73.5698065,29.408234935715,100.0,4.56079784268436,44.8021259828612,93.9564,54220.3285039875,98.2905039744417,2.819,6186.65234375,0.2,22.95,40.8,77.73,81.6465853658537,17.4749435591654,82.5250564408346,32430000.0,37845898.4375,19994000000.0,3.65670128143171,11256000000.0,41247000000.0,Montreal,3.02,1.01,1.31,1.35,0.94,2.5,canada
15884,11,3.0,6.3,-0.2,north_america,"Charming streets filled with a mix of European elegance and North American vibrancy, offering lively festivals, diverse cuisine, and artistic flair.",45.5031824,-73.5698065,29.408234935715,100.0,4.56079784268436,44.8021259828612,93.9564,54220.3285039875,98.2905039744417,2.819,6186.65234375,0.2,22.95,40.8,77.73,81.6465853658537,17.4749435591654,82.5250564408346,32430000.0,37845898.4375,19994000000.0,3.65670128143171,11256000000.0,41247000000.0,Montreal,3.02,1.01,1.31,1.35,0.94,2.5,canada
15906,12,-3.0,0.2,-6.1,north_america,"Charming streets filled with a mix of European elegance and North American vibrancy, offering lively festivals, diverse cuisine, and artistic flair.",45.5031824,-73.5698065,29.408234935715,100.0,4.56079784268436,44.8021259828612,93.9564,54220.3285039875,98.2905039744417,2.819,6186.65234375,0.2,22.95,40.8,77.73,81.6465853658537,17.4749435591654,82.5250564408346,32430000.0,37845898.4375,19994000000.0,3.65670128143171,11256000000.0,41247000000.0,Montreal,3.02,1.01,1.31,1.35,0.94,2.5,canada
15928,2,-6.3,-2.2,-10.4,north_america,"Charming streets filled with a mix of European elegance and North American vibrancy, offering lively festivals, diverse cuisine, and artistic flair.",45.5031824,-73.5698065,29.408234935715,100.0,4.56079784268436,44.8021259828612,93.9564,54220.3285039875,98.2905039744417,2.819,6186.65234375,0.2,22.95,40.8,77.73,81.6465853658537,17.4749435591654,82.5250564408346,32430000.0,37845898.4375,19994000000.0,3.65670128143171,11256000000.0,41247000000.0,Montreal,3.02,1.01,1.31,1.35,0.94,2.5,canada
15950,3,-0.7,3.1,-4.5,north_america,"Charming streets filled with a mix of European elegance and North American vibrancy, offering lively festivals, diverse cuisine, and artistic flair.",45.5031824,-73.5698065,29.408234935715,100.0,4.56079784268436,44.8021259828612,93.9564,54220.3285039875,98.2905039744417,2.819,6186.65234375,0.2,22.95,40.8,77.73,81.6465853658537,17.4749435591654,82.5250564408346,32430000.0,37845898.4375,19994000000.0,3.65670128143171,11256000000.0,41247000000.0,Montreal,3.02,1.01,1.31,1.35,0.94,2.5,canada
15972,4,6.5,11.0,2.3,north_america,"Charming streets filled with a mix of European elegance and North American vibrancy, offering lively festivals, diverse cuisine, and artistic flair.",45.5031824,-73.5698065,29.408234935715,100.0,4.56079784268436,44.8021259828612,93.9564,54220.3285039875,98.2905039744417,2.819,6186.65234375,0.2,22.95,40.8,77.73,81.6465853658537,17.4749435591654,82.5250564408346,32430000.0,37845898.4375,19994000000.0,3.65670128143171,11256000000.0,41247000000.0,Montreal,3.02,1.01,1.31,1.35,0.94,2.5,canada
15994,5,15.0,20.2,10.2,north_america,"Charming streets filled with a mix of European elegance and North American vibrancy, offering lively festivals, diverse cuisine, and artistic flair.",45.5031824,-73.5698065,29.408234935715,100.0,4.56079784268436,44.8021259828612,93.9564,54220.3285039875,98.2905039744417,2.819,6186.65234375,0.2,22.95,40.8,77.73,81.6465853658537,17.4749435591654,82.5250564408346,32430000.0,37845898.4375,19994000000.0,3.65670128143171,11256000000.0,41247000000.0,Montreal,3.02,1.01,1.31,1.35,0.94,2.5,canada
16016,6,19.5,24.4,14.8,north_america,"Charming streets filled with a mix of European elegance and North American vibrancy, offering lively festivals, diverse cuisine, and artistic flair.",45.5031824,-73.5698065,29.408234935715,100.0,4.56079784268436,44.8021259828612,93.9564,54220.3285039875,98.2905039744417,2.819,6186.65234375,0.2,22.95,40.8,77.73,81.6465853658537,17.4749435591654,82.5250564408346,32430000.0,37845898.4375,19994000000.0,3.65670128143171,11256000000.0,41247000000.0,Montreal,3.02,1.01,1.31,1.35,0.94,2.5,canada
16038,7,22.5,27.2,18.0,north_america,"Charming streets filled with a mix of European elegance and North American vibrancy, offering lively festivals, diverse cuisine, and artistic flair.",45.5031824,-73.5698065,29.408234935715,100.0,4.56079784268436,44.8021259828612,93.9564,54220.3285039875,98.2905039744417,2.819,6186.65234375,0.2,22.95,40.8,77.73,81.6465853658537,17.4749435591654,82.5250564408346,32430000.0,37845898.4375,19994000000.0,3.65670128143171,11256000000.0,41247000000.0,Montreal,3.02,1.01,1.31,1.35,0.94,2.5,canada
16060,8,21.8,26.1,17.5,north_america,"Charming streets filled with a mix of European elegance and North American vibrancy, offering lively festivals, diverse cuisine, and artistic flair.",45.5031824,-73.5698065,29.408234935715,100.0,4.56079784268436,44.8021259828612,93.9564,54220.3285039875,98.2905039744417,2.819,6186.65234375,0.2,22.95,40.8,77.73,81.6465853658537,17.4749435591654,82.5250564408346,32430000.0,37845898.4375,19994000000.0,3.65670128143171,11256000000.0,41247000000.0,Montreal,3.02,1.01,1.31,1.35,0.94,2.5,canada
16082,9,17.5,21.9,12.9,north_america,"Charming streets filled with a mix of European elegance and North American vibrancy, offering lively festivals, diverse cuisine, and artistic flair.",45.5031824,-73.5698065,29.408234935715,100.0,4.56079784268436,44.8021259828612,93.9564,54220.3285039875,98.2905039744417,2.819,6186.65234375,0.2,22.95,40.8,77.73,81.6465853658537,17.4749435591654,82.5250564408346,32430000.0,37845898.4375,19994000000.0,3.65670128143171,11256000000.0,41247000000.0,Montreal,3.02,1.01,1.31,1.35,0.94,2.5,canada
16104,1,21.6,25.6,17.2,middle_east,"Golden desert landscapes meet the azure sea, creating a serene backdrop for exploring traditional souks, grand mosques, and coastal promenades.",23.5882019,58.3829448,42.849304574918,100.0,16.3142778675283,32.6843152939564,95.2517,21027.7384778886,92.559888964675,1.992,732.04089355,4.5,22.95,4.635,10.84,80.031,20.4297026771068,79.5702973228932,869000.0,1657000.0,669000000.0,1.87440359059699,441000000.0,1236000000.0,Muscat,0.01,0.03,0.01,0.0,0.0,0.0,oman
16126,10,30.0,34.3,26.0,middle_east,"Golden desert landscapes meet the azure sea, creating a serene backdrop for exploring traditional souks, grand mosques, and coastal promenades.",23.5882019,58.3829448,42.849304574918,100.0,16.3142778675283,32.6843152939564,95.2517,21027.7384778886,92.559888964675,1.992,732.04089355,4.5,22.95,4.635,10.84,80.031,20.4297026771068,79.5702973228932,869000.0,1657000.0,669000000.0,1.87440359059699,441000000.0,1236000000.0,Muscat,0.01,0.03,0.01,0.0,0.0,0.0,oman
16148,11,26.3,30.5,22.0,middle_east,"Golden desert landscapes meet the azure sea, creating a serene backdrop for exploring traditional souks, grand mosques, and coastal promenades.",23.5882019,58.3829448,42.849304574918,100.0,16.3142778675283,32.6843152939564,95.2517,21027.7384778886,92.559888964675,1.992,732.04089355,4.5,22.95,4.635,10.84,80.031,20.4297026771068,79.5702973228932,869000.0,1657000.0,669000000.0,1.87440359059699,441000000.0,1236000000.0,Muscat,0.01,0.03,0.01,0.0,0.0,0.0,oman
16170,12,22.9,26.7,18.3,middle_east,"Golden desert landscapes meet the azure sea, creating a serene backdrop for exploring traditional souks, grand mosques, and coastal promenades.",23.5882019,58.3829448,42.849304574918,100.0,16.3142778675283,32.6843152939564,95.2517,21027.7384778886,92.559888964675,1.992,732.04089355,4.5,22.95,4.635,10.84,80.031,20.4297026771068,79.5702973228932,869000.0,1657000.0,669000000.0,1.87440359059699,441000000.0,1236000000.0,Muscat,0.01,0.03,0.01,0.0,0.0,0.0,oman
16192,2,23.0,26.7,18.9,middle_east,"Golden desert landscapes meet the azure sea, creating a serene backdrop for exploring traditional souks, grand mosques, and coastal promenades.",23.5882019,58.3829448,42.849304574918,100.0,16.3142778675283,32.6843152939564,95.2517,21027.7384778886,92.559888964675,1.992,732.04089355,4.5,22.95,4.635,10.84,80.031,20.4297026771068,79.5702973228932,869000.0,1657000.0,669000000.0,1.87440359059699,441000000.0,1236000000.0,Muscat,0.01,0.03,0.01,0.0,0.0,0.0,oman
16214,3,25.8,29.9,21.7,middle_east,"Golden desert landscapes meet the azure sea, creating a serene backdrop for exploring traditional souks, grand mosques, and coastal promenades.",23.5882019,58.3829448,42.849304574918,100.0,16.3142778675283,32.6843152939564,95.2517,21027.7384778886,92.559888964675,1.992,732.04089355,4.5,22.95,4.635,10.84,80.031,20.4297026771068,79.5702973228932,869000.0,1657000.0,669000000.0,1.87440359059699,441000000.0,1236000000.0,Muscat,0.01,0.03,0.01,0.0,0.0,0.0,oman
16236,4,30.1,34.7,25.9,middle_east,"Golden desert landscapes meet the azure sea, creating a serene backdrop for exploring traditional souks, grand mosques, and coastal promenades.",23.5882019,58.3829448,42.849304574918,100.0,16.3142778675283,32.6843152939564,95.2517,21027.7384778886,92.559888964675,1.992,732.04089355,4.5,22.95,4.635,10.84,80.031,20.4297026771068,79.5702973228932,869000.0,1657000.0,669000000.0,1.87440359059699,441000000.0,1236000000.0,Muscat,0.01,0.03,0.01,0.0,0.0,0.0,oman
16258,5,34.6,39.3,29.9,middle_east,"Golden desert landscapes meet the azure sea, creating a serene backdrop for exploring traditional souks, grand mosques, and coastal promenades.",23.5882019,58.3829448,42.849304574918,100.0,16.3142778675283,32.6843152939564,95.2517,21027.7384778886,92.559888964675,1.992,732.04089355,4.5,22.95,4.635,10.84,80.031,20.4297026771068,79.5702973228932,869000.0,1657000.0,669000000.0,1.87440359059699,441000000.0,1236000000.0,Muscat,0.01,0.03,0.01,0.0,0.0,0.0,oman
16280,6,35.0,39.4,31.7,middle_east,"Golden desert landscapes meet the azure sea, creating a serene backdrop for exploring traditional souks, grand mosques, and coastal promenades.",23.5882019,58.3829448,42.849304574918,100.0,16.3142778675283,32.6843152939564,95.2517,21027.7384778886,92.559888964675,1.992,732.04089355,4.5,22.95,4.635,10.84,80.031,20.4297026771068,79.5702973228932,869000.0,1657000.0,669000000.0,1.87440359059699,441000000.0,1236000000.0,Muscat,0.01,0.03,0.01,0.0,0.0,0.0,oman
16302,7,33.7,37.1,30.9,middle_east,"Golden desert landscapes meet the azure sea, creating a serene backdrop for exploring traditional souks, grand mosques, and coastal promenades.",23.5882019,58.3829448,42.849304574918,100.0,16.3142778675283,32.6843152939564,95.2517,21027.7384778886,92.559888964675,1.992,732.04089355,4.5,22.95,4.635,10.84,80.031,20.4297026771068,79.5702973228932,869000.0,1657000.0,669000000.0,1.87440359059699,441000000.0,1236000000.0,Muscat,0.01,0.03,0.01,0.0,0.0,0.0,oman
16324,8,32.3,36.1,29.2,middle_east,"Golden desert landscapes meet the azure sea, creating a serene backdrop for exploring traditional souks, grand mosques, and coastal promenades.",23.5882019,58.3829448,42.849304574918,100.0,16.3142778675283,32.6843152939564,95.2517,21027.7384778886,92.559888964675,1.992,732.04089355,4.5,22.95,4.635,10.84,80.031,20.4297026771068,79.5702973228932,869000.0,1657000.0,669000000.0,1.87440359059699,441000000.0,1236000000.0,Muscat,0.01,0.03,0.01,0.0,0.0,0.0,oman
16346,9,31.5,35.4,28.2,middle_east,"Golden desert landscapes meet the azure sea, creating a serene backdrop for exploring traditional souks, grand mosques, and coastal promenades.",23.5882019,58.3829448,42.849304574918,100.0,16.3142778675283,32.6843152939564,95.2517,21027.7384778886,92.559888964675,1.992,732.04089355,4.5,22.95,4.635,10.84,80.031,20.4297026771068,79.5702973228932,869000.0,1657000.0,669000000.0,1.87440359059699,441000000.0,1236000000.0,Muscat,0.01,0.03,0.01,0.0,0.0,0.0,oman
16368,1,20.8,26.3,15.6,africa,"Bustling streets filled with colorful markets, the aroma of street food, and a lively mix of cultures create a dynamic urban experience.",-1.30261485,36.82884201813725,39.509464216411,76.2,95.2681371231706,12.2256557459122,35.0,1942.58802756191,64.7820788557808,0.289,84.958992,46.9,39.8,1.98,4.34,63.646,68.3669659183571,31.6330340816429,2049000.0,1070000.0,1762000000.0,15.3601464458292,1007000000.0,277000000.0,Nairobi,0.25,1.56,0.62,0.47,1.18,1.66,kenya
16390,10,20.6,26.5,15.5,africa,"Bustling streets filled with colorful markets, the aroma of street food, and a lively mix of cultures create a dynamic urban experience.",-1.30261485,36.82884201813725,39.509464216411,76.2,95.2681371231706,12.2256557459122,35.0,1942.58802756191,64.7820788557808,0.289,84.958992,46.9,39.8,1.98,4.34,63.646,68.3669659183571,31.6330340816429,2049000.0,1070000.0,1762000000.0,15.3601464458292,1007000000.0,277000000.0,Nairobi,0.25,1.56,0.62,0.47,1.18,1.66,kenya
16412,11,19.9,25.3,16.2,africa,"Bustling streets filled with colorful markets, the aroma of street food, and a lively mix of cultures create a dynamic urban experience.",-1.30261485,36.82884201813725,39.509464216411,76.2,95.2681371231706,12.2256557459122,35.0,1942.58802756191,64.7820788557808,0.289,84.958992,46.9,39.8,1.98,4.34,63.646,68.3669659183571,31.6330340816429,2049000.0,1070000.0,1762000000.0,15.3601464458292,1007000000.0,277000000.0,Nairobi,0.25,1.56,0.62,0.47,1.18,1.66,kenya
16434,12,20.0,25.2,16.0,africa,"Bustling streets filled with colorful markets, the aroma of street food, and a lively mix of cultures create a dynamic urban experience.",-1.30261485,36.82884201813725,39.509464216411,76.2,95.2681371231706,12.2256557459122,35.0,1942.58802756191,64.7820788557808,0.289,84.958992,46.9,39.8,1.98,4.34,63.646,68.3669659183571,31.6330340816429,2049000.0,1070000.0,1762000000.0,15.3601464458292,1007000000.0,277000000.0,Nairobi,0.25,1.56,0.62,0.47,1.18,1.66,kenya
16456,2,21.6,27.5,16.1,africa,"Bustling streets filled with colorful markets, the aroma of street food, and a lively mix of cultures create a dynamic urban experience.",-1.30261485,36.82884201813725,39.509464216411,76.2,95.2681371231706,12.2256557459122,35.0,1942.58802756191,64.7820788557808,0.289,84.958992,46.9,39.8,1.98,4.34,63.646,68.3669659183571,31.6330340816429,2049000.0,1070000.0,1762000000.0,15.3601464458292,1007000000.0,277000000.0,Nairobi,0.25,1.56,0.62,0.47,1.18,1.66,kenya
16478,3,21.8,28.0,16.8,africa,"Bustling streets filled with colorful markets, the aroma of street food, and a lively mix of cultures create a dynamic urban experience.",-1.30261485,36.82884201813725,39.509464216411,76.2,95.2681371231706,12.2256557459122,35.0,1942.58802756191,64.7820788557808,0.289,84.958992,46.9,39.8,1.98,4.34,63.646,68.3669659183571,31.6330340816429,2049000.0,1070000.0,1762000000.0,15.3601464458292,1007000000.0,277000000.0,Nairobi,0.25,1.56,0.62,0.47,1.18,1.66,kenya
16500,4,20.6,25.8,16.5,africa,"Bustling streets filled with colorful markets, the aroma of street food, and a lively mix of cultures create a dynamic urban experience.",-1.30261485,36.82884201813725,39.509464216411,76.2,95.2681371231706,12.2256557459122,35.0,1942.58802756191,64.7820788557808,0.289,84.958992,46.9,39.8,1.98,4.34,63.646,68.3669659183571,31.6330340816429,2049000.0,1070000.0,1762000000.0,15.3601464458292,1007000000.0,277000000.0,Nairobi,0.25,1.56,0.62,0.47,1.18,1.66,kenya
16522,5,19.6,24.8,15.8,africa,"Bustling streets filled with colorful markets, the aroma of street food, and a lively mix of cultures create a dynamic urban experience.",-1.30261485,36.82884201813725,39.509464216411,76.2,95.2681371231706,12.2256557459122,35.0,1942.58802756191,64.7820788557808,0.289,84.958992,46.9,39.8,1.98,4.34,63.646,68.3669659183571,31.6330340816429,2049000.0,1070000.0,1762000000.0,15.3601464458292,1007000000.0,277000000.0,Nairobi,0.25,1.56,0.62,0.47,1.18,1.66,kenya
16544,6,18.6,23.5,14.0,africa,"Bustling streets filled with colorful markets, the aroma of street food, and a lively mix of cultures create a dynamic urban experience.",-1.30261485,36.82884201813725,39.509464216411,76.2,95.2681371231706,12.2256557459122,35.0,1942.58802756191,64.7820788557808,0.289,84.958992,46.9,39.8,1.98,4.34,63.646,68.3669659183571,31.6330340816429,2049000.0,1070000.0,1762000000.0,15.3601464458292,1007000000.0,277000000.0,Nairobi,0.25,1.56,0.62,0.47,1.18,1.66,kenya
16566,7,18.0,23.0,13.3,africa,"Bustling streets filled with colorful markets, the aroma of street food, and a lively mix of cultures create a dynamic urban experience.",-1.30261485,36.82884201813725,39.509464216411,76.2,95.2681371231706,12.2256557459122,35.0,1942.58802756191,64.7820788557808,0.289,84.958992,46.9,39.8,1.98,4.34,63.646,68.3669659183571,31.6330340816429,2049000.0,1070000.0,1762000000.0,15.3601464458292,1007000000.0,277000000.0,Nairobi,0.25,1.56,0.62,0.47,1.18,1.66,kenya
16588,8,18.3,23.9,13.4,africa,"Bustling streets filled with colorful markets, the aroma of street food, and a lively mix of cultures create a dynamic urban experience.",-1.30261485,36.82884201813725,39.509464216411,76.2,95.2681371231706,12.2256557459122,35.0,1942.58802756191,64.7820788557808,0.289,84.958992,46.9,39.8,1.98,4.34,63.646,68.3669659183571,31.6330340816429,2049000.0,1070000.0,1762000000.0,15.3601464458292,1007000000.0,277000000.0,Nairobi,0.25,1.56,0.62,0.47,1.18,1.66,kenya
16610,9,19.4,25.6,14.2,africa,"Bustling streets filled with colorful markets, the aroma of street food, and a lively mix of cultures create a dynamic urban experience.",-1.30261485,36.82884201813725,39.509464216411,76.2,95.2681371231706,12.2256557459122,35.0,1942.58802756191,64.7820788557808,0.289,84.958992,46.9,39.8,1.98,4.34,63.646,68.3669659183571,31.6330340816429,2049000.0,1070000.0,1762000000.0,15.3601464458292,1007000000.0,277000000.0,Nairobi,0.25,1.56,0.62,0.47,1.18,1.66,kenya
16632,1,6.4,9.5,3.4,europe,"A city where historic charm meets modern creativity, with cobblestone streets, vibrant art scenes, and the gentle flow of the Loire River.",47.2186371,-1.5541362,19.0414647963516,100.0,126.862020595603,22.927852668258,86.8364,44700.1384177544,100.0,3.281,5149.0546875,0.1,15.6,34.41,66.8,82.9292682926829,21.2195676873453,78.7804323126547,117109000.0,21287000.0,35958000000.0,4.80404188740469,32646000000.0,31193000000.0,Nantes,0.95,0.59,0.71,0.38,0.53,1.35,france
16654,10,13.8,18.5,9.9,europe,"A city where historic charm meets modern creativity, with cobblestone streets, vibrant art scenes, and the gentle flow of the Loire River.",47.2186371,-1.5541362,19.0414647963516,100.0,126.862020595603,22.927852668258,86.8364,44700.1384177544,100.0,3.281,5149.0546875,0.1,15.6,34.41,66.8,82.9292682926829,21.2195676873453,78.7804323126547,117109000.0,21287000.0,35958000000.0,4.80404188740469,32646000000.0,31193000000.0,Nantes,0.95,0.59,0.71,0.38,0.53,1.35,france
16676,11,9.5,13.5,6.2,europe,"A city where historic charm meets modern creativity, with cobblestone streets, vibrant art scenes, and the gentle flow of the Loire River.",47.2186371,-1.5541362,19.0414647963516,100.0,126.862020595603,22.927852668258,86.8364,44700.1384177544,100.0,3.281,5149.0546875,0.1,15.6,34.41,66.8,82.9292682926829,21.2195676873453,78.7804323126547,117109000.0,21287000.0,35958000000.0,4.80404188740469,32646000000.0,31193000000.0,Nantes,0.95,0.59,0.71,0.38,0.53,1.35,france
16698,12,7.7,10.8,4.9,europe,"A city where historic charm meets modern creativity, with cobblestone streets, vibrant art scenes, and the gentle flow of the Loire River.",47.2186371,-1.5541362,19.0414647963516,100.0,126.862020595603,22.927852668258,86.8364,44700.1384177544,100.0,3.281,5149.0546875,0.1,15.6,34.41,66.8,82.9292682926829,21.2195676873453,78.7804323126547,117109000.0,21287000.0,35958000000.0,4.80404188740469,32646000000.0,31193000000.0,Nantes,0.95,0.59,0.71,0.38,0.53,1.35,france
16720,2,7.4,11.4,4.0,europe,"A city where historic charm meets modern creativity, with cobblestone streets, vibrant art scenes, and the gentle flow of the Loire River.",47.2186371,-1.5541362,19.0414647963516,100.0,126.862020595603,22.927852668258,86.8364,44700.1384177544,100.0,3.281,5149.0546875,0.1,15.6,34.41,66.8,82.9292682926829,21.2195676873453,78.7804323126547,117109000.0,21287000.0,35958000000.0,4.80404188740469,32646000000.0,31193000000.0,Nantes,0.95,0.59,0.71,0.38,0.53,1.35,france
16742,3,9.3,13.9,5.4,europe,"A city where historic charm meets modern creativity, with cobblestone streets, vibrant art scenes, and the gentle flow of the Loire River.",47.2186371,-1.5541362,19.0414647963516,100.0,126.862020595603,22.927852668258,86.8364,44700.1384177544,100.0,3.281,5149.0546875,0.1,15.6,34.41,66.8,82.9292682926829,21.2195676873453,78.7804323126547,117109000.0,21287000.0,35958000000.0,4.80404188740469,32646000000.0,31193000000.0,Nantes,0.95,0.59,0.71,0.38,0.53,1.35,france
16764,4,11.9,17.2,6.8,europe,"A city where historic charm meets modern creativity, with cobblestone streets, vibrant art scenes, and the gentle flow of the Loire River.",47.2186371,-1.5541362,19.0414647963516,100.0,126.862020595603,22.927852668258,86.8364,44700.1384177544,100.0,3.281,5149.0546875,0.1,15.6,34.41,66.8,82.9292682926829,21.2195676873453,78.7804323126547,117109000.0,21287000.0,35958000000.0,4.80404188740469,32646000000.0,31193000000.0,Nantes,0.95,0.59,0.71,0.38,0.53,1.35,france
16786,5,15.1,20.5,10.1,europe,"A city where historic charm meets modern creativity, with cobblestone streets, vibrant art scenes, and the gentle flow of the Loire River.",47.2186371,-1.5541362,19.0414647963516,100.0,126.862020595603,22.927852668258,86.8364,44700.1384177544,100.0,3.281,5149.0546875,0.1,15.6,34.41,66.8,82.9292682926829,21.2195676873453,78.7804323126547,117109000.0,21287000.0,35958000000.0,4.80404188740469,32646000000.0,31193000000.0,Nantes,0.95,0.59,0.71,0.38,0.53,1.35,france
16808,6,18.6,24.2,13.6,europe,"A city where historic charm meets modern creativity, with cobblestone streets, vibrant art scenes, and the gentle flow of the Loire River.",47.2186371,-1.5541362,19.0414647963516,100.0,126.862020595603,22.927852668258,86.8364,44700.1384177544,100.0,3.281,5149.0546875,0.1,15.6,34.41,66.8,82.9292682926829,21.2195676873453,78.7804323126547,117109000.0,21287000.0,35958000000.0,4.80404188740469,32646000000.0,31193000000.0,Nantes,0.95,0.59,0.71,0.38,0.53,1.35,france
16830,7,20.2,26.1,14.8,europe,"A city where historic charm meets modern creativity, with cobblestone streets, vibrant art scenes, and the gentle flow of the Loire River.",47.2186371,-1.5541362,19.0414647963516,100.0,126.862020595603,22.927852668258,86.8364,44700.1384177544,100.0,3.281,5149.0546875,0.1,15.6,34.41,66.8,82.9292682926829,21.2195676873453,78.7804323126547,117109000.0,21287000.0,35958000000.0,4.80404188740469,32646000000.0,31193000000.0,Nantes,0.95,0.59,0.71,0.38,0.53,1.35,france
16852,8,19.9,26.1,14.7,europe,"A city where historic charm meets modern creativity, with cobblestone streets, vibrant art scenes, and the gentle flow of the Loire River.",47.2186371,-1.5541362,19.0414647963516,100.0,126.862020595603,22.927852668258,86.8364,44700.1384177544,100.0,3.281,5149.0546875,0.1,15.6,34.41,66.8,82.9292682926829,21.2195676873453,78.7804323126547,117109000.0,21287000.0,35958000000.0,4.80404188740469,32646000000.0,31193000000.0,Nantes,0.95,0.59,0.71,0.38,0.53,1.35,france
16874,9,17.3,23.2,12.5,europe,"A city where historic charm meets modern creativity, with cobblestone streets, vibrant art scenes, and the gentle flow of the Loire River.",47.2186371,-1.5541362,19.0414647963516,100.0,126.862020595603,22.927852668258,86.8364,44700.1384177544,100.0,3.281,5149.0546875,0.1,15.6,34.41,66.8,82.9292682926829,21.2195676873453,78.7804323126547,117109000.0,21287000.0,35958000000.0,4.80404188740469,32646000000.0,31193000000.0,Nantes,0.95,0.59,0.71,0.38,0.53,1.35,france
16896,1,-2.9,0.3,-6.3,north_america,"Roaring waters cascade with breathtaking power, mist hangs in the air, and the vibrant energy of nature leaves you in awe.",43.1065603,-79.0639039,29.408234935715,100.0,4.56079784268436,44.8021259828612,93.9564,54220.3285039875,98.2905039744417,2.819,6186.65234375,0.2,22.95,40.8,77.73,81.6465853658537,17.4749435591654,82.5250564408346,32430000.0,37845898.4375,19994000000.0,3.65670128143171,11256000000.0,41247000000.0,Niagara Falls,0.13,0.14,0.04,0.11,0.05,0.36,canada
16918,10,11.9,16.3,7.6,north_america,"Roaring waters cascade with breathtaking power, mist hangs in the air, and the vibrant energy of nature leaves you in awe.",43.1065603,-79.0639039,29.408234935715,100.0,4.56079784268436,44.8021259828612,93.9564,54220.3285039875,98.2905039744417,2.819,6186.65234375,0.2,22.95,40.8,77.73,81.6465853658537,17.4749435591654,82.5250564408346,32430000.0,37845898.4375,19994000000.0,3.65670128143171,11256000000.0,41247000000.0,Niagara Falls,0.13,0.14,0.04,0.11,0.05,0.36,canada
16940,11,5.4,9.1,1.4,north_america,"Roaring waters cascade with breathtaking power, mist hangs in the air, and the vibrant energy of nature leaves you in awe.",43.1065603,-79.0639039,29.408234935715,100.0,4.56079784268436,44.8021259828612,93.9564,54220.3285039875,98.2905039744417,2.819,6186.65234375,0.2,22.95,40.8,77.73,81.6465853658537,17.4749435591654,82.5250564408346,32430000.0,37845898.4375,19994000000.0,3.65670128143171,11256000000.0,41247000000.0,Niagara Falls,0.13,0.14,0.04,0.11,0.05,0.36,canada
16962,12,1.6,4.5,-1.4,north_america,"Roaring waters cascade with breathtaking power, mist hangs in the air, and the vibrant energy of nature leaves you in awe.",43.1065603,-79.0639039,29.408234935715,100.0,4.56079784268436,44.8021259828612,93.9564,54220.3285039875,98.2905039744417,2.819,6186.65234375,0.2,22.95,40.8,77.73,81.6465853658537,17.4749435591654,82.5250564408346,32430000.0,37845898.4375,19994000000.0,3.65670128143171,11256000000.0,41247000000.0,Niagara Falls,0.13,0.14,0.04,0.11,0.05,0.36,canada
16984,2,-2.3,1.4,-6.4,north_america,"Roaring waters cascade with breathtaking power, mist hangs in the air, and the vibrant energy of nature leaves you in awe.",43.1065603,-79.0639039,29.408234935715,100.0,4.56079784268436,44.8021259828612,93.9564,54220.3285039875,98.2905039744417,2.819,6186.65234375,0.2,22.95,40.8,77.73,81.6465853658537,17.4749435591654,82.5250564408346,32430000.0,37845898.4375,19994000000.0,3.65670128143171,11256000000.0,41247000000.0,Niagara Falls,0.13,0.14,0.04,0.11,0.05,0.36,canada
17006,3,2.1,7.1,-3.0,north_america,"Roaring waters cascade with breathtaking power, mist hangs in the air, and the vibrant energy of nature leaves you in awe.",43.1065603,-79.0639039,29.408234935715,100.0,4.56079784268436,44.8021259828612,93.9564,54220.3285039875,98.2905039744417,2.819,6186.65234375,0.2,22.95,40.8,77.73,81.6465853658537,17.4749435591654,82.5250564408346,32430000.0,37845898.4375,19994000000.0,3.65670128143171,11256000000.0,41247000000.0,Niagara Falls,0.13,0.14,0.04,0.11,0.05,0.36,canada
17028,4,7.7,12.7,2.9,north_america,"Roaring waters cascade with breathtaking power, mist hangs in the air, and the vibrant energy of nature leaves you in awe.",43.1065603,-79.0639039,29.408234935715,100.0,4.56079784268436,44.8021259828612,93.9564,54220.3285039875,98.2905039744417,2.819,6186.65234375,0.2,22.95,40.8,77.73,81.6465853658537,17.4749435591654,82.5250564408346,32430000.0,37845898.4375,19994000000.0,3.65670128143171,11256000000.0,41247000000.0,Niagara Falls,0.13,0.14,0.04,0.11,0.05,0.36,canada
17050,5,15.3,20.9,9.7,north_america,"Roaring waters cascade with breathtaking power, mist hangs in the air, and the vibrant energy of nature leaves you in awe.",43.1065603,-79.0639039,29.408234935715,100.0,4.56079784268436,44.8021259828612,93.9564,54220.3285039875,98.2905039744417,2.819,6186.65234375,0.2,22.95,40.8,77.73,81.6465853658537,17.4749435591654,82.5250564408346,32430000.0,37845898.4375,19994000000.0,3.65670128143171,11256000000.0,41247000000.0,Niagara Falls,0.13,0.14,0.04,0.11,0.05,0.36,canada
17072,6,20.1,25.1,14.9,north_america,"Roaring waters cascade with breathtaking power, mist hangs in the air, and the vibrant energy of nature leaves you in awe.",43.1065603,-79.0639039,29.408234935715,100.0,4.56079784268436,44.8021259828612,93.9564,54220.3285039875,98.2905039744417,2.819,6186.65234375,0.2,22.95,40.8,77.73,81.6465853658537,17.4749435591654,82.5250564408346,32430000.0,37845898.4375,19994000000.0,3.65670128143171,11256000000.0,41247000000.0,Niagara Falls,0.13,0.14,0.04,0.11,0.05,0.36,canada
17094,7,23.3,28.2,18.3,north_america,"Roaring waters cascade with breathtaking power, mist hangs in the air, and the vibrant energy of nature leaves you in awe.",43.1065603,-79.0639039,29.408234935715,100.0,4.56079784268436,44.8021259828612,93.9564,54220.3285039875,98.2905039744417,2.819,6186.65234375,0.2,22.95,40.8,77.73,81.6465853658537,17.4749435591654,82.5250564408346,32430000.0,37845898.4375,19994000000.0,3.65670128143171,11256000000.0,41247000000.0,Niagara Falls,0.13,0.14,0.04,0.11,0.05,0.36,canada
17116,8,21.9,26.7,17.2,north_america,"Roaring waters cascade with breathtaking power, mist hangs in the air, and the vibrant energy of nature leaves you in awe.",43.1065603,-79.0639039,29.408234935715,100.0,4.56079784268436,44.8021259828612,93.9564,54220.3285039875,98.2905039744417,2.819,6186.65234375,0.2,22.95,40.8,77.73,81.6465853658537,17.4749435591654,82.5250564408346,32430000.0,37845898.4375,19994000000.0,3.65670128143171,11256000000.0,41247000000.0,Niagara Falls,0.13,0.14,0.04,0.11,0.05,0.36,canada
17138,9,18.5,23.5,13.7,north_america,"Roaring waters cascade with breathtaking power, mist hangs in the air, and the vibrant energy of nature leaves you in awe.",43.1065603,-79.0639039,29.408234935715,100.0,4.56079784268436,44.8021259828612,93.9564,54220.3285039875,98.2905039744417,2.819,6186.65234375,0.2,22.95,40.8,77.73,81.6465853658537,17.4749435591654,82.5250564408346,32430000.0,37845898.4375,19994000000.0,3.65670128143171,11256000000.0,41247000000.0,Niagara Falls,0.13,0.14,0.04,0.11,0.05,0.36,canada
17160,1,15.0,19.6,11.2,asia,"Mist-covered hills and lush tea plantations create a cool, serene atmosphere, perfect for unwinding and soaking in nature's beauty.",7.012402,80.7571612,38.180356791846,100.0,356.239896540576,19.5003943309627,51.2,3798.89016573011,90.1950284141998,1.136,134.23654175,2.7,14.3,4.9,10.58,77.483,79.8544651557537,20.1455348442463,540000.0,305000.0,1076000000.0,8.22453929535838,682000000.0,803000000.0,Nuwara Eliya,0.08,0.42,0.03,0.05,0.03,0.35,sri lanka
17182,10,16.1,19.9,13.0,asia,"Mist-covered hills and lush tea plantations create a cool, serene atmosphere, perfect for unwinding and soaking in nature's beauty.",7.012402,80.7571612,38.180356791846,100.0,356.239896540576,19.5003943309627,51.2,3798.89016573011,90.1950284141998,1.136,134.23654175,2.7,14.3,4.9,10.58,77.483,79.8544651557537,20.1455348442463,540000.0,305000.0,1076000000.0,8.22453929535838,682000000.0,803000000.0,Nuwara Eliya,0.08,0.42,0.03,0.05,0.03,0.35,sri lanka
17204,11,16.1,19.9,12.8,asia,"Mist-covered hills and lush tea plantations create a cool, serene atmosphere, perfect for unwinding and soaking in nature's beauty.",7.012402,80.7571612,38.180356791846,100.0,356.239896540576,19.5003943309627,51.2,3798.89016573011,90.1950284141998,1.136,134.23654175,2.7,14.3,4.9,10.58,77.483,79.8544651557537,20.1455348442463,540000.0,305000.0,1076000000.0,8.22453929535838,682000000.0,803000000.0,Nuwara Eliya,0.08,0.42,0.03,0.05,0.03,0.35,sri lanka
17226,12,15.5,19.6,11.9,asia,"Mist-covered hills and lush tea plantations create a cool, serene atmosphere, perfect for unwinding and soaking in nature's beauty.",7.012402,80.7571612,38.180356791846,100.0,356.239896540576,19.5003943309627,51.2,3798.89016573011,90.1950284141998,1.136,134.23654175,2.7,14.3,4.9,10.58,77.483,79.8544651557537,20.1455348442463,540000.0,305000.0,1076000000.0,8.22453929535838,682000000.0,803000000.0,Nuwara Eliya,0.08,0.42,0.03,0.05,0.03,0.35,sri lanka
17248,2,15.4,20.3,10.7,asia,"Mist-covered hills and lush tea plantations create a cool, serene atmosphere, perfect for unwinding and soaking in nature's beauty.",7.012402,80.7571612,38.180356791846,100.0,356.239896540576,19.5003943309627,51.2,3798.89016573011,90.1950284141998,1.136,134.23654175,2.7,14.3,4.9,10.58,77.483,79.8544651557537,20.1455348442463,540000.0,305000.0,1076000000.0,8.22453929535838,682000000.0,803000000.0,Nuwara Eliya,0.08,0.42,0.03,0.05,0.03,0.35,sri lanka
17270,3,16.4,21.7,11.5,asia,"Mist-covered hills and lush tea plantations create a cool, serene atmosphere, perfect for unwinding and soaking in nature's beauty.",7.012402,80.7571612,38.180356791846,100.0,356.239896540576,19.5003943309627,51.2,3798.89016573011,90.1950284141998,1.136,134.23654175,2.7,14.3,4.9,10.58,77.483,79.8544651557537,20.1455348442463,540000.0,305000.0,1076000000.0,8.22453929535838,682000000.0,803000000.0,Nuwara Eliya,0.08,0.42,0.03,0.05,0.03,0.35,sri lanka
17292,4,17.0,22.4,12.2,asia,"Mist-covered hills and lush tea plantations create a cool, serene atmosphere, perfect for unwinding and soaking in nature's beauty.",7.012402,80.7571612,38.180356791846,100.0,356.239896540576,19.5003943309627,51.2,3798.89016573011,90.1950284141998,1.136,134.23654175,2.7,14.3,4.9,10.58,77.483,79.8544651557537,20.1455348442463,540000.0,305000.0,1076000000.0,8.22453929535838,682000000.0,803000000.0,Nuwara Eliya,0.08,0.42,0.03,0.05,0.03,0.35,sri lanka
17314,5,17.4,21.7,13.7,asia,"Mist-covered hills and lush tea plantations create a cool, serene atmosphere, perfect for unwinding and soaking in nature's beauty.",7.012402,80.7571612,38.180356791846,100.0,356.239896540576,19.5003943309627,51.2,3798.89016573011,90.1950284141998,1.136,134.23654175,2.7,14.3,4.9,10.58,77.483,79.8544651557537,20.1455348442463,540000.0,305000.0,1076000000.0,8.22453929535838,682000000.0,803000000.0,Nuwara Eliya,0.08,0.42,0.03,0.05,0.03,0.35,sri lanka
17336,6,17.0,20.5,14.1,asia,"Mist-covered hills and lush tea plantations create a cool, serene atmosphere, perfect for unwinding and soaking in nature's beauty.",7.012402,80.7571612,38.180356791846,100.0,356.239896540576,19.5003943309627,51.2,3798.89016573011,90.1950284141998,1.136,134.23654175,2.7,14.3,4.9,10.58,77.483,79.8544651557537,20.1455348442463,540000.0,305000.0,1076000000.0,8.22453929535838,682000000.0,803000000.0,Nuwara Eliya,0.08,0.42,0.03,0.05,0.03,0.35,sri lanka
17358,7,16.4,19.8,13.8,asia,"Mist-covered hills and lush tea plantations create a cool, serene atmosphere, perfect for unwinding and soaking in nature's beauty.",7.012402,80.7571612,38.180356791846,100.0,356.239896540576,19.5003943309627,51.2,3798.89016573011,90.1950284141998,1.136,134.23654175,2.7,14.3,4.9,10.58,77.483,79.8544651557537,20.1455348442463,540000.0,305000.0,1076000000.0,8.22453929535838,682000000.0,803000000.0,Nuwara Eliya,0.08,0.42,0.03,0.05,0.03,0.35,sri lanka
17380,8,16.2,20.0,13.4,asia,"Mist-covered hills and lush tea plantations create a cool, serene atmosphere, perfect for unwinding and soaking in nature's beauty.",7.012402,80.7571612,38.180356791846,100.0,356.239896540576,19.5003943309627,51.2,3798.89016573011,90.1950284141998,1.136,134.23654175,2.7,14.3,4.9,10.58,77.483,79.8544651557537,20.1455348442463,540000.0,305000.0,1076000000.0,8.22453929535838,682000000.0,803000000.0,Nuwara Eliya,0.08,0.42,0.03,0.05,0.03,0.35,sri lanka
17402,9,16.1,19.2,13.5,asia,"Mist-covered hills and lush tea plantations create a cool, serene atmosphere, perfect for unwinding and soaking in nature's beauty.",7.012402,80.7571612,38.180356791846,100.0,356.239896540576,19.5003943309627,51.2,3798.89016573011,90.1950284141998,1.136,134.23654175,2.7,14.3,4.9,10.58,77.483,79.8544651557537,20.1455348442463,540000.0,305000.0,1076000000.0,8.22453929535838,682000000.0,803000000.0,Nuwara Eliya,0.08,0.42,0.03,0.05,0.03,0.35,sri lanka
17424,1,0.6,3.8,-2.2,europe,"Charming cobblestone streets, lively markets, and the gentle sea breeze create a relaxed yet vibrant atmosphere perfect for unwinding and exploring.",46.4843023,30.7322878,5.16202867124443,100.0,65.1239834311357,14.431878377761,82.3755,5139.59814453125,93.517329658926,3.531,369.90487671,0.0,23.2,9.46,15.57,73.422,30.5245544972394,69.4754455027606,3382000.0,11251000.0,687000000.0,1.1316652115901,374000000.0,4823000000.0,Odessa,0.19,0.68,0.49,0.34,0.29,0.69,ukraine
17446,10,12.9,16.7,9.2,europe,"Charming cobblestone streets, lively markets, and the gentle sea breeze create a relaxed yet vibrant atmosphere perfect for unwinding and exploring.",46.4843023,30.7322878,5.16202867124443,100.0,65.1239834311357,14.431878377761,82.3755,5139.59814453125,93.517329658926,3.531,369.90487671,0.0,23.2,9.46,15.57,73.422,30.5245544972394,69.4754455027606,3382000.0,11251000.0,687000000.0,1.1316652115901,374000000.0,4823000000.0,Odessa,0.19,0.68,0.49,0.34,0.29,0.69,ukraine
17468,11,7.0,10.0,4.2,europe,"Charming cobblestone streets, lively markets, and the gentle sea breeze create a relaxed yet vibrant atmosphere perfect for unwinding and exploring.",46.4843023,30.7322878,5.16202867124443,100.0,65.1239834311357,14.431878377761,82.3755,5139.59814453125,93.517329658926,3.531,369.90487671,0.0,23.2,9.46,15.57,73.422,30.5245544972394,69.4754455027606,3382000.0,11251000.0,687000000.0,1.1316652115901,374000000.0,4823000000.0,Odessa,0.19,0.68,0.49,0.34,0.29,0.69,ukraine
17490,12,3.1,5.7,0.6,europe,"Charming cobblestone streets, lively markets, and the gentle sea breeze create a relaxed yet vibrant atmosphere perfect for unwinding and exploring.",46.4843023,30.7322878,5.16202867124443,100.0,65.1239834311357,14.431878377761,82.3755,5139.59814453125,93.517329658926,3.531,369.90487671,0.0,23.2,9.46,15.57,73.422,30.5245544972394,69.4754455027606,3382000.0,11251000.0,687000000.0,1.1316652115901,374000000.0,4823000000.0,Odessa,0.19,0.68,0.49,0.34,0.29,0.69,ukraine
17512,2,2.3,5.5,-0.8,europe,"Charming cobblestone streets, lively markets, and the gentle sea breeze create a relaxed yet vibrant atmosphere perfect for unwinding and exploring.",46.4843023,30.7322878,5.16202867124443,100.0,65.1239834311357,14.431878377761,82.3755,5139.59814453125,93.517329658926,3.531,369.90487671,0.0,23.2,9.46,15.57,73.422,30.5245544972394,69.4754455027606,3382000.0,11251000.0,687000000.0,1.1316652115901,374000000.0,4823000000.0,Odessa,0.19,0.68,0.49,0.34,0.29,0.69,ukraine
17534,3,5.6,9.3,2.3,europe,"Charming cobblestone streets, lively markets, and the gentle sea breeze create a relaxed yet vibrant atmosphere perfect for unwinding and exploring.",46.4843023,30.7322878,5.16202867124443,100.0,65.1239834311357,14.431878377761,82.3755,5139.59814453125,93.517329658926,3.531,369.90487671,0.0,23.2,9.46,15.57,73.422,30.5245544972394,69.4754455027606,3382000.0,11251000.0,687000000.0,1.1316652115901,374000000.0,4823000000.0,Odessa,0.19,0.68,0.49,0.34,0.29,0.69,ukraine
17556,4,10.6,14.2,6.8,europe,"Charming cobblestone streets, lively markets, and the gentle sea breeze create a relaxed yet vibrant atmosphere perfect for unwinding and exploring.",46.4843023,30.7322878,5.16202867124443,100.0,65.1239834311357,14.431878377761,82.3755,5139.59814453125,93.517329658926,3.531,369.90487671,0.0,23.2,9.46,15.57,73.422,30.5245544972394,69.4754455027606,3382000.0,11251000.0,687000000.0,1.1316652115901,374000000.0,4823000000.0,Odessa,0.19,0.68,0.49,0.34,0.29,0.69,ukraine
17578,5,16.1,20.0,11.9,europe,"Charming cobblestone streets, lively markets, and the gentle sea breeze create a relaxed yet vibrant atmosphere perfect for unwinding and exploring.",46.4843023,30.7322878,5.16202867124443,100.0,65.1239834311357,14.431878377761,82.3755,5139.59814453125,93.517329658926,3.531,369.90487671,0.0,23.2,9.46,15.57,73.422,30.5245544972394,69.4754455027606,3382000.0,11251000.0,687000000.0,1.1316652115901,374000000.0,4823000000.0,Odessa,0.19,0.68,0.49,0.34,0.29,0.69,ukraine
17600,6,22.0,26.7,17.6,europe,"Charming cobblestone streets, lively markets, and the gentle sea breeze create a relaxed yet vibrant atmosphere perfect for unwinding and exploring.",46.4843023,30.7322878,5.16202867124443,100.0,65.1239834311357,14.431878377761,82.3755,5139.59814453125,93.517329658926,3.531,369.90487671,0.0,23.2,9.46,15.57,73.422,30.5245544972394,69.4754455027606,3382000.0,11251000.0,687000000.0,1.1316652115901,374000000.0,4823000000.0,Odessa,0.19,0.68,0.49,0.34,0.29,0.69,ukraine
17622,7,24.2,29.4,19.5,europe,"Charming cobblestone streets, lively markets, and the gentle sea breeze create a relaxed yet vibrant atmosphere perfect for unwinding and exploring.",46.4843023,30.7322878,5.16202867124443,100.0,65.1239834311357,14.431878377761,82.3755,5139.59814453125,93.517329658926,3.531,369.90487671,0.0,23.2,9.46,15.57,73.422,30.5245544972394,69.4754455027606,3382000.0,11251000.0,687000000.0,1.1316652115901,374000000.0,4823000000.0,Odessa,0.19,0.68,0.49,0.34,0.29,0.69,ukraine
17644,8,24.5,29.5,19.6,europe,"Charming cobblestone streets, lively markets, and the gentle sea breeze create a relaxed yet vibrant atmosphere perfect for unwinding and exploring.",46.4843023,30.7322878,5.16202867124443,100.0,65.1239834311357,14.431878377761,82.3755,5139.59814453125,93.517329658926,3.531,369.90487671,0.0,23.2,9.46,15.57,73.422,30.5245544972394,69.4754455027606,3382000.0,11251000.0,687000000.0,1.1316652115901,374000000.0,4823000000.0,Odessa,0.19,0.68,0.49,0.34,0.29,0.69,ukraine
17666,9,19.3,23.9,14.9,europe,"Charming cobblestone streets, lively markets, and the gentle sea breeze create a relaxed yet vibrant atmosphere perfect for unwinding and exploring.",46.4843023,30.7322878,5.16202867124443,100.0,65.1239834311357,14.431878377761,82.3755,5139.59814453125,93.517329658926,3.531,369.90487671,0.0,23.2,9.46,15.57,73.422,30.5245544972394,69.4754455027606,3382000.0,11251000.0,687000000.0,1.1316652115901,374000000.0,4823000000.0,Odessa,0.19,0.68,0.49,0.34,0.29,0.69,ukraine
17688,1,-8.6,-4.3,-13.1,north_america,"Charming streets lined with historic architecture meet lush green parks, offering a peaceful yet vibrant atmosphere perfect for leisurely exploration.",45.4208777,-75.6901106,29.408234935715,100.0,4.56079784268436,44.8021259828612,93.9564,54220.3285039875,98.2905039744417,2.819,6186.65234375,0.2,22.95,40.8,77.73,81.6465853658537,17.4749435591654,82.5250564408346,32430000.0,37845898.4375,19994000000.0,3.65670128143171,11256000000.0,41247000000.0,Ottawa,2.07,0.9,0.61,0.92,0.4,4.06,canada
17710,10,9.4,14.2,4.3,north_america,"Charming streets lined with historic architecture meet lush green parks, offering a peaceful yet vibrant atmosphere perfect for leisurely exploration.",45.4208777,-75.6901106,29.408234935715,100.0,4.56079784268436,44.8021259828612,93.9564,54220.3285039875,98.2905039744417,2.819,6186.65234375,0.2,22.95,40.8,77.73,81.6465853658537,17.4749435591654,82.5250564408346,32430000.0,37845898.4375,19994000000.0,3.65670128143171,11256000000.0,41247000000.0,Ottawa,2.07,0.9,0.61,0.92,0.4,4.06,canada
17732,11,1.9,6.1,-2.3,north_america,"Charming streets lined with historic architecture meet lush green parks, offering a peaceful yet vibrant atmosphere perfect for leisurely exploration.",45.4208777,-75.6901106,29.408234935715,100.0,4.56079784268436,44.8021259828612,93.9564,54220.3285039875,98.2905039744417,2.819,6186.65234375,0.2,22.95,40.8,77.73,81.6465853658537,17.4749435591654,82.5250564408346,32430000.0,37845898.4375,19994000000.0,3.65670128143171,11256000000.0,41247000000.0,Ottawa,2.07,0.9,0.61,0.92,0.4,4.06,canada
17754,12,-4.0,-0.4,-7.5,north_america,"Charming streets lined with historic architecture meet lush green parks, offering a peaceful yet vibrant atmosphere perfect for leisurely exploration.",45.4208777,-75.6901106,29.408234935715,100.0,4.56079784268436,44.8021259828612,93.9564,54220.3285039875,98.2905039744417,2.819,6186.65234375,0.2,22.95,40.8,77.73,81.6465853658537,17.4749435591654,82.5250564408346,32430000.0,37845898.4375,19994000000.0,3.65670128143171,11256000000.0,41247000000.0,Ottawa,2.07,0.9,0.61,0.92,0.4,4.06,canada
17776,2,-8.0,-2.9,-13.3,north_america,"Charming streets lined with historic architecture meet lush green parks, offering a peaceful yet vibrant atmosphere perfect for leisurely exploration.",45.4208777,-75.6901106,29.408234935715,100.0,4.56079784268436,44.8021259828612,93.9564,54220.3285039875,98.2905039744417,2.819,6186.65234375,0.2,22.95,40.8,77.73,81.6465853658537,17.4749435591654,82.5250564408346,32430000.0,37845898.4375,19994000000.0,3.65670128143171,11256000000.0,41247000000.0,Ottawa,2.07,0.9,0.61,0.92,0.4,4.06,canada
17798,3,-1.8,2.8,-6.6,north_america,"Charming streets lined with historic architecture meet lush green parks, offering a peaceful yet vibrant atmosphere perfect for leisurely exploration.",45.4208777,-75.6901106,29.408234935715,100.0,4.56079784268436,44.8021259828612,93.9564,54220.3285039875,98.2905039744417,2.819,6186.65234375,0.2,22.95,40.8,77.73,81.6465853658537,17.4749435591654,82.5250564408346,32430000.0,37845898.4375,19994000000.0,3.65670128143171,11256000000.0,41247000000.0,Ottawa,2.07,0.9,0.61,0.92,0.4,4.06,canada
17820,4,6.0,11.2,0.8,north_america,"Charming streets lined with historic architecture meet lush green parks, offering a peaceful yet vibrant atmosphere perfect for leisurely exploration.",45.4208777,-75.6901106,29.408234935715,100.0,4.56079784268436,44.8021259828612,93.9564,54220.3285039875,98.2905039744417,2.819,6186.65234375,0.2,22.95,40.8,77.73,81.6465853658537,17.4749435591654,82.5250564408346,32430000.0,37845898.4375,19994000000.0,3.65670128143171,11256000000.0,41247000000.0,Ottawa,2.07,0.9,0.61,0.92,0.4,4.06,canada
17842,5,14.0,20.1,8.2,north_america,"Charming streets lined with historic architecture meet lush green parks, offering a peaceful yet vibrant atmosphere perfect for leisurely exploration.",45.4208777,-75.6901106,29.408234935715,100.0,4.56079784268436,44.8021259828612,93.9564,54220.3285039875,98.2905039744417,2.819,6186.65234375,0.2,22.95,40.8,77.73,81.6465853658537,17.4749435591654,82.5250564408346,32430000.0,37845898.4375,19994000000.0,3.65670128143171,11256000000.0,41247000000.0,Ottawa,2.07,0.9,0.61,0.92,0.4,4.06,canada
17864,6,18.7,24.2,13.1,north_america,"Charming streets lined with historic architecture meet lush green parks, offering a peaceful yet vibrant atmosphere perfect for leisurely exploration.",45.4208777,-75.6901106,29.408234935715,100.0,4.56079784268436,44.8021259828612,93.9564,54220.3285039875,98.2905039744417,2.819,6186.65234375,0.2,22.95,40.8,77.73,81.6465853658537,17.4749435591654,82.5250564408346,32430000.0,37845898.4375,19994000000.0,3.65670128143171,11256000000.0,41247000000.0,Ottawa,2.07,0.9,0.61,0.92,0.4,4.06,canada
17886,7,21.8,27.5,16.0,north_america,"Charming streets lined with historic architecture meet lush green parks, offering a peaceful yet vibrant atmosphere perfect for leisurely exploration.",45.4208777,-75.6901106,29.408234935715,100.0,4.56079784268436,44.8021259828612,93.9564,54220.3285039875,98.2905039744417,2.819,6186.65234375,0.2,22.95,40.8,77.73,81.6465853658537,17.4749435591654,82.5250564408346,32430000.0,37845898.4375,19994000000.0,3.65670128143171,11256000000.0,41247000000.0,Ottawa,2.07,0.9,0.61,0.92,0.4,4.06,canada
17908,8,20.4,25.7,14.8,north_america,"Charming streets lined with historic architecture meet lush green parks, offering a peaceful yet vibrant atmosphere perfect for leisurely exploration.",45.4208777,-75.6901106,29.408234935715,100.0,4.56079784268436,44.8021259828612,93.9564,54220.3285039875,98.2905039744417,2.819,6186.65234375,0.2,22.95,40.8,77.73,81.6465853658537,17.4749435591654,82.5250564408346,32430000.0,37845898.4375,19994000000.0,3.65670128143171,11256000000.0,41247000000.0,Ottawa,2.07,0.9,0.61,0.92,0.4,4.06,canada
17930,9,16.4,22.2,10.6,north_america,"Charming streets lined with historic architecture meet lush green parks, offering a peaceful yet vibrant atmosphere perfect for leisurely exploration.",45.4208777,-75.6901106,29.408234935715,100.0,4.56079784268436,44.8021259828612,93.9564,54220.3285039875,98.2905039744417,2.819,6186.65234375,0.2,22.95,40.8,77.73,81.6465853658537,17.4749435591654,82.5250564408346,32430000.0,37845898.4375,19994000000.0,3.65670128143171,11256000000.0,41247000000.0,Ottawa,2.07,0.9,0.61,0.92,0.4,4.06,canada
17952,1,26.9,28.0,26.2,asia,"Crystal-clear waters, lush green landscapes, and vibrant marine life create a serene escape where relaxation and adventure blend seamlessly.",11.0798978,120.93734215474105,18.8662543546901,98.0,385.321122178623,14.4628040656099,83.7661,3804.08274131097,95.465506033898,0.792,194.05484009,5.3,15.5,4.37,9.93,69.833,44.8757283831149,55.1242716168851,1483000.0,1483000.0,2769000000.0,3.45979194990587,2010000000.0,4872000000.0,Palawan,0.64,0.67,0.08,0.16,0.16,0.8,philippines
17974,10,28.0,29.8,26.3,asia,"Crystal-clear waters, lush green landscapes, and vibrant marine life create a serene escape where relaxation and adventure blend seamlessly.",11.0798978,120.93734215474105,18.8662543546901,98.0,385.321122178623,14.4628040656099,83.7661,3804.08274131097,95.465506033898,0.792,194.05484009,5.3,15.5,4.37,9.93,69.833,44.8757283831149,55.1242716168851,1483000.0,1483000.0,2769000000.0,3.45979194990587,2010000000.0,4872000000.0,Palawan,0.64,0.67,0.08,0.16,0.16,0.8,philippines
17996,11,28.3,30.0,27.0,asia,"Crystal-clear waters, lush green landscapes, and vibrant marine life create a serene escape where relaxation and adventure blend seamlessly.",11.0798978,120.93734215474105,18.8662543546901,98.0,385.321122178623,14.4628040656099,83.7661,3804.08274131097,95.465506033898,0.792,194.05484009,5.3,15.5,4.37,9.93,69.833,44.8757283831149,55.1242716168851,1483000.0,1483000.0,2769000000.0,3.45979194990587,2010000000.0,4872000000.0,Palawan,0.64,0.67,0.08,0.16,0.16,0.8,philippines
18018,12,27.6,28.6,26.8,asia,"Crystal-clear waters, lush green landscapes, and vibrant marine life create a serene escape where relaxation and adventure blend seamlessly.",11.0798978,120.93734215474105,18.8662543546901,98.0,385.321122178623,14.4628040656099,83.7661,3804.08274131097,95.465506033898,0.792,194.05484009,5.3,15.5,4.37,9.93,69.833,44.8757283831149,55.1242716168851,1483000.0,1483000.0,2769000000.0,3.45979194990587,2010000000.0,4872000000.0,Palawan,0.64,0.67,0.08,0.16,0.16,0.8,philippines
18040,2,26.7,28.3,26.0,asia,"Crystal-clear waters, lush green landscapes, and vibrant marine life create a serene escape where relaxation and adventure blend seamlessly.",11.0798978,120.93734215474105,18.8662543546901,98.0,385.321122178623,14.4628040656099,83.7661,3804.08274131097,95.465506033898,0.792,194.05484009,5.3,15.5,4.37,9.93,69.833,44.8757283831149,55.1242716168851,1483000.0,1483000.0,2769000000.0,3.45979194990587,2010000000.0,4872000000.0,Palawan,0.64,0.67,0.08,0.16,0.16,0.8,philippines
18062,3,27.2,29.2,26.4,asia,"Crystal-clear waters, lush green landscapes, and vibrant marine life create a serene escape where relaxation and adventure blend seamlessly.",11.0798978,120.93734215474105,18.8662543546901,98.0,385.321122178623,14.4628040656099,83.7661,3804.08274131097,95.465506033898,0.792,194.05484009,5.3,15.5,4.37,9.93,69.833,44.8757283831149,55.1242716168851,1483000.0,1483000.0,2769000000.0,3.45979194990587,2010000000.0,4872000000.0,Palawan,0.64,0.67,0.08,0.16,0.16,0.8,philippines
18084,4,28.3,30.2,27.2,asia,"Crystal-clear waters, lush green landscapes, and vibrant marine life create a serene escape where relaxation and adventure blend seamlessly.",11.0798978,120.93734215474105,18.8662543546901,98.0,385.321122178623,14.4628040656099,83.7661,3804.08274131097,95.465506033898,0.792,194.05484009,5.3,15.5,4.37,9.93,69.833,44.8757283831149,55.1242716168851,1483000.0,1483000.0,2769000000.0,3.45979194990587,2010000000.0,4872000000.0,Palawan,0.64,0.67,0.08,0.16,0.16,0.8,philippines
18106,5,29.0,31.5,27.1,asia,"Crystal-clear waters, lush green landscapes, and vibrant marine life create a serene escape where relaxation and adventure blend seamlessly.",11.0798978,120.93734215474105,18.8662543546901,98.0,385.321122178623,14.4628040656099,83.7661,3804.08274131097,95.465506033898,0.792,194.05484009,5.3,15.5,4.37,9.93,69.833,44.8757283831149,55.1242716168851,1483000.0,1483000.0,2769000000.0,3.45979194990587,2010000000.0,4872000000.0,Palawan,0.64,0.67,0.08,0.16,0.16,0.8,philippines
18128,6,28.2,30.4,26.4,asia,"Crystal-clear waters, lush green landscapes, and vibrant marine life create a serene escape where relaxation and adventure blend seamlessly.",11.0798978,120.93734215474105,18.8662543546901,98.0,385.321122178623,14.4628040656099,83.7661,3804.08274131097,95.465506033898,0.792,194.05484009,5.3,15.5,4.37,9.93,69.833,44.8757283831149,55.1242716168851,1483000.0,1483000.0,2769000000.0,3.45979194990587,2010000000.0,4872000000.0,Palawan,0.64,0.67,0.08,0.16,0.16,0.8,philippines
18150,7,27.8,30.2,26.2,asia,"Crystal-clear waters, lush green landscapes, and vibrant marine life create a serene escape where relaxation and adventure blend seamlessly.",11.0798978,120.93734215474105,18.8662543546901,98.0,385.321122178623,14.4628040656099,83.7661,3804.08274131097,95.465506033898,0.792,194.05484009,5.3,15.5,4.37,9.93,69.833,44.8757283831149,55.1242716168851,1483000.0,1483000.0,2769000000.0,3.45979194990587,2010000000.0,4872000000.0,Palawan,0.64,0.67,0.08,0.16,0.16,0.8,philippines
18172,8,27.8,29.4,26.1,asia,"Crystal-clear waters, lush green landscapes, and vibrant marine life create a serene escape where relaxation and adventure blend seamlessly.",11.0798978,120.93734215474105,18.8662543546901,98.0,385.321122178623,14.4628040656099,83.7661,3804.08274131097,95.465506033898,0.792,194.05484009,5.3,15.5,4.37,9.93,69.833,44.8757283831149,55.1242716168851,1483000.0,1483000.0,2769000000.0,3.45979194990587,2010000000.0,4872000000.0,Palawan,0.64,0.67,0.08,0.16,0.16,0.8,philippines
18194,9,27.6,29.4,26.0,asia,"Crystal-clear waters, lush green landscapes, and vibrant marine life create a serene escape where relaxation and adventure blend seamlessly.",11.0798978,120.93734215474105,18.8662543546901,98.0,385.321122178623,14.4628040656099,83.7661,3804.08274131097,95.465506033898,0.792,194.05484009,5.3,15.5,4.37,9.93,69.833,44.8757283831149,55.1242716168851,1483000.0,1483000.0,2769000000.0,3.45979194990587,2010000000.0,4872000000.0,Palawan,0.64,0.67,0.08,0.16,0.16,0.8,philippines
18216,1,26.1,30.2,23.1,south_america,"Lush greenery, colonial architecture, and vibrant street markets create a lively atmosphere where tropical warmth meets cultural diversity.",5.82417645,-55.16628130970069,16.8872409793815,99.6,3.91810706046897,19.5003943309627,78.3958,5521.97602122638,97.9952348294942,1.355,297.04589844,2.2,17.6,4.635,10.84,73.631,34.2437591552734,65.7562408447266,279000.0,1070000.0,19000000.0,0.776653253267587,15000000.0,64000000.0,Paramaribo,0.01,0.06,0.02,0.04,0.05,0.03,suriname
18238,10,28.1,33.7,24.4,south_america,"Lush greenery, colonial architecture, and vibrant street markets create a lively atmosphere where tropical warmth meets cultural diversity.",5.82417645,-55.16628130970069,16.8872409793815,99.6,3.91810706046897,19.5003943309627,78.3958,5521.97602122638,97.9952348294942,1.355,297.04589844,2.2,17.6,4.635,10.84,73.631,34.2437591552734,65.7562408447266,279000.0,1070000.0,19000000.0,0.776653253267587,15000000.0,64000000.0,Paramaribo,0.01,0.06,0.02,0.04,0.05,0.03,suriname
18260,11,27.3,32.5,23.8,south_america,"Lush greenery, colonial architecture, and vibrant street markets create a lively atmosphere where tropical warmth meets cultural diversity.",5.82417645,-55.16628130970069,16.8872409793815,99.6,3.91810706046897,19.5003943309627,78.3958,5521.97602122638,97.9952348294942,1.355,297.04589844,2.2,17.6,4.635,10.84,73.631,34.2437591552734,65.7562408447266,279000.0,1070000.0,19000000.0,0.776653253267587,15000000.0,64000000.0,Paramaribo,0.01,0.06,0.02,0.04,0.05,0.03,suriname
18282,12,26.5,30.7,23.3,south_america,"Lush greenery, colonial architecture, and vibrant street markets create a lively atmosphere where tropical warmth meets cultural diversity.",5.82417645,-55.16628130970069,16.8872409793815,99.6,3.91810706046897,19.5003943309627,78.3958,5521.97602122638,97.9952348294942,1.355,297.04589844,2.2,17.6,4.635,10.84,73.631,34.2437591552734,65.7562408447266,279000.0,1070000.0,19000000.0,0.776653253267587,15000000.0,64000000.0,Paramaribo,0.01,0.06,0.02,0.04,0.05,0.03,suriname
18304,2,26.4,30.4,23.3,south_america,"Lush greenery, colonial architecture, and vibrant street markets create a lively atmosphere where tropical warmth meets cultural diversity.",5.82417645,-55.16628130970069,16.8872409793815,99.6,3.91810706046897,19.5003943309627,78.3958,5521.97602122638,97.9952348294942,1.355,297.04589844,2.2,17.6,4.635,10.84,73.631,34.2437591552734,65.7562408447266,279000.0,1070000.0,19000000.0,0.776653253267587,15000000.0,64000000.0,Paramaribo,0.01,0.06,0.02,0.04,0.05,0.03,suriname
18326,3,26.8,31.0,23.6,south_america,"Lush greenery, colonial architecture, and vibrant street markets create a lively atmosphere where tropical warmth meets cultural diversity.",5.82417645,-55.16628130970069,16.8872409793815,99.6,3.91810706046897,19.5003943309627,78.3958,5521.97602122638,97.9952348294942,1.355,297.04589844,2.2,17.6,4.635,10.84,73.631,34.2437591552734,65.7562408447266,279000.0,1070000.0,19000000.0,0.776653253267587,15000000.0,64000000.0,Paramaribo,0.01,0.06,0.02,0.04,0.05,0.03,suriname
18348,4,26.7,30.8,23.7,south_america,"Lush greenery, colonial architecture, and vibrant street markets create a lively atmosphere where tropical warmth meets cultural diversity.",5.82417645,-55.16628130970069,16.8872409793815,99.6,3.91810706046897,19.5003943309627,78.3958,5521.97602122638,97.9952348294942,1.355,297.04589844,2.2,17.6,4.635,10.84,73.631,34.2437591552734,65.7562408447266,279000.0,1070000.0,19000000.0,0.776653253267587,15000000.0,64000000.0,Paramaribo,0.01,0.06,0.02,0.04,0.05,0.03,suriname
18370,5,26.5,30.7,23.7,south_america,"Lush greenery, colonial architecture, and vibrant street markets create a lively atmosphere where tropical warmth meets cultural diversity.",5.82417645,-55.16628130970069,16.8872409793815,99.6,3.91810706046897,19.5003943309627,78.3958,5521.97602122638,97.9952348294942,1.355,297.04589844,2.2,17.6,4.635,10.84,73.631,34.2437591552734,65.7562408447266,279000.0,1070000.0,19000000.0,0.776653253267587,15000000.0,64000000.0,Paramaribo,0.01,0.06,0.02,0.04,0.05,0.03,suriname
18392,6,26.5,31.6,23.2,south_america,"Lush greenery, colonial architecture, and vibrant street markets create a lively atmosphere where tropical warmth meets cultural diversity.",5.82417645,-55.16628130970069,16.8872409793815,99.6,3.91810706046897,19.5003943309627,78.3958,5521.97602122638,97.9952348294942,1.355,297.04589844,2.2,17.6,4.635,10.84,73.631,34.2437591552734,65.7562408447266,279000.0,1070000.0,19000000.0,0.776653253267587,15000000.0,64000000.0,Paramaribo,0.01,0.06,0.02,0.04,0.05,0.03,suriname
18414,7,26.8,32.3,23.2,south_america,"Lush greenery, colonial architecture, and vibrant street markets create a lively atmosphere where tropical warmth meets cultural diversity.",5.82417645,-55.16628130970069,16.8872409793815,99.6,3.91810706046897,19.5003943309627,78.3958,5521.97602122638,97.9952348294942,1.355,297.04589844,2.2,17.6,4.635,10.84,73.631,34.2437591552734,65.7562408447266,279000.0,1070000.0,19000000.0,0.776653253267587,15000000.0,64000000.0,Paramaribo,0.01,0.06,0.02,0.04,0.05,0.03,suriname
18436,8,27.1,32.7,23.5,south_america,"Lush greenery, colonial architecture, and vibrant street markets create a lively atmosphere where tropical warmth meets cultural diversity.",5.82417645,-55.16628130970069,16.8872409793815,99.6,3.91810706046897,19.5003943309627,78.3958,5521.97602122638,97.9952348294942,1.355,297.04589844,2.2,17.6,4.635,10.84,73.631,34.2437591552734,65.7562408447266,279000.0,1070000.0,19000000.0,0.776653253267587,15000000.0,64000000.0,Paramaribo,0.01,0.06,0.02,0.04,0.05,0.03,suriname
18458,9,28.1,33.8,24.1,south_america,"Lush greenery, colonial architecture, and vibrant street markets create a lively atmosphere where tropical warmth meets cultural diversity.",5.82417645,-55.16628130970069,16.8872409793815,99.6,3.91810706046897,19.5003943309627,78.3958,5521.97602122638,97.9952348294942,1.355,297.04589844,2.2,17.6,4.635,10.84,73.631,34.2437591552734,65.7562408447266,279000.0,1070000.0,19000000.0,0.776653253267587,15000000.0,64000000.0,Paramaribo,0.01,0.06,0.02,0.04,0.05,0.03,suriname
18480,1,5.5,7.9,2.9,europe,Charming streets lined with artful boutiques and the aroma of freshly baked pastries create a romantic and timeless atmosphere.,48.8588897,2.3200410217200766,19.0414647963516,100.0,126.862020595603,22.927852668258,86.8364,44700.1384177544,100.0,3.281,5149.0546875,0.1,15.6,34.41,66.8,82.9292682926829,21.2195676873453,78.7804323126547,117109000.0,21287000.0,35958000000.0,4.80404188740469,32646000000.0,31193000000.0,Paris,1.63,2.93,5.0,5.0,5.0,4.55,france
18502,10,13.6,17.4,10.4,europe,Charming streets lined with artful boutiques and the aroma of freshly baked pastries create a romantic and timeless atmosphere.,48.8588897,2.3200410217200766,19.0414647963516,100.0,126.862020595603,22.927852668258,86.8364,44700.1384177544,100.0,3.281,5149.0546875,0.1,15.6,34.41,66.8,82.9292682926829,21.2195676873453,78.7804323126547,117109000.0,21287000.0,35958000000.0,4.80404188740469,32646000000.0,31193000000.0,Paris,1.63,2.93,5.0,5.0,5.0,4.55,france
18524,11,8.9,11.7,6.2,europe,Charming streets lined with artful boutiques and the aroma of freshly baked pastries create a romantic and timeless atmosphere.,48.8588897,2.3200410217200766,19.0414647963516,100.0,126.862020595603,22.927852668258,86.8364,44700.1384177544,100.0,3.281,5149.0546875,0.1,15.6,34.41,66.8,82.9292682926829,21.2195676873453,78.7804323126547,117109000.0,21287000.0,35958000000.0,4.80404188740469,32646000000.0,31193000000.0,Paris,1.63,2.93,5.0,5.0,5.0,4.55,france
18546,12,7.0,9.2,4.6,europe,Charming streets lined with artful boutiques and the aroma of freshly baked pastries create a romantic and timeless atmosphere.,48.8588897,2.3200410217200766,19.0414647963516,100.0,126.862020595603,22.927852668258,86.8364,44700.1384177544,100.0,3.281,5149.0546875,0.1,15.6,34.41,66.8,82.9292682926829,21.2195676873453,78.7804323126547,117109000.0,21287000.0,35958000000.0,4.80404188740469,32646000000.0,31193000000.0,Paris,1.63,2.93,5.0,5.0,5.0,4.55,france
18568,2,6.8,10.0,3.8,europe,Charming streets lined with artful boutiques and the aroma of freshly baked pastries create a romantic and timeless atmosphere.,48.8588897,2.3200410217200766,19.0414647963516,100.0,126.862020595603,22.927852668258,86.8364,44700.1384177544,100.0,3.281,5149.0546875,0.1,15.6,34.41,66.8,82.9292682926829,21.2195676873453,78.7804323126547,117109000.0,21287000.0,35958000000.0,4.80404188740469,32646000000.0,31193000000.0,Paris,1.63,2.93,5.0,5.0,5.0,4.55,france
18590,3,9.0,13.4,5.4,europe,Charming streets lined with artful boutiques and the aroma of freshly baked pastries create a romantic and timeless atmosphere.,48.8588897,2.3200410217200766,19.0414647963516,100.0,126.862020595603,22.927852668258,86.8364,44700.1384177544,100.0,3.281,5149.0546875,0.1,15.6,34.41,66.8,82.9292682926829,21.2195676873453,78.7804323126547,117109000.0,21287000.0,35958000000.0,4.80404188740469,32646000000.0,31193000000.0,Paris,1.63,2.93,5.0,5.0,5.0,4.55,france
18612,4,12.3,17.4,7.7,europe,Charming streets lined with artful boutiques and the aroma of freshly baked pastries create a romantic and timeless atmosphere.,48.8588897,2.3200410217200766,19.0414647963516,100.0,126.862020595603,22.927852668258,86.8364,44700.1384177544,100.0,3.281,5149.0546875,0.1,15.6,34.41,66.8,82.9292682926829,21.2195676873453,78.7804323126547,117109000.0,21287000.0,35958000000.0,4.80404188740469,32646000000.0,31193000000.0,Paris,1.63,2.93,5.0,5.0,5.0,4.55,france
18634,5,15.7,20.7,11.0,europe,Charming streets lined with artful boutiques and the aroma of freshly baked pastries create a romantic and timeless atmosphere.,48.8588897,2.3200410217200766,19.0414647963516,100.0,126.862020595603,22.927852668258,86.8364,44700.1384177544,100.0,3.281,5149.0546875,0.1,15.6,34.41,66.8,82.9292682926829,21.2195676873453,78.7804323126547,117109000.0,21287000.0,35958000000.0,4.80404188740469,32646000000.0,31193000000.0,Paris,1.63,2.93,5.0,5.0,5.0,4.55,france
18656,6,19.9,25.2,15.2,europe,Charming streets lined with artful boutiques and the aroma of freshly baked pastries create a romantic and timeless atmosphere.,48.8588897,2.3200410217200766,19.0414647963516,100.0,126.862020595603,22.927852668258,86.8364,44700.1384177544,100.0,3.281,5149.0546875,0.1,15.6,34.41,66.8,82.9292682926829,21.2195676873453,78.7804323126547,117109000.0,21287000.0,35958000000.0,4.80404188740469,32646000000.0,31193000000.0,Paris,1.63,2.93,5.0,5.0,5.0,4.55,france
18678,7,21.6,27.1,16.6,europe,Charming streets lined with artful boutiques and the aroma of freshly baked pastries create a romantic and timeless atmosphere.,48.8588897,2.3200410217200766,19.0414647963516,100.0,126.862020595603,22.927852668258,86.8364,44700.1384177544,100.0,3.281,5149.0546875,0.1,15.6,34.41,66.8,82.9292682926829,21.2195676873453,78.7804323126547,117109000.0,21287000.0,35958000000.0,4.80404188740469,32646000000.0,31193000000.0,Paris,1.63,2.93,5.0,5.0,5.0,4.55,france
18700,8,21.3,26.8,16.5,europe,Charming streets lined with artful boutiques and the aroma of freshly baked pastries create a romantic and timeless atmosphere.,48.8588897,2.3200410217200766,19.0414647963516,100.0,126.862020595603,22.927852668258,86.8364,44700.1384177544,100.0,3.281,5149.0546875,0.1,15.6,34.41,66.8,82.9292682926829,21.2195676873453,78.7804323126547,117109000.0,21287000.0,35958000000.0,4.80404188740469,32646000000.0,31193000000.0,Paris,1.63,2.93,5.0,5.0,5.0,4.55,france
18722,9,17.6,22.5,13.2,europe,Charming streets lined with artful boutiques and the aroma of freshly baked pastries create a romantic and timeless atmosphere.,48.8588897,2.3200410217200766,19.0414647963516,100.0,126.862020595603,22.927852668258,86.8364,44700.1384177544,100.0,3.281,5149.0546875,0.1,15.6,34.41,66.8,82.9292682926829,21.2195676873453,78.7804323126547,117109000.0,21287000.0,35958000000.0,4.80404188740469,32646000000.0,31193000000.0,Paris,1.63,2.93,5.0,5.0,5.0,4.55,france
18744,1,10.2,14.6,6.7,europe,"Charming riverside streets, vibrant tiles, and the rich aroma of port wine create a warm and inviting atmosphere perfect for leisurely exploration.",41.1494512,-8.6107884,47.7343491046383,100.0,115.475189289738,40.887850776514,85.7901,27634.6183139773,99.2762210572337,5.851,2762.26293945,0.4,16.4,20.44,41.07,82.2804878048781,38.7951347366336,61.2048652633664,4208000.0,680000.0,10522000000.0,12.2444835483225,8835000000.0,3536000000.0,Porto,4.28,0.75,0.66,0.58,0.54,1.15,portugal
18766,10,16.8,21.0,13.6,europe,"Charming riverside streets, vibrant tiles, and the rich aroma of port wine create a warm and inviting atmosphere perfect for leisurely exploration.",41.1494512,-8.6107884,47.7343491046383,100.0,115.475189289738,40.887850776514,85.7901,27634.6183139773,99.2762210572337,5.851,2762.26293945,0.4,16.4,20.44,41.07,82.2804878048781,38.7951347366336,61.2048652633664,4208000.0,680000.0,10522000000.0,12.2444835483225,8835000000.0,3536000000.0,Porto,4.28,0.75,0.66,0.58,0.54,1.15,portugal
18788,11,13.2,16.6,10.5,europe,"Charming riverside streets, vibrant tiles, and the rich aroma of port wine create a warm and inviting atmosphere perfect for leisurely exploration.",41.1494512,-8.6107884,47.7343491046383,100.0,115.475189289738,40.887850776514,85.7901,27634.6183139773,99.2762210572337,5.851,2762.26293945,0.4,16.4,20.44,41.07,82.2804878048781,38.7951347366336,61.2048652633664,4208000.0,680000.0,10522000000.0,12.2444835483225,8835000000.0,3536000000.0,Porto,4.28,0.75,0.66,0.58,0.54,1.15,portugal
18810,12,11.4,15.4,8.6,europe,"Charming riverside streets, vibrant tiles, and the rich aroma of port wine create a warm and inviting atmosphere perfect for leisurely exploration.",41.1494512,-8.6107884,47.7343491046383,100.0,115.475189289738,40.887850776514,85.7901,27634.6183139773,99.2762210572337,5.851,2762.26293945,0.4,16.4,20.44,41.07,82.2804878048781,38.7951347366336,61.2048652633664,4208000.0,680000.0,10522000000.0,12.2444835483225,8835000000.0,3536000000.0,Porto,4.28,0.75,0.66,0.58,0.54,1.15,portugal
18832,2,11.4,15.5,8.1,europe,"Charming riverside streets, vibrant tiles, and the rich aroma of port wine create a warm and inviting atmosphere perfect for leisurely exploration.",41.1494512,-8.6107884,47.7343491046383,100.0,115.475189289738,40.887850776514,85.7901,27634.6183139773,99.2762210572337,5.851,2762.26293945,0.4,16.4,20.44,41.07,82.2804878048781,38.7951347366336,61.2048652633664,4208000.0,680000.0,10522000000.0,12.2444835483225,8835000000.0,3536000000.0,Porto,4.28,0.75,0.66,0.58,0.54,1.15,portugal
18854,3,12.7,17.9,8.8,europe,"Charming riverside streets, vibrant tiles, and the rich aroma of port wine create a warm and inviting atmosphere perfect for leisurely exploration.",41.1494512,-8.6107884,47.7343491046383,100.0,115.475189289738,40.887850776514,85.7901,27634.6183139773,99.2762210572337,5.851,2762.26293945,0.4,16.4,20.44,41.07,82.2804878048781,38.7951347366336,61.2048652633664,4208000.0,680000.0,10522000000.0,12.2444835483225,8835000000.0,3536000000.0,Porto,4.28,0.75,0.66,0.58,0.54,1.15,portugal
18876,4,14.1,18.1,10.6,europe,"Charming riverside streets, vibrant tiles, and the rich aroma of port wine create a warm and inviting atmosphere perfect for leisurely exploration.",41.1494512,-8.6107884,47.7343491046383,100.0,115.475189289738,40.887850776514,85.7901,27634.6183139773,99.2762210572337,5.851,2762.26293945,0.4,16.4,20.44,41.07,82.2804878048781,38.7951347366336,61.2048652633664,4208000.0,680000.0,10522000000.0,12.2444835483225,8835000000.0,3536000000.0,Porto,4.28,0.75,0.66,0.58,0.54,1.15,portugal
18898,5,16.4,20.5,12.8,europe,"Charming riverside streets, vibrant tiles, and the rich aroma of port wine create a warm and inviting atmosphere perfect for leisurely exploration.",41.1494512,-8.6107884,47.7343491046383,100.0,115.475189289738,40.887850776514,85.7901,27634.6183139773,99.2762210572337,5.851,2762.26293945,0.4,16.4,20.44,41.07,82.2804878048781,38.7951347366336,61.2048652633664,4208000.0,680000.0,10522000000.0,12.2444835483225,8835000000.0,3536000000.0,Porto,4.28,0.75,0.66,0.58,0.54,1.15,portugal
18920,6,17.9,21.8,14.5,europe,"Charming riverside streets, vibrant tiles, and the rich aroma of port wine create a warm and inviting atmosphere perfect for leisurely exploration.",41.1494512,-8.6107884,47.7343491046383,100.0,115.475189289738,40.887850776514,85.7901,27634.6183139773,99.2762210572337,5.851,2762.26293945,0.4,16.4,20.44,41.07,82.2804878048781,38.7951347366336,61.2048652633664,4208000.0,680000.0,10522000000.0,12.2444835483225,8835000000.0,3536000000.0,Porto,4.28,0.75,0.66,0.58,0.54,1.15,portugal
18942,7,20.1,24.7,16.1,europe,"Charming riverside streets, vibrant tiles, and the rich aroma of port wine create a warm and inviting atmosphere perfect for leisurely exploration.",41.1494512,-8.6107884,47.7343491046383,100.0,115.475189289738,40.887850776514,85.7901,27634.6183139773,99.2762210572337,5.851,2762.26293945,0.4,16.4,20.44,41.07,82.2804878048781,38.7951347366336,61.2048652633664,4208000.0,680000.0,10522000000.0,12.2444835483225,8835000000.0,3536000000.0,Porto,4.28,0.75,0.66,0.58,0.54,1.15,portugal
18964,8,20.0,24.7,15.9,europe,"Charming riverside streets, vibrant tiles, and the rich aroma of port wine create a warm and inviting atmosphere perfect for leisurely exploration.",41.1494512,-8.6107884,47.7343491046383,100.0,115.475189289738,40.887850776514,85.7901,27634.6183139773,99.2762210572337,5.851,2762.26293945,0.4,16.4,20.44,41.07,82.2804878048781,38.7951347366336,61.2048652633664,4208000.0,680000.0,10522000000.0,12.2444835483225,8835000000.0,3536000000.0,Porto,4.28,0.75,0.66,0.58,0.54,1.15,portugal
18986,9,18.7,23.5,15.0,europe,"Charming riverside streets, vibrant tiles, and the rich aroma of port wine create a warm and inviting atmosphere perfect for leisurely exploration.",41.1494512,-8.6107884,47.7343491046383,100.0,115.475189289738,40.887850776514,85.7901,27634.6183139773,99.2762210572337,5.851,2762.26293945,0.4,16.4,20.44,41.07,82.2804878048781,38.7951347366336,61.2048652633664,4208000.0,680000.0,10522000000.0,12.2444835483225,8835000000.0,3536000000.0,Porto,4.28,0.75,0.66,0.58,0.54,1.15,portugal
19008,1,23.1,28.3,18.4,south_america,"Golden beaches meet vibrant nightlife, creating a lively yet laid-back atmosphere where ocean breezes, art, and music fill the air.",-34.9632342,-54.9439981,31.9293745609651,100.0,19.3582504856588,52.3717113020616,89.896,23019.4221560046,99.6172068539544,4.674,2076.09423828,0.2,19.7,14.27,35.06,78.138,4.45603942871089,95.5439605712891,3480000.0,2199000.0,1085000000.0,7.70839260241396,1055000000.0,412000000.0,Punta del Este,0.02,0.02,0.02,0.05,0.01,0.09,uruguay
19030,10,15.9,21.0,11.3,south_america,"Golden beaches meet vibrant nightlife, creating a lively yet laid-back atmosphere where ocean breezes, art, and music fill the air.",-34.9632342,-54.9439981,31.9293745609651,100.0,19.3582504856588,52.3717113020616,89.896,23019.4221560046,99.6172068539544,4.674,2076.09423828,0.2,19.7,14.27,35.06,78.138,4.45603942871089,95.5439605712891,3480000.0,2199000.0,1085000000.0,7.70839260241396,1055000000.0,412000000.0,Punta del Este,0.02,0.02,0.02,0.05,0.01,0.09,uruguay
19052,11,19.2,24.6,14.3,south_america,"Golden beaches meet vibrant nightlife, creating a lively yet laid-back atmosphere where ocean breezes, art, and music fill the air.",-34.9632342,-54.9439981,31.9293745609651,100.0,19.3582504856588,52.3717113020616,89.896,23019.4221560046,99.6172068539544,4.674,2076.09423828,0.2,19.7,14.27,35.06,78.138,4.45603942871089,95.5439605712891,3480000.0,2199000.0,1085000000.0,7.70839260241396,1055000000.0,412000000.0,Punta del Este,0.02,0.02,0.02,0.05,0.01,0.09,uruguay
19074,12,20.8,25.8,16.2,south_america,"Golden beaches meet vibrant nightlife, creating a lively yet laid-back atmosphere where ocean breezes, art, and music fill the air.",-34.9632342,-54.9439981,31.9293745609651,100.0,19.3582504856588,52.3717113020616,89.896,23019.4221560046,99.6172068539544,4.674,2076.09423828,0.2,19.7,14.27,35.06,78.138,4.45603942871089,95.5439605712891,3480000.0,2199000.0,1085000000.0,7.70839260241396,1055000000.0,412000000.0,Punta del Este,0.02,0.02,0.02,0.05,0.01,0.09,uruguay
19096,2,23.0,27.9,18.5,south_america,"Golden beaches meet vibrant nightlife, creating a lively yet laid-back atmosphere where ocean breezes, art, and music fill the air.",-34.9632342,-54.9439981,31.9293745609651,100.0,19.3582504856588,52.3717113020616,89.896,23019.4221560046,99.6172068539544,4.674,2076.09423828,0.2,19.7,14.27,35.06,78.138,4.45603942871089,95.5439605712891,3480000.0,2199000.0,1085000000.0,7.70839260241396,1055000000.0,412000000.0,Punta del Este,0.02,0.02,0.02,0.05,0.01,0.09,uruguay
19118,3,21.2,25.8,17.2,south_america,"Golden beaches meet vibrant nightlife, creating a lively yet laid-back atmosphere where ocean breezes, art, and music fill the air.",-34.9632342,-54.9439981,31.9293745609651,100.0,19.3582504856588,52.3717113020616,89.896,23019.4221560046,99.6172068539544,4.674,2076.09423828,0.2,19.7,14.27,35.06,78.138,4.45603942871089,95.5439605712891,3480000.0,2199000.0,1085000000.0,7.70839260241396,1055000000.0,412000000.0,Punta del Este,0.02,0.02,0.02,0.05,0.01,0.09,uruguay
19140,4,17.8,22.5,13.5,south_america,"Golden beaches meet vibrant nightlife, creating a lively yet laid-back atmosphere where ocean breezes, art, and music fill the air.",-34.9632342,-54.9439981,31.9293745609651,100.0,19.3582504856588,52.3717113020616,89.896,23019.4221560046,99.6172068539544,4.674,2076.09423828,0.2,19.7,14.27,35.06,78.138,4.45603942871089,95.5439605712891,3480000.0,2199000.0,1085000000.0,7.70839260241396,1055000000.0,412000000.0,Punta del Este,0.02,0.02,0.02,0.05,0.01,0.09,uruguay
19162,5,13.7,17.9,9.6,south_america,"Golden beaches meet vibrant nightlife, creating a lively yet laid-back atmosphere where ocean breezes, art, and music fill the air.",-34.9632342,-54.9439981,31.9293745609651,100.0,19.3582504856588,52.3717113020616,89.896,23019.4221560046,99.6172068539544,4.674,2076.09423828,0.2,19.7,14.27,35.06,78.138,4.45603942871089,95.5439605712891,3480000.0,2199000.0,1085000000.0,7.70839260241396,1055000000.0,412000000.0,Punta del Este,0.02,0.02,0.02,0.05,0.01,0.09,uruguay
19184,6,11.8,15.8,8.0,south_america,"Golden beaches meet vibrant nightlife, creating a lively yet laid-back atmosphere where ocean breezes, art, and music fill the air.",-34.9632342,-54.9439981,31.9293745609651,100.0,19.3582504856588,52.3717113020616,89.896,23019.4221560046,99.6172068539544,4.674,2076.09423828,0.2,19.7,14.27,35.06,78.138,4.45603942871089,95.5439605712891,3480000.0,2199000.0,1085000000.0,7.70839260241396,1055000000.0,412000000.0,Punta del Este,0.02,0.02,0.02,0.05,0.01,0.09,uruguay
19206,7,10.8,15.5,6.7,south_america,"Golden beaches meet vibrant nightlife, creating a lively yet laid-back atmosphere where ocean breezes, art, and music fill the air.",-34.9632342,-54.9439981,31.9293745609651,100.0,19.3582504856588,52.3717113020616,89.896,23019.4221560046,99.6172068539544,4.674,2076.09423828,0.2,19.7,14.27,35.06,78.138,4.45603942871089,95.5439605712891,3480000.0,2199000.0,1085000000.0,7.70839260241396,1055000000.0,412000000.0,Punta del Este,0.02,0.02,0.02,0.05,0.01,0.09,uruguay
19228,8,11.7,16.6,7.6,south_america,"Golden beaches meet vibrant nightlife, creating a lively yet laid-back atmosphere where ocean breezes, art, and music fill the air.",-34.9632342,-54.9439981,31.9293745609651,100.0,19.3582504856588,52.3717113020616,89.896,23019.4221560046,99.6172068539544,4.674,2076.09423828,0.2,19.7,14.27,35.06,78.138,4.45603942871089,95.5439605712891,3480000.0,2199000.0,1085000000.0,7.70839260241396,1055000000.0,412000000.0,Punta del Este,0.02,0.02,0.02,0.05,0.01,0.09,uruguay
19250,9,13.8,18.5,9.6,south_america,"Golden beaches meet vibrant nightlife, creating a lively yet laid-back atmosphere where ocean breezes, art, and music fill the air.",-34.9632342,-54.9439981,31.9293745609651,100.0,19.3582504856588,52.3717113020616,89.896,23019.4221560046,99.6172068539544,4.674,2076.09423828,0.2,19.7,14.27,35.06,78.138,4.45603942871089,95.5439605712891,3480000.0,2199000.0,1085000000.0,7.70839260241396,1055000000.0,412000000.0,Punta del Este,0.02,0.02,0.02,0.05,0.01,0.09,uruguay
19272,1,-9.4,-5.7,-13.5,north_america,"Cobblestone streets and historic architecture create a charming old-world atmosphere, with lively festivals and cozy bistros offering a warm, inviting experience.",46.8137431,-71.2084061,29.408234935715,100.0,4.56079784268436,44.8021259828612,93.9564,54220.3285039875,98.2905039744417,2.819,6186.65234375,0.2,22.95,40.8,77.73,81.6465853658537,17.4749435591654,82.5250564408346,32430000.0,37845898.4375,19994000000.0,3.65670128143171,11256000000.0,41247000000.0,Quebec City,0.68,0.25,0.29,0.27,0.19,1.41,canada
19294,10,8.5,12.6,4.0,north_america,"Cobblestone streets and historic architecture create a charming old-world atmosphere, with lively festivals and cozy bistros offering a warm, inviting experience.",46.8137431,-71.2084061,29.408234935715,100.0,4.56079784268436,44.8021259828612,93.9564,54220.3285039875,98.2905039744417,2.819,6186.65234375,0.2,22.95,40.8,77.73,81.6465853658537,17.4749435591654,82.5250564408346,32430000.0,37845898.4375,19994000000.0,3.65670128143171,11256000000.0,41247000000.0,Quebec City,0.68,0.25,0.29,0.27,0.19,1.41,canada
19316,11,1.3,4.1,-2.6,north_america,"Cobblestone streets and historic architecture create a charming old-world atmosphere, with lively festivals and cozy bistros offering a warm, inviting experience.",46.8137431,-71.2084061,29.408234935715,100.0,4.56079784268436,44.8021259828612,93.9564,54220.3285039875,98.2905039744417,2.819,6186.65234375,0.2,22.95,40.8,77.73,81.6465853658537,17.4749435591654,82.5250564408346,32430000.0,37845898.4375,19994000000.0,3.65670128143171,11256000000.0,41247000000.0,Quebec City,0.68,0.25,0.29,0.27,0.19,1.41,canada
19338,12,-5.1,-2.2,-8.7,north_america,"Cobblestone streets and historic architecture create a charming old-world atmosphere, with lively festivals and cozy bistros offering a warm, inviting experience.",46.8137431,-71.2084061,29.408234935715,100.0,4.56079784268436,44.8021259828612,93.9564,54220.3285039875,98.2905039744417,2.819,6186.65234375,0.2,22.95,40.8,77.73,81.6465853658537,17.4749435591654,82.5250564408346,32430000.0,37845898.4375,19994000000.0,3.65670128143171,11256000000.0,41247000000.0,Quebec City,0.68,0.25,0.29,0.27,0.19,1.41,canada
19360,2,-9.1,-4.4,-13.9,north_america,"Cobblestone streets and historic architecture create a charming old-world atmosphere, with lively festivals and cozy bistros offering a warm, inviting experience.",46.8137431,-71.2084061,29.408234935715,100.0,4.56079784268436,44.8021259828612,93.9564,54220.3285039875,98.2905039744417,2.819,6186.65234375,0.2,22.95,40.8,77.73,81.6465853658537,17.4749435591654,82.5250564408346,32430000.0,37845898.4375,19994000000.0,3.65670128143171,11256000000.0,41247000000.0,Quebec City,0.68,0.25,0.29,0.27,0.19,1.41,canada
19382,3,-3.5,1.0,-7.7,north_america,"Cobblestone streets and historic architecture create a charming old-world atmosphere, with lively festivals and cozy bistros offering a warm, inviting experience.",46.8137431,-71.2084061,29.408234935715,100.0,4.56079784268436,44.8021259828612,93.9564,54220.3285039875,98.2905039744417,2.819,6186.65234375,0.2,22.95,40.8,77.73,81.6465853658537,17.4749435591654,82.5250564408346,32430000.0,37845898.4375,19994000000.0,3.65670128143171,11256000000.0,41247000000.0,Quebec City,0.68,0.25,0.29,0.27,0.19,1.41,canada
19404,4,3.9,7.8,-0.7,north_america,"Cobblestone streets and historic architecture create a charming old-world atmosphere, with lively festivals and cozy bistros offering a warm, inviting experience.",46.8137431,-71.2084061,29.408234935715,100.0,4.56079784268436,44.8021259828612,93.9564,54220.3285039875,98.2905039744417,2.819,6186.65234375,0.2,22.95,40.8,77.73,81.6465853658537,17.4749435591654,82.5250564408346,32430000.0,37845898.4375,19994000000.0,3.65670128143171,11256000000.0,41247000000.0,Quebec City,0.68,0.25,0.29,0.27,0.19,1.41,canada
19426,5,12.6,18.0,6.9,north_america,"Cobblestone streets and historic architecture create a charming old-world atmosphere, with lively festivals and cozy bistros offering a warm, inviting experience.",46.8137431,-71.2084061,29.408234935715,100.0,4.56079784268436,44.8021259828612,93.9564,54220.3285039875,98.2905039744417,2.819,6186.65234375,0.2,22.95,40.8,77.73,81.6465853658537,17.4749435591654,82.5250564408346,32430000.0,37845898.4375,19994000000.0,3.65670128143171,11256000000.0,41247000000.0,Quebec City,0.68,0.25,0.29,0.27,0.19,1.41,canada
19448,6,17.4,22.3,11.9,north_america,"Cobblestone streets and historic architecture create a charming old-world atmosphere, with lively festivals and cozy bistros offering a warm, inviting experience.",46.8137431,-71.2084061,29.408234935715,100.0,4.56079784268436,44.8021259828612,93.9564,54220.3285039875,98.2905039744417,2.819,6186.65234375,0.2,22.95,40.8,77.73,81.6465853658537,17.4749435591654,82.5250564408346,32430000.0,37845898.4375,19994000000.0,3.65670128143171,11256000000.0,41247000000.0,Quebec City,0.68,0.25,0.29,0.27,0.19,1.41,canada
19470,7,20.7,25.7,15.1,north_america,"Cobblestone streets and historic architecture create a charming old-world atmosphere, with lively festivals and cozy bistros offering a warm, inviting experience.",46.8137431,-71.2084061,29.408234935715,100.0,4.56079784268436,44.8021259828612,93.9564,54220.3285039875,98.2905039744417,2.819,6186.65234375,0.2,22.95,40.8,77.73,81.6465853658537,17.4749435591654,82.5250564408346,32430000.0,37845898.4375,19994000000.0,3.65670128143171,11256000000.0,41247000000.0,Quebec City,0.68,0.25,0.29,0.27,0.19,1.41,canada
19492,8,19.8,24.4,14.4,north_america,"Cobblestone streets and historic architecture create a charming old-world atmosphere, with lively festivals and cozy bistros offering a warm, inviting experience.",46.8137431,-71.2084061,29.408234935715,100.0,4.56079784268436,44.8021259828612,93.9564,54220.3285039875,98.2905039744417,2.819,6186.65234375,0.2,22.95,40.8,77.73,81.6465853658537,17.4749435591654,82.5250564408346,32430000.0,37845898.4375,19994000000.0,3.65670128143171,11256000000.0,41247000000.0,Quebec City,0.68,0.25,0.29,0.27,0.19,1.41,canada
19514,9,15.8,20.2,10.1,north_america,"Cobblestone streets and historic architecture create a charming old-world atmosphere, with lively festivals and cozy bistros offering a warm, inviting experience.",46.8137431,-71.2084061,29.408234935715,100.0,4.56079784268436,44.8021259828612,93.9564,54220.3285039875,98.2905039744417,2.819,6186.65234375,0.2,22.95,40.8,77.73,81.6465853658537,17.4749435591654,82.5250564408346,32430000.0,37845898.4375,19994000000.0,3.65670128143171,11256000000.0,41247000000.0,Quebec City,0.68,0.25,0.29,0.27,0.19,1.41,canada
19536,1,-9.4,-5.7,-13.5,north_america,"Cobblestone streets and historic architecture create a charming, old-world atmosphere, while the aroma of fresh pastries fills the crisp air.",46.8137431,-71.2084061,29.408234935715,100.0,4.56079784268436,44.8021259828612,93.9564,54220.3285039875,98.2905039744417,2.819,6186.65234375,0.2,22.95,40.8,77.73,81.6465853658537,17.4749435591654,82.5250564408346,32430000.0,37845898.4375,19994000000.0,3.65670128143171,11256000000.0,41247000000.0,Québec City,0.68,0.25,0.29,0.27,0.19,1.41,canada
19558,10,8.5,12.6,4.0,north_america,"Cobblestone streets and historic architecture create a charming, old-world atmosphere, while the aroma of fresh pastries fills the crisp air.",46.8137431,-71.2084061,29.408234935715,100.0,4.56079784268436,44.8021259828612,93.9564,54220.3285039875,98.2905039744417,2.819,6186.65234375,0.2,22.95,40.8,77.73,81.6465853658537,17.4749435591654,82.5250564408346,32430000.0,37845898.4375,19994000000.0,3.65670128143171,11256000000.0,41247000000.0,Québec City,0.68,0.25,0.29,0.27,0.19,1.41,canada
19580,11,1.3,4.1,-2.6,north_america,"Cobblestone streets and historic architecture create a charming, old-world atmosphere, while the aroma of fresh pastries fills the crisp air.",46.8137431,-71.2084061,29.408234935715,100.0,4.56079784268436,44.8021259828612,93.9564,54220.3285039875,98.2905039744417,2.819,6186.65234375,0.2,22.95,40.8,77.73,81.6465853658537,17.4749435591654,82.5250564408346,32430000.0,37845898.4375,19994000000.0,3.65670128143171,11256000000.0,41247000000.0,Québec City,0.68,0.25,0.29,0.27,0.19,1.41,canada
19602,12,-5.1,-2.2,-8.7,north_america,"Cobblestone streets and historic architecture create a charming, old-world atmosphere, while the aroma of fresh pastries fills the crisp air.",46.8137431,-71.2084061,29.408234935715,100.0,4.56079784268436,44.8021259828612,93.9564,54220.3285039875,98.2905039744417,2.819,6186.65234375,0.2,22.95,40.8,77.73,81.6465853658537,17.4749435591654,82.5250564408346,32430000.0,37845898.4375,19994000000.0,3.65670128143171,11256000000.0,41247000000.0,Québec City,0.68,0.25,0.29,0.27,0.19,1.41,canada
19624,2,-9.3,-4.4,-14.2,north_america,"Cobblestone streets and historic architecture create a charming, old-world atmosphere, while the aroma of fresh pastries fills the crisp air.",46.8137431,-71.2084061,29.408234935715,100.0,4.56079784268436,44.8021259828612,93.9564,54220.3285039875,98.2905039744417,2.819,6186.65234375,0.2,22.95,40.8,77.73,81.6465853658537,17.4749435591654,82.5250564408346,32430000.0,37845898.4375,19994000000.0,3.65670128143171,11256000000.0,41247000000.0,Québec City,0.68,0.25,0.29,0.27,0.19,1.41,canada
19646,3,-3.5,1.0,-7.7,north_america,"Cobblestone streets and historic architecture create a charming, old-world atmosphere, while the aroma of fresh pastries fills the crisp air.",46.8137431,-71.2084061,29.408234935715,100.0,4.56079784268436,44.8021259828612,93.9564,54220.3285039875,98.2905039744417,2.819,6186.65234375,0.2,22.95,40.8,77.73,81.6465853658537,17.4749435591654,82.5250564408346,32430000.0,37845898.4375,19994000000.0,3.65670128143171,11256000000.0,41247000000.0,Québec City,0.68,0.25,0.29,0.27,0.19,1.41,canada
19668,4,3.9,7.8,-0.7,north_america,"Cobblestone streets and historic architecture create a charming, old-world atmosphere, while the aroma of fresh pastries fills the crisp air.",46.8137431,-71.2084061,29.408234935715,100.0,4.56079784268436,44.8021259828612,93.9564,54220.3285039875,98.2905039744417,2.819,6186.65234375,0.2,22.95,40.8,77.73,81.6465853658537,17.4749435591654,82.5250564408346,32430000.0,37845898.4375,19994000000.0,3.65670128143171,11256000000.0,41247000000.0,Québec City,0.68,0.25,0.29,0.27,0.19,1.41,canada
19690,5,12.6,18.0,6.9,north_america,"Cobblestone streets and historic architecture create a charming, old-world atmosphere, while the aroma of fresh pastries fills the crisp air.",46.8137431,-71.2084061,29.408234935715,100.0,4.56079784268436,44.8021259828612,93.9564,54220.3285039875,98.2905039744417,2.819,6186.65234375,0.2,22.95,40.8,77.73,81.6465853658537,17.4749435591654,82.5250564408346,32430000.0,37845898.4375,19994000000.0,3.65670128143171,11256000000.0,41247000000.0,Québec City,0.68,0.25,0.29,0.27,0.19,1.41,canada
19712,6,17.4,22.3,11.9,north_america,"Cobblestone streets and historic architecture create a charming, old-world atmosphere, while the aroma of fresh pastries fills the crisp air.",46.8137431,-71.2084061,29.408234935715,100.0,4.56079784268436,44.8021259828612,93.9564,54220.3285039875,98.2905039744417,2.819,6186.65234375,0.2,22.95,40.8,77.73,81.6465853658537,17.4749435591654,82.5250564408346,32430000.0,37845898.4375,19994000000.0,3.65670128143171,11256000000.0,41247000000.0,Québec City,0.68,0.25,0.29,0.27,0.19,1.41,canada
19734,7,20.7,25.7,15.1,north_america,"Cobblestone streets and historic architecture create a charming, old-world atmosphere, while the aroma of fresh pastries fills the crisp air.",46.8137431,-71.2084061,29.408234935715,100.0,4.56079784268436,44.8021259828612,93.9564,54220.3285039875,98.2905039744417,2.819,6186.65234375,0.2,22.95,40.8,77.73,81.6465853658537,17.4749435591654,82.5250564408346,32430000.0,37845898.4375,19994000000.0,3.65670128143171,11256000000.0,41247000000.0,Québec City,0.68,0.25,0.29,0.27,0.19,1.41,canada
19756,8,19.8,24.4,14.4,north_america,"Cobblestone streets and historic architecture create a charming, old-world atmosphere, while the aroma of fresh pastries fills the crisp air.",46.8137431,-71.2084061,29.408234935715,100.0,4.56079784268436,44.8021259828612,93.9564,54220.3285039875,98.2905039744417,2.819,6186.65234375,0.2,22.95,40.8,77.73,81.6465853658537,17.4749435591654,82.5250564408346,32430000.0,37845898.4375,19994000000.0,3.65670128143171,11256000000.0,41247000000.0,Québec City,0.68,0.25,0.29,0.27,0.19,1.41,canada
19778,9,15.8,20.2,10.1,north_america,"Cobblestone streets and historic architecture create a charming, old-world atmosphere, while the aroma of fresh pastries fills the crisp air.",46.8137431,-71.2084061,29.408234935715,100.0,4.56079784268436,44.8021259828612,93.9564,54220.3285039875,98.2905039744417,2.819,6186.65234375,0.2,22.95,40.8,77.73,81.6465853658537,17.4749435591654,82.5250564408346,32430000.0,37845898.4375,19994000000.0,3.65670128143171,11256000000.0,41247000000.0,Québec City,0.68,0.25,0.29,0.27,0.19,1.41,canada
19800,1,23.9,27.9,20.2,middle_east,"Lush green landscapes meet the Arabian Sea, creating a serene atmosphere filled with the scent of frankincense and the sound of gentle waves.",17.0174945,54.1010923,42.849304574918,100.0,16.3142778675283,32.6843152939564,95.2517,21027.7384778886,92.559888964675,1.992,732.04089355,4.5,22.95,4.635,10.84,80.031,20.4297026771068,79.5702973228932,869000.0,1657000.0,669000000.0,1.87440359059699,441000000.0,1236000000.0,Salalah,0.09,0.25,0.05,0.11,0.01,0.1,oman
19822,10,27.5,30.9,24.2,middle_east,"Lush green landscapes meet the Arabian Sea, creating a serene atmosphere filled with the scent of frankincense and the sound of gentle waves.",17.0174945,54.1010923,42.849304574918,100.0,16.3142778675283,32.6843152939564,95.2517,21027.7384778886,92.559888964675,1.992,732.04089355,4.5,22.95,4.635,10.84,80.031,20.4297026771068,79.5702973228932,869000.0,1657000.0,669000000.0,1.87440359059699,441000000.0,1236000000.0,Salalah,0.09,0.25,0.05,0.11,0.01,0.1,oman
19844,11,27.1,31.1,23.5,middle_east,"Lush green landscapes meet the Arabian Sea, creating a serene atmosphere filled with the scent of frankincense and the sound of gentle waves.",17.0174945,54.1010923,42.849304574918,100.0,16.3142778675283,32.6843152939564,95.2517,21027.7384778886,92.559888964675,1.992,732.04089355,4.5,22.95,4.635,10.84,80.031,20.4297026771068,79.5702973228932,869000.0,1657000.0,669000000.0,1.87440359059699,441000000.0,1236000000.0,Salalah,0.09,0.25,0.05,0.11,0.01,0.1,oman
19866,12,25.3,29.4,21.6,middle_east,"Lush green landscapes meet the Arabian Sea, creating a serene atmosphere filled with the scent of frankincense and the sound of gentle waves.",17.0174945,54.1010923,42.849304574918,100.0,16.3142778675283,32.6843152939564,95.2517,21027.7384778886,92.559888964675,1.992,732.04089355,4.5,22.95,4.635,10.84,80.031,20.4297026771068,79.5702973228932,869000.0,1657000.0,669000000.0,1.87440359059699,441000000.0,1236000000.0,Salalah,0.09,0.25,0.05,0.11,0.01,0.1,oman
19888,2,24.4,28.3,20.9,middle_east,"Lush green landscapes meet the Arabian Sea, creating a serene atmosphere filled with the scent of frankincense and the sound of gentle waves.",17.0174945,54.1010923,42.849304574918,100.0,16.3142778675283,32.6843152939564,95.2517,21027.7384778886,92.559888964675,1.992,732.04089355,4.5,22.95,4.635,10.84,80.031,20.4297026771068,79.5702973228932,869000.0,1657000.0,669000000.0,1.87440359059699,441000000.0,1236000000.0,Salalah,0.09,0.25,0.05,0.11,0.01,0.1,oman
19910,3,26.7,30.5,23.0,middle_east,"Lush green landscapes meet the Arabian Sea, creating a serene atmosphere filled with the scent of frankincense and the sound of gentle waves.",17.0174945,54.1010923,42.849304574918,100.0,16.3142778675283,32.6843152939564,95.2517,21027.7384778886,92.559888964675,1.992,732.04089355,4.5,22.95,4.635,10.84,80.031,20.4297026771068,79.5702973228932,869000.0,1657000.0,669000000.0,1.87440359059699,441000000.0,1236000000.0,Salalah,0.09,0.25,0.05,0.11,0.01,0.1,oman
19932,4,28.8,32.0,25.8,middle_east,"Lush green landscapes meet the Arabian Sea, creating a serene atmosphere filled with the scent of frankincense and the sound of gentle waves.",17.0174945,54.1010923,42.849304574918,100.0,16.3142778675283,32.6843152939564,95.2517,21027.7384778886,92.559888964675,1.992,732.04089355,4.5,22.95,4.635,10.84,80.031,20.4297026771068,79.5702973228932,869000.0,1657000.0,669000000.0,1.87440359059699,441000000.0,1236000000.0,Salalah,0.09,0.25,0.05,0.11,0.01,0.1,oman
19954,5,30.2,33.2,28.0,middle_east,"Lush green landscapes meet the Arabian Sea, creating a serene atmosphere filled with the scent of frankincense and the sound of gentle waves.",17.0174945,54.1010923,42.849304574918,100.0,16.3142778675283,32.6843152939564,95.2517,21027.7384778886,92.559888964675,1.992,732.04089355,4.5,22.95,4.635,10.84,80.031,20.4297026771068,79.5702973228932,869000.0,1657000.0,669000000.0,1.87440359059699,441000000.0,1236000000.0,Salalah,0.09,0.25,0.05,0.11,0.01,0.1,oman
19976,6,29.8,32.2,28.1,middle_east,"Lush green landscapes meet the Arabian Sea, creating a serene atmosphere filled with the scent of frankincense and the sound of gentle waves.",17.0174945,54.1010923,42.849304574918,100.0,16.3142778675283,32.6843152939564,95.2517,21027.7384778886,92.559888964675,1.992,732.04089355,4.5,22.95,4.635,10.84,80.031,20.4297026771068,79.5702973228932,869000.0,1657000.0,669000000.0,1.87440359059699,441000000.0,1236000000.0,Salalah,0.09,0.25,0.05,0.11,0.01,0.1,oman
19998,7,26.6,28.4,25.4,middle_east,"Lush green landscapes meet the Arabian Sea, creating a serene atmosphere filled with the scent of frankincense and the sound of gentle waves.",17.0174945,54.1010923,42.849304574918,100.0,16.3142778675283,32.6843152939564,95.2517,21027.7384778886,92.559888964675,1.992,732.04089355,4.5,22.95,4.635,10.84,80.031,20.4297026771068,79.5702973228932,869000.0,1657000.0,669000000.0,1.87440359059699,441000000.0,1236000000.0,Salalah,0.09,0.25,0.05,0.11,0.01,0.1,oman
20020,8,25.7,27.5,24.5,middle_east,"Lush green landscapes meet the Arabian Sea, creating a serene atmosphere filled with the scent of frankincense and the sound of gentle waves.",17.0174945,54.1010923,42.849304574918,100.0,16.3142778675283,32.6843152939564,95.2517,21027.7384778886,92.559888964675,1.992,732.04089355,4.5,22.95,4.635,10.84,80.031,20.4297026771068,79.5702973228932,869000.0,1657000.0,669000000.0,1.87440359059699,441000000.0,1236000000.0,Salalah,0.09,0.25,0.05,0.11,0.01,0.1,oman
20042,9,27.3,30.0,25.4,middle_east,"Lush green landscapes meet the Arabian Sea, creating a serene atmosphere filled with the scent of frankincense and the sound of gentle waves.",17.0174945,54.1010923,42.849304574918,100.0,16.3142778675283,32.6843152939564,95.2517,21027.7384778886,92.559888964675,1.992,732.04089355,4.5,22.95,4.635,10.84,80.031,20.4297026771068,79.5702973228932,869000.0,1657000.0,669000000.0,1.87440359059699,441000000.0,1236000000.0,Salalah,0.09,0.25,0.05,0.11,0.01,0.1,oman
20064,1,22.1,27.8,18.0,north_america,Bustling streets filled with vibrant markets and lush parks create an inviting mix of urban energy and natural beauty.,9.9325427,-84.0795782,32.2235243287816,100.0,99.9906972189581,28.6354292653547,85.3951,16942.0268119375,99.8143035929016,2.687,1163.30224609,1.5,24.4,8.93,27.98,80.799,21.1180606358298,78.8819393641702,1146500.0,324000.0,1479000000.0,7.40531362400925,1356000000.0,697000000.0,San José,1.04,0.64,0.48,0.68,1.05,0.54,costa rica
20086,10,21.6,27.2,18.0,north_america,Bustling streets filled with vibrant markets and lush parks create an inviting mix of urban energy and natural beauty.,9.9325427,-84.0795782,32.2235243287816,100.0,99.9906972189581,28.6354292653547,85.3951,16942.0268119375,99.8143035929016,2.687,1163.30224609,1.5,24.4,8.93,27.98,80.799,21.1180606358298,78.8819393641702,1146500.0,324000.0,1479000000.0,7.40531362400925,1356000000.0,697000000.0,San José,1.04,0.64,0.48,0.68,1.05,0.54,costa rica
20108,11,21.7,27.0,18.2,north_america,Bustling streets filled with vibrant markets and lush parks create an inviting mix of urban energy and natural beauty.,9.9325427,-84.0795782,32.2235243287816,100.0,99.9906972189581,28.6354292653547,85.3951,16942.0268119375,99.8143035929016,2.687,1163.30224609,1.5,24.4,8.93,27.98,80.799,21.1180606358298,78.8819393641702,1146500.0,324000.0,1479000000.0,7.40531362400925,1356000000.0,697000000.0,San José,1.04,0.64,0.48,0.68,1.05,0.54,costa rica
20130,12,22.2,27.8,18.2,north_america,Bustling streets filled with vibrant markets and lush parks create an inviting mix of urban energy and natural beauty.,9.9325427,-84.0795782,32.2235243287816,100.0,99.9906972189581,28.6354292653547,85.3951,16942.0268119375,99.8143035929016,2.687,1163.30224609,1.5,24.4,8.93,27.98,80.799,21.1180606358298,78.8819393641702,1146500.0,324000.0,1479000000.0,7.40531362400925,1356000000.0,697000000.0,San José,1.04,0.64,0.48,0.68,1.05,0.54,costa rica
20152,2,22.1,28.0,17.8,north_america,Bustling streets filled with vibrant markets and lush parks create an inviting mix of urban energy and natural beauty.,9.9325427,-84.0795782,32.2235243287816,100.0,99.9906972189581,28.6354292653547,85.3951,16942.0268119375,99.8143035929016,2.687,1163.30224609,1.5,24.4,8.93,27.98,80.799,21.1180606358298,78.8819393641702,1146500.0,324000.0,1479000000.0,7.40531362400925,1356000000.0,697000000.0,San José,1.04,0.64,0.48,0.68,1.05,0.54,costa rica
20174,3,22.8,29.2,18.1,north_america,Bustling streets filled with vibrant markets and lush parks create an inviting mix of urban energy and natural beauty.,9.9325427,-84.0795782,32.2235243287816,100.0,99.9906972189581,28.6354292653547,85.3951,16942.0268119375,99.8143035929016,2.687,1163.30224609,1.5,24.4,8.93,27.98,80.799,21.1180606358298,78.8819393641702,1146500.0,324000.0,1479000000.0,7.40531362400925,1356000000.0,697000000.0,San José,1.04,0.64,0.48,0.68,1.05,0.54,costa rica
20196,4,23.1,29.5,18.4,north_america,Bustling streets filled with vibrant markets and lush parks create an inviting mix of urban energy and natural beauty.,9.9325427,-84.0795782,32.2235243287816,100.0,99.9906972189581,28.6354292653547,85.3951,16942.0268119375,99.8143035929016,2.687,1163.30224609,1.5,24.4,8.93,27.98,80.799,21.1180606358298,78.8819393641702,1146500.0,324000.0,1479000000.0,7.40531362400925,1356000000.0,697000000.0,San José,1.04,0.64,0.48,0.68,1.05,0.54,costa rica
20218,5,22.8,28.5,18.8,north_america,Bustling streets filled with vibrant markets and lush parks create an inviting mix of urban energy and natural beauty.,9.9325427,-84.0795782,32.2235243287816,100.0,99.9906972189581,28.6354292653547,85.3951,16942.0268119375,99.8143035929016,2.687,1163.30224609,1.5,24.4,8.93,27.98,80.799,21.1180606358298,78.8819393641702,1146500.0,324000.0,1479000000.0,7.40531362400925,1356000000.0,697000000.0,San José,1.04,0.64,0.48,0.68,1.05,0.54,costa rica
20240,6,22.3,27.9,18.7,north_america,Bustling streets filled with vibrant markets and lush parks create an inviting mix of urban energy and natural beauty.,9.9325427,-84.0795782,32.2235243287816,100.0,99.9906972189581,28.6354292653547,85.3951,16942.0268119375,99.8143035929016,2.687,1163.30224609,1.5,24.4,8.93,27.98,80.799,21.1180606358298,78.8819393641702,1146500.0,324000.0,1479000000.0,7.40531362400925,1356000000.0,697000000.0,San José,1.04,0.64,0.48,0.68,1.05,0.54,costa rica
20262,7,22.4,27.9,18.7,north_america,Bustling streets filled with vibrant markets and lush parks create an inviting mix of urban energy and natural beauty.,9.9325427,-84.0795782,32.2235243287816,100.0,99.9906972189581,28.6354292653547,85.3951,16942.0268119375,99.8143035929016,2.687,1163.30224609,1.5,24.4,8.93,27.98,80.799,21.1180606358298,78.8819393641702,1146500.0,324000.0,1479000000.0,7.40531362400925,1356000000.0,697000000.0,San José,1.04,0.64,0.48,0.68,1.05,0.54,costa rica
20284,8,22.4,28.1,18.5,north_america,Bustling streets filled with vibrant markets and lush parks create an inviting mix of urban energy and natural beauty.,9.9325427,-84.0795782,32.2235243287816,100.0,99.9906972189581,28.6354292653547,85.3951,16942.0268119375,99.8143035929016,2.687,1163.30224609,1.5,24.4,8.93,27.98,80.799,21.1180606358298,78.8819393641702,1146500.0,324000.0,1479000000.0,7.40531362400925,1356000000.0,697000000.0,San José,1.04,0.64,0.48,0.68,1.05,0.54,costa rica
20306,9,22.0,28.0,18.1,north_america,Bustling streets filled with vibrant markets and lush parks create an inviting mix of urban energy and natural beauty.,9.9325427,-84.0795782,32.2235243287816,100.0,99.9906972189581,28.6354292653547,85.3951,16942.0268119375,99.8143035929016,2.687,1163.30224609,1.5,24.4,8.93,27.98,80.799,21.1180606358298,78.8819393641702,1146500.0,324000.0,1479000000.0,7.40531362400925,1356000000.0,697000000.0,San José,1.04,0.64,0.48,0.68,1.05,0.54,costa rica
20328,1,9.4,12.5,6.2,asia,"Rolling green terraces and misty mountain vistas create a serene escape, where vibrant local cultures and tranquil landscapes embrace visitors warmly.",22.3359246,103.8426749,32.034926797665804,99.8,320.175197572656,19.0160579651314,78.08,4323.35031982451,98.160662651459,1.107,197.19210815,1.6,4.2,7.71,16.59,74.588,61.8701095581055,38.1298904418945,3837000.0,1070000.0,3232000000.0,1.11360339593907,199000000.0,4360000000.0,Sapa,0.03,0.02,0.0,0.06,0.03,0.16,vietnam
20350,10,16.2,19.0,13.5,asia,"Rolling green terraces and misty mountain vistas create a serene escape, where vibrant local cultures and tranquil landscapes embrace visitors warmly.",22.3359246,103.8426749,32.034926797665804,99.8,320.175197572656,19.0160579651314,78.08,4323.35031982451,98.160662651459,1.107,197.19210815,1.6,4.2,7.71,16.59,74.588,61.8701095581055,38.1298904418945,3837000.0,1070000.0,3232000000.0,1.11360339593907,199000000.0,4360000000.0,Sapa,0.03,0.02,0.0,0.06,0.03,0.16,vietnam
20372,11,13.0,15.9,10.1,asia,"Rolling green terraces and misty mountain vistas create a serene escape, where vibrant local cultures and tranquil landscapes embrace visitors warmly.",22.3359246,103.8426749,32.034926797665804,99.8,320.175197572656,19.0160579651314,78.08,4323.35031982451,98.160662651459,1.107,197.19210815,1.6,4.2,7.71,16.59,74.588,61.8701095581055,38.1298904418945,3837000.0,1070000.0,3232000000.0,1.11360339593907,199000000.0,4360000000.0,Sapa,0.03,0.02,0.0,0.06,0.03,0.16,vietnam
20394,12,10.2,13.4,6.9,asia,"Rolling green terraces and misty mountain vistas create a serene escape, where vibrant local cultures and tranquil landscapes embrace visitors warmly.",22.3359246,103.8426749,32.034926797665804,99.8,320.175197572656,19.0160579651314,78.08,4323.35031982451,98.160662651459,1.107,197.19210815,1.6,4.2,7.71,16.59,74.588,61.8701095581055,38.1298904418945,3837000.0,1070000.0,3232000000.0,1.11360339593907,199000000.0,4360000000.0,Sapa,0.03,0.02,0.0,0.06,0.03,0.16,vietnam
20416,2,10.8,14.1,7.5,asia,"Rolling green terraces and misty mountain vistas create a serene escape, where vibrant local cultures and tranquil landscapes embrace visitors warmly.",22.3359246,103.8426749,32.034926797665804,99.8,320.175197572656,19.0160579651314,78.08,4323.35031982451,98.160662651459,1.107,197.19210815,1.6,4.2,7.71,16.59,74.588,61.8701095581055,38.1298904418945,3837000.0,1070000.0,3232000000.0,1.11360339593907,199000000.0,4360000000.0,Sapa,0.03,0.02,0.0,0.06,0.03,0.16,vietnam
20438,3,14.4,18.1,10.7,asia,"Rolling green terraces and misty mountain vistas create a serene escape, where vibrant local cultures and tranquil landscapes embrace visitors warmly.",22.3359246,103.8426749,32.034926797665804,99.8,320.175197572656,19.0160579651314,78.08,4323.35031982451,98.160662651459,1.107,197.19210815,1.6,4.2,7.71,16.59,74.588,61.8701095581055,38.1298904418945,3837000.0,1070000.0,3232000000.0,1.11360339593907,199000000.0,4360000000.0,Sapa,0.03,0.02,0.0,0.06,0.03,0.16,vietnam
20460,4,17.5,21.2,13.8,asia,"Rolling green terraces and misty mountain vistas create a serene escape, where vibrant local cultures and tranquil landscapes embrace visitors warmly.",22.3359246,103.8426749,32.034926797665804,99.8,320.175197572656,19.0160579651314,78.08,4323.35031982451,98.160662651459,1.107,197.19210815,1.6,4.2,7.71,16.59,74.588,61.8701095581055,38.1298904418945,3837000.0,1070000.0,3232000000.0,1.11360339593907,199000000.0,4360000000.0,Sapa,0.03,0.02,0.0,0.06,0.03,0.16,vietnam
20482,5,19.4,22.4,16.3,asia,"Rolling green terraces and misty mountain vistas create a serene escape, where vibrant local cultures and tranquil landscapes embrace visitors warmly.",22.3359246,103.8426749,32.034926797665804,99.8,320.175197572656,19.0160579651314,78.08,4323.35031982451,98.160662651459,1.107,197.19210815,1.6,4.2,7.71,16.59,74.588,61.8701095581055,38.1298904418945,3837000.0,1070000.0,3232000000.0,1.11360339593907,199000000.0,4360000000.0,Sapa,0.03,0.02,0.0,0.06,0.03,0.16,vietnam
20504,6,20.2,22.8,17.6,asia,"Rolling green terraces and misty mountain vistas create a serene escape, where vibrant local cultures and tranquil landscapes embrace visitors warmly.",22.3359246,103.8426749,32.034926797665804,99.8,320.175197572656,19.0160579651314,78.08,4323.35031982451,98.160662651459,1.107,197.19210815,1.6,4.2,7.71,16.59,74.588,61.8701095581055,38.1298904418945,3837000.0,1070000.0,3232000000.0,1.11360339593907,199000000.0,4360000000.0,Sapa,0.03,0.02,0.0,0.06,0.03,0.16,vietnam
20526,7,20.4,23.0,17.7,asia,"Rolling green terraces and misty mountain vistas create a serene escape, where vibrant local cultures and tranquil landscapes embrace visitors warmly.",22.3359246,103.8426749,32.034926797665804,99.8,320.175197572656,19.0160579651314,78.08,4323.35031982451,98.160662651459,1.107,197.19210815,1.6,4.2,7.71,16.59,74.588,61.8701095581055,38.1298904418945,3837000.0,1070000.0,3232000000.0,1.11360339593907,199000000.0,4360000000.0,Sapa,0.03,0.02,0.0,0.06,0.03,0.16,vietnam
20548,8,20.2,23.1,17.4,asia,"Rolling green terraces and misty mountain vistas create a serene escape, where vibrant local cultures and tranquil landscapes embrace visitors warmly.",22.3359246,103.8426749,32.034926797665804,99.8,320.175197572656,19.0160579651314,78.08,4323.35031982451,98.160662651459,1.107,197.19210815,1.6,4.2,7.71,16.59,74.588,61.8701095581055,38.1298904418945,3837000.0,1070000.0,3232000000.0,1.11360339593907,199000000.0,4360000000.0,Sapa,0.03,0.02,0.0,0.06,0.03,0.16,vietnam
20570,9,18.8,21.6,15.9,asia,"Rolling green terraces and misty mountain vistas create a serene escape, where vibrant local cultures and tranquil landscapes embrace visitors warmly.",22.3359246,103.8426749,32.034926797665804,99.8,320.175197572656,19.0160579651314,78.08,4323.35031982451,98.160662651459,1.107,197.19210815,1.6,4.2,7.71,16.59,74.588,61.8701095581055,38.1298904418945,3837000.0,1070000.0,3232000000.0,1.11360339593907,199000000.0,4360000000.0,Sapa,0.03,0.02,0.0,0.06,0.03,0.16,vietnam
20592,1,11.0,14.7,7.3,europe,"Misty mornings reveal enchanting palaces and lush gardens, offering a fairytale-like atmosphere that captivates and inspires wanderlust.",38.79846,-9.3881,47.7343491046383,100.0,115.475189289738,40.887850776514,85.7901,27634.6183139773,99.2762210572337,5.851,2762.26293945,0.4,16.4,20.44,41.07,82.2804878048781,38.7951347366336,61.2048652633664,4208000.0,680000.0,10522000000.0,12.2444835483225,8835000000.0,3536000000.0,Sintra,0.65,0.42,0.21,0.22,0.09,3.44,portugal
20614,10,18.0,22.6,14.1,europe,"Misty mornings reveal enchanting palaces and lush gardens, offering a fairytale-like atmosphere that captivates and inspires wanderlust.",38.79846,-9.3881,47.7343491046383,100.0,115.475189289738,40.887850776514,85.7901,27634.6183139773,99.2762210572337,5.851,2762.26293945,0.4,16.4,20.44,41.07,82.2804878048781,38.7951347366336,61.2048652633664,4208000.0,680000.0,10522000000.0,12.2444835483225,8835000000.0,3536000000.0,Sintra,0.65,0.42,0.21,0.22,0.09,3.44,portugal
20636,11,14.2,17.9,10.8,europe,"Misty mornings reveal enchanting palaces and lush gardens, offering a fairytale-like atmosphere that captivates and inspires wanderlust.",38.79846,-9.3881,47.7343491046383,100.0,115.475189289738,40.887850776514,85.7901,27634.6183139773,99.2762210572337,5.851,2762.26293945,0.4,16.4,20.44,41.07,82.2804878048781,38.7951347366336,61.2048652633664,4208000.0,680000.0,10522000000.0,12.2444835483225,8835000000.0,3536000000.0,Sintra,0.65,0.42,0.21,0.22,0.09,3.44,portugal
20658,12,12.4,15.8,9.0,europe,"Misty mornings reveal enchanting palaces and lush gardens, offering a fairytale-like atmosphere that captivates and inspires wanderlust.",38.79846,-9.3881,47.7343491046383,100.0,115.475189289738,40.887850776514,85.7901,27634.6183139773,99.2762210572337,5.851,2762.26293945,0.4,16.4,20.44,41.07,82.2804878048781,38.7951347366336,61.2048652633664,4208000.0,680000.0,10522000000.0,12.2444835483225,8835000000.0,3536000000.0,Sintra,0.65,0.42,0.21,0.22,0.09,3.44,portugal
20680,2,11.9,15.9,8.2,europe,"Misty mornings reveal enchanting palaces and lush gardens, offering a fairytale-like atmosphere that captivates and inspires wanderlust.",38.79846,-9.3881,47.7343491046383,100.0,115.475189289738,40.887850776514,85.7901,27634.6183139773,99.2762210572337,5.851,2762.26293945,0.4,16.4,20.44,41.07,82.2804878048781,38.7951347366336,61.2048652633664,4208000.0,680000.0,10522000000.0,12.2444835483225,8835000000.0,3536000000.0,Sintra,0.65,0.42,0.21,0.22,0.09,3.44,portugal
20702,3,13.4,17.4,9.5,europe,"Misty mornings reveal enchanting palaces and lush gardens, offering a fairytale-like atmosphere that captivates and inspires wanderlust.",38.79846,-9.3881,47.7343491046383,100.0,115.475189289738,40.887850776514,85.7901,27634.6183139773,99.2762210572337,5.851,2762.26293945,0.4,16.4,20.44,41.07,82.2804878048781,38.7951347366336,61.2048652633664,4208000.0,680000.0,10522000000.0,12.2444835483225,8835000000.0,3536000000.0,Sintra,0.65,0.42,0.21,0.22,0.09,3.44,portugal
20724,4,14.8,18.8,11.0,europe,"Misty mornings reveal enchanting palaces and lush gardens, offering a fairytale-like atmosphere that captivates and inspires wanderlust.",38.79846,-9.3881,47.7343491046383,100.0,115.475189289738,40.887850776514,85.7901,27634.6183139773,99.2762210572337,5.851,2762.26293945,0.4,16.4,20.44,41.07,82.2804878048781,38.7951347366336,61.2048652633664,4208000.0,680000.0,10522000000.0,12.2444835483225,8835000000.0,3536000000.0,Sintra,0.65,0.42,0.21,0.22,0.09,3.44,portugal
20746,5,17.2,21.6,13.5,europe,"Misty mornings reveal enchanting palaces and lush gardens, offering a fairytale-like atmosphere that captivates and inspires wanderlust.",38.79846,-9.3881,47.7343491046383,100.0,115.475189289738,40.887850776514,85.7901,27634.6183139773,99.2762210572337,5.851,2762.26293945,0.4,16.4,20.44,41.07,82.2804878048781,38.7951347366336,61.2048652633664,4208000.0,680000.0,10522000000.0,12.2444835483225,8835000000.0,3536000000.0,Sintra,0.65,0.42,0.21,0.22,0.09,3.44,portugal
20768,6,18.6,22.9,15.3,europe,"Misty mornings reveal enchanting palaces and lush gardens, offering a fairytale-like atmosphere that captivates and inspires wanderlust.",38.79846,-9.3881,47.7343491046383,100.0,115.475189289738,40.887850776514,85.7901,27634.6183139773,99.2762210572337,5.851,2762.26293945,0.4,16.4,20.44,41.07,82.2804878048781,38.7951347366336,61.2048652633664,4208000.0,680000.0,10522000000.0,12.2444835483225,8835000000.0,3536000000.0,Sintra,0.65,0.42,0.21,0.22,0.09,3.44,portugal
20790,7,20.6,25.6,16.8,europe,"Misty mornings reveal enchanting palaces and lush gardens, offering a fairytale-like atmosphere that captivates and inspires wanderlust.",38.79846,-9.3881,47.7343491046383,100.0,115.475189289738,40.887850776514,85.7901,27634.6183139773,99.2762210572337,5.851,2762.26293945,0.4,16.4,20.44,41.07,82.2804878048781,38.7951347366336,61.2048652633664,4208000.0,680000.0,10522000000.0,12.2444835483225,8835000000.0,3536000000.0,Sintra,0.65,0.42,0.21,0.22,0.09,3.44,portugal
20812,8,20.9,26.2,16.9,europe,"Misty mornings reveal enchanting palaces and lush gardens, offering a fairytale-like atmosphere that captivates and inspires wanderlust.",38.79846,-9.3881,47.7343491046383,100.0,115.475189289738,40.887850776514,85.7901,27634.6183139773,99.2762210572337,5.851,2762.26293945,0.4,16.4,20.44,41.07,82.2804878048781,38.7951347366336,61.2048652633664,4208000.0,680000.0,10522000000.0,12.2444835483225,8835000000.0,3536000000.0,Sintra,0.65,0.42,0.21,0.22,0.09,3.44,portugal
20834,9,20.0,25.3,15.8,europe,"Misty mornings reveal enchanting palaces and lush gardens, offering a fairytale-like atmosphere that captivates and inspires wanderlust.",38.79846,-9.3881,47.7343491046383,100.0,115.475189289738,40.887850776514,85.7901,27634.6183139773,99.2762210572337,5.851,2762.26293945,0.4,16.4,20.44,41.07,82.2804878048781,38.7951347366336,61.2048652633664,4208000.0,680000.0,10522000000.0,12.2444835483225,8835000000.0,3536000000.0,Sintra,0.65,0.42,0.21,0.22,0.09,3.44,portugal
20856,1,3.2,6.4,0.4,europe,"Charming cobblestone streets lined with half-timbered houses, the aroma of freshly baked pastries, and the gentle flow of the canals create a fairy-tale ambiance.",48.584614,7.7507127,19.0414647963516,100.0,126.862020595603,22.927852668258,86.8364,44700.1384177544,100.0,3.281,5149.0546875,0.1,15.6,34.41,66.8,82.9292682926829,21.2195676873453,78.7804323126547,117109000.0,21287000.0,35958000000.0,4.80404188740469,32646000000.0,31193000000.0,Strasbourg,0.43,0.36,0.47,0.35,0.39,1.24,france
20878,10,12.0,17.4,7.7,europe,"Charming cobblestone streets lined with half-timbered houses, the aroma of freshly baked pastries, and the gentle flow of the canals create a fairy-tale ambiance.",48.584614,7.7507127,19.0414647963516,100.0,126.862020595603,22.927852668258,86.8364,44700.1384177544,100.0,3.281,5149.0546875,0.1,15.6,34.41,66.8,82.9292682926829,21.2195676873453,78.7804323126547,117109000.0,21287000.0,35958000000.0,4.80404188740469,32646000000.0,31193000000.0,Strasbourg,0.43,0.36,0.47,0.35,0.39,1.24,france
20900,11,6.8,10.2,3.8,europe,"Charming cobblestone streets lined with half-timbered houses, the aroma of freshly baked pastries, and the gentle flow of the canals create a fairy-tale ambiance.",48.584614,7.7507127,19.0414647963516,100.0,126.862020595603,22.927852668258,86.8364,44700.1384177544,100.0,3.281,5149.0546875,0.1,15.6,34.41,66.8,82.9292682926829,21.2195676873453,78.7804323126547,117109000.0,21287000.0,35958000000.0,4.80404188740469,32646000000.0,31193000000.0,Strasbourg,0.43,0.36,0.47,0.35,0.39,1.24,france
20922,12,4.4,7.4,1.9,europe,"Charming cobblestone streets lined with half-timbered houses, the aroma of freshly baked pastries, and the gentle flow of the canals create a fairy-tale ambiance.",48.584614,7.7507127,19.0414647963516,100.0,126.862020595603,22.927852668258,86.8364,44700.1384177544,100.0,3.281,5149.0546875,0.1,15.6,34.41,66.8,82.9292682926829,21.2195676873453,78.7804323126547,117109000.0,21287000.0,35958000000.0,4.80404188740469,32646000000.0,31193000000.0,Strasbourg,0.43,0.36,0.47,0.35,0.39,1.24,france
20944,2,4.9,9.2,1.2,europe,"Charming cobblestone streets lined with half-timbered houses, the aroma of freshly baked pastries, and the gentle flow of the canals create a fairy-tale ambiance.",48.584614,7.7507127,19.0414647963516,100.0,126.862020595603,22.927852668258,86.8364,44700.1384177544,100.0,3.281,5149.0546875,0.1,15.6,34.41,66.8,82.9292682926829,21.2195676873453,78.7804323126547,117109000.0,21287000.0,35958000000.0,4.80404188740469,32646000000.0,31193000000.0,Strasbourg,0.43,0.36,0.47,0.35,0.39,1.24,france
20966,3,7.7,13.3,2.9,europe,"Charming cobblestone streets lined with half-timbered houses, the aroma of freshly baked pastries, and the gentle flow of the canals create a fairy-tale ambiance.",48.584614,7.7507127,19.0414647963516,100.0,126.862020595603,22.927852668258,86.8364,44700.1384177544,100.0,3.281,5149.0546875,0.1,15.6,34.41,66.8,82.9292682926829,21.2195676873453,78.7804323126547,117109000.0,21287000.0,35958000000.0,4.80404188740469,32646000000.0,31193000000.0,Strasbourg,0.43,0.36,0.47,0.35,0.39,1.24,france
20988,4,11.2,17.4,5.6,europe,"Charming cobblestone streets lined with half-timbered houses, the aroma of freshly baked pastries, and the gentle flow of the canals create a fairy-tale ambiance.",48.584614,7.7507127,19.0414647963516,100.0,126.862020595603,22.927852668258,86.8364,44700.1384177544,100.0,3.281,5149.0546875,0.1,15.6,34.41,66.8,82.9292682926829,21.2195676873453,78.7804323126547,117109000.0,21287000.0,35958000000.0,4.80404188740469,32646000000.0,31193000000.0,Strasbourg,0.43,0.36,0.47,0.35,0.39,1.24,france
21010,5,15.6,21.4,10.1,europe,"Charming cobblestone streets lined with half-timbered houses, the aroma of freshly baked pastries, and the gentle flow of the canals create a fairy-tale ambiance.",48.584614,7.7507127,19.0414647963516,100.0,126.862020595603,22.927852668258,86.8364,44700.1384177544,100.0,3.281,5149.0546875,0.1,15.6,34.41,66.8,82.9292682926829,21.2195676873453,78.7804323126547,117109000.0,21287000.0,35958000000.0,4.80404188740469,32646000000.0,31193000000.0,Strasbourg,0.43,0.36,0.47,0.35,0.39,1.24,france
21032,6,20.1,26.2,14.4,europe,"Charming cobblestone streets lined with half-timbered houses, the aroma of freshly baked pastries, and the gentle flow of the canals create a fairy-tale ambiance.",48.584614,7.7507127,19.0414647963516,100.0,126.862020595603,22.927852668258,86.8364,44700.1384177544,100.0,3.281,5149.0546875,0.1,15.6,34.41,66.8,82.9292682926829,21.2195676873453,78.7804323126547,117109000.0,21287000.0,35958000000.0,4.80404188740469,32646000000.0,31193000000.0,Strasbourg,0.43,0.36,0.47,0.35,0.39,1.24,france
21054,7,21.5,28.1,15.3,europe,"Charming cobblestone streets lined with half-timbered houses, the aroma of freshly baked pastries, and the gentle flow of the canals create a fairy-tale ambiance.",48.584614,7.7507127,19.0414647963516,100.0,126.862020595603,22.927852668258,86.8364,44700.1384177544,100.0,3.281,5149.0546875,0.1,15.6,34.41,66.8,82.9292682926829,21.2195676873453,78.7804323126547,117109000.0,21287000.0,35958000000.0,4.80404188740469,32646000000.0,31193000000.0,Strasbourg,0.43,0.36,0.47,0.35,0.39,1.24,france
21076,8,21.1,27.8,15.3,europe,"Charming cobblestone streets lined with half-timbered houses, the aroma of freshly baked pastries, and the gentle flow of the canals create a fairy-tale ambiance.",48.584614,7.7507127,19.0414647963516,100.0,126.862020595603,22.927852668258,86.8364,44700.1384177544,100.0,3.281,5149.0546875,0.1,15.6,34.41,66.8,82.9292682926829,21.2195676873453,78.7804323126547,117109000.0,21287000.0,35958000000.0,4.80404188740469,32646000000.0,31193000000.0,Strasbourg,0.43,0.36,0.47,0.35,0.39,1.24,france
21098,9,16.7,23.3,11.4,europe,"Charming cobblestone streets lined with half-timbered houses, the aroma of freshly baked pastries, and the gentle flow of the canals create a fairy-tale ambiance.",48.584614,7.7507127,19.0414647963516,100.0,126.862020595603,22.927852668258,86.8364,44700.1384177544,100.0,3.281,5149.0546875,0.1,15.6,34.41,66.8,82.9292682926829,21.2195676873453,78.7804323126547,117109000.0,21287000.0,35958000000.0,4.80404188740469,32646000000.0,31193000000.0,Strasbourg,0.43,0.36,0.47,0.35,0.39,1.24,france
21120,1,-2.9,0.3,-6.1,north_america,"Dynamic streets buzzing with diverse cultures, vibrant art scenes, and a skyline that hugs the shimmering lake make for an inviting urban experience.",43.6534817,-79.3839347,29.408234935715,100.0,4.56079784268436,44.8021259828612,93.9564,54220.3285039875,98.2905039744417,2.819,6186.65234375,0.2,22.95,40.8,77.73,81.6465853658537,17.4749435591654,82.5250564408346,32430000.0,37845898.4375,19994000000.0,3.65670128143171,11256000000.0,41247000000.0,Toronto,3.57,1.97,1.39,2.78,1.43,4.04,canada
21142,10,11.8,15.4,8.2,north_america,"Dynamic streets buzzing with diverse cultures, vibrant art scenes, and a skyline that hugs the shimmering lake make for an inviting urban experience.",43.6534817,-79.3839347,29.408234935715,100.0,4.56079784268436,44.8021259828612,93.9564,54220.3285039875,98.2905039744417,2.819,6186.65234375,0.2,22.95,40.8,77.73,81.6465853658537,17.4749435591654,82.5250564408346,32430000.0,37845898.4375,19994000000.0,3.65670128143171,11256000000.0,41247000000.0,Toronto,3.57,1.97,1.39,2.78,1.43,4.04,canada
21164,11,5.4,8.2,2.2,north_america,"Dynamic streets buzzing with diverse cultures, vibrant art scenes, and a skyline that hugs the shimmering lake make for an inviting urban experience.",43.6534817,-79.3839347,29.408234935715,100.0,4.56079784268436,44.8021259828612,93.9564,54220.3285039875,98.2905039744417,2.819,6186.65234375,0.2,22.95,40.8,77.73,81.6465853658537,17.4749435591654,82.5250564408346,32430000.0,37845898.4375,19994000000.0,3.65670128143171,11256000000.0,41247000000.0,Toronto,3.57,1.97,1.39,2.78,1.43,4.04,canada
21186,12,0.8,3.6,-1.9,north_america,"Dynamic streets buzzing with diverse cultures, vibrant art scenes, and a skyline that hugs the shimmering lake make for an inviting urban experience.",43.6534817,-79.3839347,29.408234935715,100.0,4.56079784268436,44.8021259828612,93.9564,54220.3285039875,98.2905039744417,2.819,6186.65234375,0.2,22.95,40.8,77.73,81.6465853658537,17.4749435591654,82.5250564408346,32430000.0,37845898.4375,19994000000.0,3.65670128143171,11256000000.0,41247000000.0,Toronto,3.57,1.97,1.39,2.78,1.43,4.04,canada
21208,2,-2.5,1.1,-6.2,north_america,"Dynamic streets buzzing with diverse cultures, vibrant art scenes, and a skyline that hugs the shimmering lake make for an inviting urban experience.",43.6534817,-79.3839347,29.408234935715,100.0,4.56079784268436,44.8021259828612,93.9564,54220.3285039875,98.2905039744417,2.819,6186.65234375,0.2,22.95,40.8,77.73,81.6465853658537,17.4749435591654,82.5250564408346,32430000.0,37845898.4375,19994000000.0,3.65670128143171,11256000000.0,41247000000.0,Toronto,3.57,1.97,1.39,2.78,1.43,4.04,canada
21230,3,2.2,5.8,-1.5,north_america,"Dynamic streets buzzing with diverse cultures, vibrant art scenes, and a skyline that hugs the shimmering lake make for an inviting urban experience.",43.6534817,-79.3839347,29.408234935715,100.0,4.56079784268436,44.8021259828612,93.9564,54220.3285039875,98.2905039744417,2.819,6186.65234375,0.2,22.95,40.8,77.73,81.6465853658537,17.4749435591654,82.5250564408346,32430000.0,37845898.4375,19994000000.0,3.65670128143171,11256000000.0,41247000000.0,Toronto,3.57,1.97,1.39,2.78,1.43,4.04,canada
21252,4,7.5,11.4,3.6,north_america,"Dynamic streets buzzing with diverse cultures, vibrant art scenes, and a skyline that hugs the shimmering lake make for an inviting urban experience.",43.6534817,-79.3839347,29.408234935715,100.0,4.56079784268436,44.8021259828612,93.9564,54220.3285039875,98.2905039744417,2.819,6186.65234375,0.2,22.95,40.8,77.73,81.6465853658537,17.4749435591654,82.5250564408346,32430000.0,37845898.4375,19994000000.0,3.65670128143171,11256000000.0,41247000000.0,Toronto,3.57,1.97,1.39,2.78,1.43,4.04,canada
21274,5,14.8,19.5,10.2,north_america,"Dynamic streets buzzing with diverse cultures, vibrant art scenes, and a skyline that hugs the shimmering lake make for an inviting urban experience.",43.6534817,-79.3839347,29.408234935715,100.0,4.56079784268436,44.8021259828612,93.9564,54220.3285039875,98.2905039744417,2.819,6186.65234375,0.2,22.95,40.8,77.73,81.6465853658537,17.4749435591654,82.5250564408346,32430000.0,37845898.4375,19994000000.0,3.65670128143171,11256000000.0,41247000000.0,Toronto,3.57,1.97,1.39,2.78,1.43,4.04,canada
21296,6,19.2,24.1,15.0,north_america,"Dynamic streets buzzing with diverse cultures, vibrant art scenes, and a skyline that hugs the shimmering lake make for an inviting urban experience.",43.6534817,-79.3839347,29.408234935715,100.0,4.56079784268436,44.8021259828612,93.9564,54220.3285039875,98.2905039744417,2.819,6186.65234375,0.2,22.95,40.8,77.73,81.6465853658537,17.4749435591654,82.5250564408346,32430000.0,37845898.4375,19994000000.0,3.65670128143171,11256000000.0,41247000000.0,Toronto,3.57,1.97,1.39,2.78,1.43,4.04,canada
21318,7,22.9,27.4,18.4,north_america,"Dynamic streets buzzing with diverse cultures, vibrant art scenes, and a skyline that hugs the shimmering lake make for an inviting urban experience.",43.6534817,-79.3839347,29.408234935715,100.0,4.56079784268436,44.8021259828612,93.9564,54220.3285039875,98.2905039744417,2.819,6186.65234375,0.2,22.95,40.8,77.73,81.6465853658537,17.4749435591654,82.5250564408346,32430000.0,37845898.4375,19994000000.0,3.65670128143171,11256000000.0,41247000000.0,Toronto,3.57,1.97,1.39,2.78,1.43,4.04,canada
21340,8,22.0,26.3,17.9,north_america,"Dynamic streets buzzing with diverse cultures, vibrant art scenes, and a skyline that hugs the shimmering lake make for an inviting urban experience.",43.6534817,-79.3839347,29.408234935715,100.0,4.56079784268436,44.8021259828612,93.9564,54220.3285039875,98.2905039744417,2.819,6186.65234375,0.2,22.95,40.8,77.73,81.6465853658537,17.4749435591654,82.5250564408346,32430000.0,37845898.4375,19994000000.0,3.65670128143171,11256000000.0,41247000000.0,Toronto,3.57,1.97,1.39,2.78,1.43,4.04,canada
21362,9,18.9,23.0,14.7,north_america,"Dynamic streets buzzing with diverse cultures, vibrant art scenes, and a skyline that hugs the shimmering lake make for an inviting urban experience.",43.6534817,-79.3839347,29.408234935715,100.0,4.56079784268436,44.8021259828612,93.9564,54220.3285039875,98.2905039744417,2.819,6186.65234375,0.2,22.95,40.8,77.73,81.6465853658537,17.4749435591654,82.5250564408346,32430000.0,37845898.4375,19994000000.0,3.65670128143171,11256000000.0,41247000000.0,Toronto,3.57,1.97,1.39,2.78,1.43,4.04,canada
21384,1,5.4,7.5,3.2,north_america,"Nestled between ocean and mountains, this city offers a harmonious blend of urban excitement and serene natural beauty, perfect for outdoor enthusiasts.",49.2608724,-123.113952,29.408234935715,100.0,4.56079784268436,44.8021259828612,93.9564,54220.3285039875,98.2905039744417,2.819,6186.65234375,0.2,22.95,40.8,77.73,81.6465853658537,17.4749435591654,82.5250564408346,32430000.0,37845898.4375,19994000000.0,3.65670128143171,11256000000.0,41247000000.0,Vancouver,0.76,0.5,0.68,0.89,0.46,1.77,canada
21406,10,11.2,14.0,8.5,north_america,"Nestled between ocean and mountains, this city offers a harmonious blend of urban excitement and serene natural beauty, perfect for outdoor enthusiasts.",49.2608724,-123.113952,29.408234935715,100.0,4.56079784268436,44.8021259828612,93.9564,54220.3285039875,98.2905039744417,2.819,6186.65234375,0.2,22.95,40.8,77.73,81.6465853658537,17.4749435591654,82.5250564408346,32430000.0,37845898.4375,19994000000.0,3.65670128143171,11256000000.0,41247000000.0,Vancouver,0.76,0.5,0.68,0.89,0.46,1.77,canada
21428,11,7.5,9.8,5.0,north_america,"Nestled between ocean and mountains, this city offers a harmonious blend of urban excitement and serene natural beauty, perfect for outdoor enthusiasts.",49.2608724,-123.113952,29.408234935715,100.0,4.56079784268436,44.8021259828612,93.9564,54220.3285039875,98.2905039744417,2.819,6186.65234375,0.2,22.95,40.8,77.73,81.6465853658537,17.4749435591654,82.5250564408346,32430000.0,37845898.4375,19994000000.0,3.65670128143171,11256000000.0,41247000000.0,Vancouver,0.76,0.5,0.68,0.89,0.46,1.77,canada
21450,12,4.8,7.0,3.1,north_america,"Nestled between ocean and mountains, this city offers a harmonious blend of urban excitement and serene natural beauty, perfect for outdoor enthusiasts.",49.2608724,-123.113952,29.408234935715,100.0,4.56079784268436,44.8021259828612,93.9564,54220.3285039875,98.2905039744417,2.819,6186.65234375,0.2,22.95,40.8,77.73,81.6465853658537,17.4749435591654,82.5250564408346,32430000.0,37845898.4375,19994000000.0,3.65670128143171,11256000000.0,41247000000.0,Vancouver,0.76,0.5,0.68,0.89,0.46,1.77,canada
21472,2,5.2,7.6,2.7,north_america,"Nestled between ocean and mountains, this city offers a harmonious blend of urban excitement and serene natural beauty, perfect for outdoor enthusiasts.",49.2608724,-123.113952,29.408234935715,100.0,4.56079784268436,44.8021259828612,93.9564,54220.3285039875,98.2905039744417,2.819,6186.65234375,0.2,22.95,40.8,77.73,81.6465853658537,17.4749435591654,82.5250564408346,32430000.0,37845898.4375,19994000000.0,3.65670128143171,11256000000.0,41247000000.0,Vancouver,0.76,0.5,0.68,0.89,0.46,1.77,canada
21494,3,7.7,10.8,4.7,north_america,"Nestled between ocean and mountains, this city offers a harmonious blend of urban excitement and serene natural beauty, perfect for outdoor enthusiasts.",49.2608724,-123.113952,29.408234935715,100.0,4.56079784268436,44.8021259828612,93.9564,54220.3285039875,98.2905039744417,2.819,6186.65234375,0.2,22.95,40.8,77.73,81.6465853658537,17.4749435591654,82.5250564408346,32430000.0,37845898.4375,19994000000.0,3.65670128143171,11256000000.0,41247000000.0,Vancouver,0.76,0.5,0.68,0.89,0.46,1.77,canada
21516,4,10.0,13.6,6.6,north_america,"Nestled between ocean and mountains, this city offers a harmonious blend of urban excitement and serene natural beauty, perfect for outdoor enthusiasts.",49.2608724,-123.113952,29.408234935715,100.0,4.56079784268436,44.8021259828612,93.9564,54220.3285039875,98.2905039744417,2.819,6186.65234375,0.2,22.95,40.8,77.73,81.6465853658537,17.4749435591654,82.5250564408346,32430000.0,37845898.4375,19994000000.0,3.65670128143171,11256000000.0,41247000000.0,Vancouver,0.76,0.5,0.68,0.89,0.46,1.77,canada
21538,5,14.3,18.3,10.4,north_america,"Nestled between ocean and mountains, this city offers a harmonious blend of urban excitement and serene natural beauty, perfect for outdoor enthusiasts.",49.2608724,-123.113952,29.408234935715,100.0,4.56079784268436,44.8021259828612,93.9564,54220.3285039875,98.2905039744417,2.819,6186.65234375,0.2,22.95,40.8,77.73,81.6465853658537,17.4749435591654,82.5250564408346,32430000.0,37845898.4375,19994000000.0,3.65670128143171,11256000000.0,41247000000.0,Vancouver,0.76,0.5,0.68,0.89,0.46,1.77,canada
21560,6,16.9,21.0,12.9,north_america,"Nestled between ocean and mountains, this city offers a harmonious blend of urban excitement and serene natural beauty, perfect for outdoor enthusiasts.",49.2608724,-123.113952,29.408234935715,100.0,4.56079784268436,44.8021259828612,93.9564,54220.3285039875,98.2905039744417,2.819,6186.65234375,0.2,22.95,40.8,77.73,81.6465853658537,17.4749435591654,82.5250564408346,32430000.0,37845898.4375,19994000000.0,3.65670128143171,11256000000.0,41247000000.0,Vancouver,0.76,0.5,0.68,0.89,0.46,1.77,canada
21582,7,19.8,24.2,15.4,north_america,"Nestled between ocean and mountains, this city offers a harmonious blend of urban excitement and serene natural beauty, perfect for outdoor enthusiasts.",49.2608724,-123.113952,29.408234935715,100.0,4.56079784268436,44.8021259828612,93.9564,54220.3285039875,98.2905039744417,2.819,6186.65234375,0.2,22.95,40.8,77.73,81.6465853658537,17.4749435591654,82.5250564408346,32430000.0,37845898.4375,19994000000.0,3.65670128143171,11256000000.0,41247000000.0,Vancouver,0.76,0.5,0.68,0.89,0.46,1.77,canada
21604,8,19.4,23.7,15.2,north_america,"Nestled between ocean and mountains, this city offers a harmonious blend of urban excitement and serene natural beauty, perfect for outdoor enthusiasts.",49.2608724,-123.113952,29.408234935715,100.0,4.56079784268436,44.8021259828612,93.9564,54220.3285039875,98.2905039744417,2.819,6186.65234375,0.2,22.95,40.8,77.73,81.6465853658537,17.4749435591654,82.5250564408346,32430000.0,37845898.4375,19994000000.0,3.65670128143171,11256000000.0,41247000000.0,Vancouver,0.76,0.5,0.68,0.89,0.46,1.77,canada
21626,9,15.9,19.4,12.3,north_america,"Nestled between ocean and mountains, this city offers a harmonious blend of urban excitement and serene natural beauty, perfect for outdoor enthusiasts.",49.2608724,-123.113952,29.408234935715,100.0,4.56079784268436,44.8021259828612,93.9564,54220.3285039875,98.2905039744417,2.819,6186.65234375,0.2,22.95,40.8,77.73,81.6465853658537,17.4749435591654,82.5250564408346,32430000.0,37845898.4375,19994000000.0,3.65670128143171,11256000000.0,41247000000.0,Vancouver,0.76,0.5,0.68,0.89,0.46,1.77,canada
21648,1,3.5,4.6,2.5,north_america,"Lush rainforests, rugged coastlines, and charming towns create an inviting atmosphere, perfect for outdoor adventures and tranquil moments by the sea.",49.5929495,-125.702557,29.408234935715,100.0,4.56079784268436,44.8021259828612,93.9564,54220.3285039875,98.2905039744417,2.819,6186.65234375,0.2,22.95,40.8,77.73,81.6465853658537,17.4749435591654,82.5250564408346,32430000.0,37845898.4375,19994000000.0,3.65670128143171,11256000000.0,41247000000.0,Vancouver Island,5.0,0.81,0.86,0.58,0.42,2.55,canada
21670,10,10.0,14.0,6.0,north_america,"Lush rainforests, rugged coastlines, and charming towns create an inviting atmosphere, perfect for outdoor adventures and tranquil moments by the sea.",49.5929495,-125.702557,29.408234935715,100.0,4.56079784268436,44.8021259828612,93.9564,54220.3285039875,98.2905039744417,2.819,6186.65234375,0.2,22.95,40.8,77.73,81.6465853658537,17.4749435591654,82.5250564408346,32430000.0,37845898.4375,19994000000.0,3.65670128143171,11256000000.0,41247000000.0,Vancouver Island,5.0,0.81,0.86,0.58,0.42,2.55,canada
21692,11,6.0,9.0,3.0,north_america,"Lush rainforests, rugged coastlines, and charming towns create an inviting atmosphere, perfect for outdoor adventures and tranquil moments by the sea.",49.5929495,-125.702557,29.408234935715,100.0,4.56079784268436,44.8021259828612,93.9564,54220.3285039875,98.2905039744417,2.819,6186.65234375,0.2,22.95,40.8,77.73,81.6465853658537,17.4749435591654,82.5250564408346,32430000.0,37845898.4375,19994000000.0,3.65670128143171,11256000000.0,41247000000.0,Vancouver Island,5.0,0.81,0.86,0.58,0.42,2.55,canada
21714,12,4.0,6.0,2.0,north_america,"Lush rainforests, rugged coastlines, and charming towns create an inviting atmosphere, perfect for outdoor adventures and tranquil moments by the sea.",49.5929495,-125.702557,29.408234935715,100.0,4.56079784268436,44.8021259828612,93.9564,54220.3285039875,98.2905039744417,2.819,6186.65234375,0.2,22.95,40.8,77.73,81.6465853658537,17.4749435591654,82.5250564408346,32430000.0,37845898.4375,19994000000.0,3.65670128143171,11256000000.0,41247000000.0,Vancouver Island,5.0,0.81,0.86,0.58,0.42,2.55,canada
21736,2,4.0,6.0,2.0,north_america,"Lush rainforests, rugged coastlines, and charming towns create an inviting atmosphere, perfect for outdoor adventures and tranquil moments by the sea.",49.5929495,-125.702557,29.408234935715,100.0,4.56079784268436,44.8021259828612,93.9564,54220.3285039875,98.2905039744417,2.819,6186.65234375,0.2,22.95,40.8,77.73,81.6465853658537,17.4749435591654,82.5250564408346,32430000.0,37845898.4375,19994000000.0,3.65670128143171,11256000000.0,41247000000.0,Vancouver Island,5.0,0.81,0.86,0.58,0.42,2.55,canada
21758,3,6.0,9.0,3.0,north_america,"Lush rainforests, rugged coastlines, and charming towns create an inviting atmosphere, perfect for outdoor adventures and tranquil moments by the sea.",49.5929495,-125.702557,29.408234935715,100.0,4.56079784268436,44.8021259828612,93.9564,54220.3285039875,98.2905039744417,2.819,6186.65234375,0.2,22.95,40.8,77.73,81.6465853658537,17.4749435591654,82.5250564408346,32430000.0,37845898.4375,19994000000.0,3.65670128143171,11256000000.0,41247000000.0,Vancouver Island,5.0,0.81,0.86,0.58,0.42,2.55,canada
21780,4,9.0,12.0,5.0,north_america,"Lush rainforests, rugged coastlines, and charming towns create an inviting atmosphere, perfect for outdoor adventures and tranquil moments by the sea.",49.5929495,-125.702557,29.408234935715,100.0,4.56079784268436,44.8021259828612,93.9564,54220.3285039875,98.2905039744417,2.819,6186.65234375,0.2,22.95,40.8,77.73,81.6465853658537,17.4749435591654,82.5250564408346,32430000.0,37845898.4375,19994000000.0,3.65670128143171,11256000000.0,41247000000.0,Vancouver Island,5.0,0.81,0.86,0.58,0.42,2.55,canada
21802,5,12.5,16.0,9.0,north_america,"Lush rainforests, rugged coastlines, and charming towns create an inviting atmosphere, perfect for outdoor adventures and tranquil moments by the sea.",49.5929495,-125.702557,29.408234935715,100.0,4.56079784268436,44.8021259828612,93.9564,54220.3285039875,98.2905039744417,2.819,6186.65234375,0.2,22.95,40.8,77.73,81.6465853658537,17.4749435591654,82.5250564408346,32430000.0,37845898.4375,19994000000.0,3.65670128143171,11256000000.0,41247000000.0,Vancouver Island,5.0,0.81,0.86,0.58,0.42,2.55,canada
21824,6,15.0,19.0,11.0,north_america,"Lush rainforests, rugged coastlines, and charming towns create an inviting atmosphere, perfect for outdoor adventures and tranquil moments by the sea.",49.5929495,-125.702557,29.408234935715,100.0,4.56079784268436,44.8021259828612,93.9564,54220.3285039875,98.2905039744417,2.819,6186.65234375,0.2,22.95,40.8,77.73,81.6465853658537,17.4749435591654,82.5250564408346,32430000.0,37845898.4375,19994000000.0,3.65670128143171,11256000000.0,41247000000.0,Vancouver Island,5.0,0.81,0.86,0.58,0.42,2.55,canada
21846,7,17.5,22.0,13.0,north_america,"Lush rainforests, rugged coastlines, and charming towns create an inviting atmosphere, perfect for outdoor adventures and tranquil moments by the sea.",49.5929495,-125.702557,29.408234935715,100.0,4.56079784268436,44.8021259828612,93.9564,54220.3285039875,98.2905039744417,2.819,6186.65234375,0.2,22.95,40.8,77.73,81.6465853658537,17.4749435591654,82.5250564408346,32430000.0,37845898.4375,19994000000.0,3.65670128143171,11256000000.0,41247000000.0,Vancouver Island,5.0,0.81,0.86,0.58,0.42,2.55,canada
21868,8,17.0,21.0,13.0,north_america,"Lush rainforests, rugged coastlines, and charming towns create an inviting atmosphere, perfect for outdoor adventures and tranquil moments by the sea.",49.5929495,-125.702557,29.408234935715,100.0,4.56079784268436,44.8021259828612,93.9564,54220.3285039875,98.2905039744417,2.819,6186.65234375,0.2,22.95,40.8,77.73,81.6465853658537,17.4749435591654,82.5250564408346,32430000.0,37845898.4375,19994000000.0,3.65670128143171,11256000000.0,41247000000.0,Vancouver Island,5.0,0.81,0.86,0.58,0.42,2.55,canada
21890,9,14.0,18.0,10.0,north_america,"Lush rainforests, rugged coastlines, and charming towns create an inviting atmosphere, perfect for outdoor adventures and tranquil moments by the sea.",49.5929495,-125.702557,29.408234935715,100.0,4.56079784268436,44.8021259828612,93.9564,54220.3285039875,98.2905039744417,2.819,6186.65234375,0.2,22.95,40.8,77.73,81.6465853658537,17.4749435591654,82.5250564408346,32430000.0,37845898.4375,19994000000.0,3.65670128143171,11256000000.0,41247000000.0,Vancouver Island,5.0,0.81,0.86,0.58,0.42,2.55,canada
21912,1,-2.5,0.4,-5.5,north_america,"Snow-capped peaks and lush forests create a serene escape, where outdoor adventures meet cozy village vibes and crisp mountain air.",50.1171903,-122.9543022,29.408234935715,100.0,4.56079784268436,44.8021259828612,93.9564,54220.3285039875,98.2905039744417,2.819,6186.65234375,0.2,22.95,40.8,77.73,81.6465853658537,17.4749435591654,82.5250564408346,32430000.0,37845898.4375,19994000000.0,3.65670128143171,11256000000.0,41247000000.0,Whistler,0.17,0.02,0.02,0.04,0.04,0.22,canada
21934,10,7.6,11.6,4.4,north_america,"Snow-capped peaks and lush forests create a serene escape, where outdoor adventures meet cozy village vibes and crisp mountain air.",50.1171903,-122.9543022,29.408234935715,100.0,4.56079784268436,44.8021259828612,93.9564,54220.3285039875,98.2905039744417,2.819,6186.65234375,0.2,22.95,40.8,77.73,81.6465853658537,17.4749435591654,82.5250564408346,32430000.0,37845898.4375,19994000000.0,3.65670128143171,11256000000.0,41247000000.0,Whistler,0.17,0.02,0.02,0.04,0.04,0.22,canada
21956,11,1.8,5.1,-1.6,north_america,"Snow-capped peaks and lush forests create a serene escape, where outdoor adventures meet cozy village vibes and crisp mountain air.",50.1171903,-122.9543022,29.408234935715,100.0,4.56079784268436,44.8021259828612,93.9564,54220.3285039875,98.2905039744417,2.819,6186.65234375,0.2,22.95,40.8,77.73,81.6465853658537,17.4749435591654,82.5250564408346,32430000.0,37845898.4375,19994000000.0,3.65670128143171,11256000000.0,41247000000.0,Whistler,0.17,0.02,0.02,0.04,0.04,0.22,canada
21978,12,-1.8,0.9,-2.5,north_america,"Snow-capped peaks and lush forests create a serene escape, where outdoor adventures meet cozy village vibes and crisp mountain air.",50.1171903,-122.9543022,29.408234935715,100.0,4.56079784268436,44.8021259828612,93.9564,54220.3285039875,98.2905039744417,2.819,6186.65234375,0.2,22.95,40.8,77.73,81.6465853658537,17.4749435591654,82.5250564408346,32430000.0,37845898.4375,19994000000.0,3.65670128143171,11256000000.0,41247000000.0,Whistler,0.17,0.02,0.02,0.04,0.04,0.22,canada
22000,2,-1.8,0.8,-7.2,north_america,"Snow-capped peaks and lush forests create a serene escape, where outdoor adventures meet cozy village vibes and crisp mountain air.",50.1171903,-122.9543022,29.408234935715,100.0,4.56079784268436,44.8021259828612,93.9564,54220.3285039875,98.2905039744417,2.819,6186.65234375,0.2,22.95,40.8,77.73,81.6465853658537,17.4749435591654,82.5250564408346,32430000.0,37845898.4375,19994000000.0,3.65670128143171,11256000000.0,41247000000.0,Whistler,0.17,0.02,0.02,0.04,0.04,0.22,canada
22022,3,0.2,3.5,-5.0,north_america,"Snow-capped peaks and lush forests create a serene escape, where outdoor adventures meet cozy village vibes and crisp mountain air.",50.1171903,-122.9543022,29.408234935715,100.0,4.56079784268436,44.8021259828612,93.9564,54220.3285039875,98.2905039744417,2.819,6186.65234375,0.2,22.95,40.8,77.73,81.6465853658537,17.4749435591654,82.5250564408346,32430000.0,37845898.4375,19994000000.0,3.65670128143171,11256000000.0,41247000000.0,Whistler,0.17,0.02,0.02,0.04,0.04,0.22,canada
22044,4,4.6,9.1,-0.6,north_america,"Snow-capped peaks and lush forests create a serene escape, where outdoor adventures meet cozy village vibes and crisp mountain air.",50.1171903,-122.9543022,29.408234935715,100.0,4.56079784268436,44.8021259828612,93.9564,54220.3285039875,98.2905039744417,2.819,6186.65234375,0.2,22.95,40.8,77.73,81.6465853658537,17.4749435591654,82.5250564408346,32430000.0,37845898.4375,19994000000.0,3.65670128143171,11256000000.0,41247000000.0,Whistler,0.17,0.02,0.02,0.04,0.04,0.22,canada
22066,5,9.0,14.4,3.4,north_america,"Snow-capped peaks and lush forests create a serene escape, where outdoor adventures meet cozy village vibes and crisp mountain air.",50.1171903,-122.9543022,29.408234935715,100.0,4.56079784268436,44.8021259828612,93.9564,54220.3285039875,98.2905039744417,2.819,6186.65234375,0.2,22.95,40.8,77.73,81.6465853658537,17.4749435591654,82.5250564408346,32430000.0,37845898.4375,19994000000.0,3.65670128143171,11256000000.0,41247000000.0,Whistler,0.17,0.02,0.02,0.04,0.04,0.22,canada
22088,6,14.1,18.8,9.1,north_america,"Snow-capped peaks and lush forests create a serene escape, where outdoor adventures meet cozy village vibes and crisp mountain air.",50.1171903,-122.9543022,29.408234935715,100.0,4.56079784268436,44.8021259828612,93.9564,54220.3285039875,98.2905039744417,2.819,6186.65234375,0.2,22.95,40.8,77.73,81.6465853658537,17.4749435591654,82.5250564408346,32430000.0,37845898.4375,19994000000.0,3.65670128143171,11256000000.0,41247000000.0,Whistler,0.17,0.02,0.02,0.04,0.04,0.22,canada
22110,7,18.2,23.2,13.0,north_america,"Snow-capped peaks and lush forests create a serene escape, where outdoor adventures meet cozy village vibes and crisp mountain air.",50.1171903,-122.9543022,29.408234935715,100.0,4.56079784268436,44.8021259828612,93.9564,54220.3285039875,98.2905039744417,2.819,6186.65234375,0.2,22.95,40.8,77.73,81.6465853658537,17.4749435591654,82.5250564408346,32430000.0,37845898.4375,19994000000.0,3.65670128143171,11256000000.0,41247000000.0,Whistler,0.17,0.02,0.02,0.04,0.04,0.22,canada
22132,8,17.8,23.3,12.8,north_america,"Snow-capped peaks and lush forests create a serene escape, where outdoor adventures meet cozy village vibes and crisp mountain air.",50.1171903,-122.9543022,29.408234935715,100.0,4.56079784268436,44.8021259828612,93.9564,54220.3285039875,98.2905039744417,2.819,6186.65234375,0.2,22.95,40.8,77.73,81.6465853658537,17.4749435591654,82.5250564408346,32430000.0,37845898.4375,19994000000.0,3.65670128143171,11256000000.0,41247000000.0,Whistler,0.17,0.02,0.02,0.04,0.04,0.22,canada
22154,9,14.5,19.3,9.9,north_america,"Snow-capped peaks and lush forests create a serene escape, where outdoor adventures meet cozy village vibes and crisp mountain air.",50.1171903,-122.9543022,29.408234935715,100.0,4.56079784268436,44.8021259828612,93.9564,54220.3285039875,98.2905039744417,2.819,6186.65234375,0.2,22.95,40.8,77.73,81.6465853658537,17.4749435591654,82.5250564408346,32430000.0,37845898.4375,19994000000.0,3.65670128143171,11256000000.0,41247000000.0,Whistler,0.17,0.02,0.02,0.04,0.04,0.22,canada
